2026-03-05T05:04:24.129+05:30  WARN 34032 --- [client-service] [HikariPool-1:housekeeper] com.zaxxer.hikari.pool.HikariPool        : HikariPool-1 - Thread starvation or clock leap detected (housekeeper delta=8h56m22s131ms144µs500ns).
2026-03-05T10:07:03.084+05:30  WARN 34032 --- [client-service] [HikariPool-1:housekeeper] com.zaxxer.hikari.pool.HikariPool        : HikariPool-1 - Thread starvation or clock leap detected (housekeeper delta=5h2m42s425ms661µs900ns).
2026-03-05T10:11:21.489+05:30  INFO 34032 --- [client-service] [AsyncResolver-bootstrap-executor-%d] c.n.d.s.r.aws.ConfigClusterResolver      : Resolving eureka endpoints via configuration
2026-03-05T10:16:21.493+05:30  INFO 34032 --- [client-service] [AsyncResolver-bootstrap-executor-%d] c.n.d.s.r.aws.ConfigClusterResolver      : Resolving eureka endpoints via configuration
2026-03-05T10:21:21.496+05:30  INFO 34032 --- [client-service] [AsyncResolver-bootstrap-executor-%d] c.n.d.s.r.aws.ConfigClusterResolver      : Resolving eureka endpoints via configuration
2026-03-05T10:26:21.510+05:30  INFO 34032 --- [client-service] [AsyncResolver-bootstrap-executor-%d] c.n.d.s.r.aws.ConfigClusterResolver      : Resolving eureka endpoints via configuration
2026-03-05T10:31:21.538+05:30  INFO 34032 --- [client-service] [AsyncResolver-bootstrap-executor-%d] c.n.d.s.r.aws.ConfigClusterResolver      : Resolving eureka endpoints via configuration
2026-03-05T10:36:21.540+05:30  INFO 34032 --- [client-service] [AsyncResolver-bootstrap-executor-%d] c.n.d.s.r.aws.ConfigClusterResolver      : Resolving eureka endpoints via configuration
2026-03-05T10:41:21.566+05:30  INFO 34032 --- [client-service] [AsyncResolver-bootstrap-executor-%d] c.n.d.s.r.aws.ConfigClusterResolver      : Resolving eureka endpoints via configuration
2026-03-05T10:46:21.572+05:30  INFO 34032 --- [client-service] [AsyncResolver-bootstrap-executor-%d] c.n.d.s.r.aws.ConfigClusterResolver      : Resolving eureka endpoints via configuration
2026-03-05T10:51:21.579+05:30  INFO 34032 --- [client-service] [AsyncResolver-bootstrap-executor-%d] c.n.d.s.r.aws.ConfigClusterResolver      : Resolving eureka endpoints via configuration
2026-03-05T10:56:21.586+05:30  INFO 34032 --- [client-service] [AsyncResolver-bootstrap-executor-%d] c.n.d.s.r.aws.ConfigClusterResolver      : Resolving eureka endpoints via configuration
2026-03-05T11:01:21.592+05:30  INFO 34032 --- [client-service] [AsyncResolver-bootstrap-executor-%d] c.n.d.s.r.aws.ConfigClusterResolver      : Resolving eureka endpoints via configuration
2026-03-05T11:06:21.598+05:30  INFO 34032 --- [client-service] [AsyncResolver-bootstrap-executor-%d] c.n.d.s.r.aws.ConfigClusterResolver      : Resolving eureka endpoints via configuration
2026-03-05T11:57:53.786+05:30  WARN 34032 --- [client-service] [HikariPool-1:housekeeper] com.zaxxer.hikari.pool.HikariPool        : HikariPool-1 - Thread starvation or clock leap detected (housekeeper delta=51m23s10ms195µs500ns).
2026-03-05T12:02:11.460+05:30  INFO 34032 --- [client-service] [AsyncResolver-bootstrap-executor-%d] c.n.d.s.r.aws.ConfigClusterResolver      : Resolving eureka endpoints via configuration
2026-03-05T12:07:11.462+05:30  INFO 34032 --- [client-service] [AsyncResolver-bootstrap-executor-%d] c.n.d.s.r.aws.ConfigClusterResolver      : Resolving eureka endpoints via configuration
2026-03-05T12:12:11.474+05:30  INFO 34032 --- [client-service] [AsyncResolver-bootstrap-executor-%d] c.n.d.s.r.aws.ConfigClusterResolver      : Resolving eureka endpoints via configuration
2026-03-05T12:17:11.489+05:30  INFO 34032 --- [client-service] [AsyncResolver-bootstrap-executor-%d] c.n.d.s.r.aws.ConfigClusterResolver      : Resolving eureka endpoints via configuration
2026-03-05T12:22:11.503+05:30  INFO 34032 --- [client-service] [AsyncResolver-bootstrap-executor-%d] c.n.d.s.r.aws.ConfigClusterResolver      : Resolving eureka endpoints via configuration
2026-03-05T12:27:11.511+05:30  INFO 34032 --- [client-service] [AsyncResolver-bootstrap-executor-%d] c.n.d.s.r.aws.ConfigClusterResolver      : Resolving eureka endpoints via configuration
2026-03-05T12:32:11.525+05:30  INFO 34032 --- [client-service] [AsyncResolver-bootstrap-executor-%d] c.n.d.s.r.aws.ConfigClusterResolver      : Resolving eureka endpoints via configuration
2026-03-05T12:37:11.531+05:30  INFO 34032 --- [client-service] [AsyncResolver-bootstrap-executor-%d] c.n.d.s.r.aws.ConfigClusterResolver      : Resolving eureka endpoints via configuration
2026-03-05T12:42:11.538+05:30  INFO 34032 --- [client-service] [AsyncResolver-bootstrap-executor-%d] c.n.d.s.r.aws.ConfigClusterResolver      : Resolving eureka endpoints via configuration
2026-03-05T12:47:11.551+05:30  INFO 34032 --- [client-service] [AsyncResolver-bootstrap-executor-%d] c.n.d.s.r.aws.ConfigClusterResolver      : Resolving eureka endpoints via configuration
2026-03-05T12:52:11.555+05:30  INFO 34032 --- [client-service] [AsyncResolver-bootstrap-executor-%d] c.n.d.s.r.aws.ConfigClusterResolver      : Resolving eureka endpoints via configuration
2026-03-05T12:57:11.570+05:30  INFO 34032 --- [client-service] [AsyncResolver-bootstrap-executor-%d] c.n.d.s.r.aws.ConfigClusterResolver      : Resolving eureka endpoints via configuration
2026-03-05T13:02:12.851+05:30  INFO 34032 --- [client-service] [AsyncResolver-bootstrap-executor-%d] c.n.d.s.r.aws.ConfigClusterResolver      : Resolving eureka endpoints via configuration
2026-03-05T14:23:18.756+05:30  WARN 34032 --- [client-service] [HikariPool-1:housekeeper] com.zaxxer.hikari.pool.HikariPool        : HikariPool-1 - Thread starvation or clock leap detected (housekeeper delta=1h19m51s925ms993µs800ns).
2026-03-05T14:26:52.470+05:30  INFO 34032 --- [client-service] [AsyncResolver-bootstrap-executor-%d] c.n.d.s.r.aws.ConfigClusterResolver      : Resolving eureka endpoints via configuration
2026-03-05T14:31:52.483+05:30  INFO 34032 --- [client-service] [AsyncResolver-bootstrap-executor-%d] c.n.d.s.r.aws.ConfigClusterResolver      : Resolving eureka endpoints via configuration
2026-03-05T14:36:52.487+05:30  INFO 34032 --- [client-service] [AsyncResolver-bootstrap-executor-%d] c.n.d.s.r.aws.ConfigClusterResolver      : Resolving eureka endpoints via configuration
2026-03-05T14:41:52.519+05:30  INFO 34032 --- [client-service] [AsyncResolver-bootstrap-executor-%d] c.n.d.s.r.aws.ConfigClusterResolver      : Resolving eureka endpoints via configuration
2026-03-05T14:46:52.528+05:30  INFO 34032 --- [client-service] [AsyncResolver-bootstrap-executor-%d] c.n.d.s.r.aws.ConfigClusterResolver      : Resolving eureka endpoints via configuration
2026-03-05T14:51:52.534+05:30  INFO 34032 --- [client-service] [AsyncResolver-bootstrap-executor-%d] c.n.d.s.r.aws.ConfigClusterResolver      : Resolving eureka endpoints via configuration
2026-03-05T14:56:52.544+05:30  INFO 34032 --- [client-service] [AsyncResolver-bootstrap-executor-%d] c.n.d.s.r.aws.ConfigClusterResolver      : Resolving eureka endpoints via configuration
2026-03-05T15:01:52.550+05:30  INFO 34032 --- [client-service] [AsyncResolver-bootstrap-executor-%d] c.n.d.s.r.aws.ConfigClusterResolver      : Resolving eureka endpoints via configuration
2026-03-05T15:05:27.568+05:30  INFO 34032 --- [client-service] [SpringApplicationShutdownHook] o.s.c.n.e.s.EurekaServiceRegistry        : Unregistering application CLIENT-SERVICE with eureka with status DOWN
2026-03-05T15:05:27.570+05:30  INFO 34032 --- [client-service] [SpringApplicationShutdownHook] com.netflix.discovery.DiscoveryClient    : Saw local status change event StatusChangeEvent [timestamp=1772703327570, current=DOWN, previous=UP]
2026-03-05T15:05:27.571+05:30  INFO 34032 --- [client-service] [DiscoveryClient-InstanceInfoReplicator-%d] com.netflix.discovery.DiscoveryClient    : DiscoveryClient_CLIENT-SERVICE/LTIN656690.cts.com:client-service:8081: registering service...
2026-03-05T15:05:27.648+05:30  INFO 34032 --- [client-service] [SpringApplicationShutdownHook] o.s.boot.tomcat.GracefulShutdown         : Commencing graceful shutdown. Waiting for active requests to complete
2026-03-05T15:05:27.691+05:30  INFO 34032 --- [client-service] [tomcat-shutdown] o.s.boot.tomcat.GracefulShutdown         : Graceful shutdown complete
2026-03-05T15:05:27.707+05:30  INFO 34032 --- [client-service] [DiscoveryClient-InstanceInfoReplicator-%d] com.netflix.discovery.DiscoveryClient    : DiscoveryClient_CLIENT-SERVICE/LTIN656690.cts.com:client-service:8081 - registration status: 204
2026-03-05T15:05:27.743+05:30  INFO 34032 --- [client-service] [SpringApplicationShutdownHook] j.LocalContainerEntityManagerFactoryBean : Closing JPA EntityManagerFactory for persistence unit 'default'
2026-03-05T15:05:27.805+05:30  INFO 34032 --- [client-service] [SpringApplicationShutdownHook] com.zaxxer.hikari.HikariDataSource       : HikariPool-1 - Shutdown initiated...
2026-03-05T15:05:27.815+05:30  INFO 34032 --- [client-service] [SpringApplicationShutdownHook] com.zaxxer.hikari.HikariDataSource       : HikariPool-1 - Shutdown completed.
2026-03-05T15:05:27.819+05:30  INFO 34032 --- [client-service] [SpringApplicationShutdownHook] com.netflix.discovery.DiscoveryClient    : Shutting down DiscoveryClient ...
2026-03-05T15:05:30.824+05:30  INFO 34032 --- [client-service] [SpringApplicationShutdownHook] com.netflix.discovery.DiscoveryClient    : Unregistering ...
2026-03-05T15:05:30.860+05:30  INFO 34032 --- [client-service] [SpringApplicationShutdownHook] com.netflix.discovery.DiscoveryClient    : DiscoveryClient_CLIENT-SERVICE/LTIN656690.cts.com:client-service:8081 - deregister  status: 200
2026-03-05T15:05:30.862+05:30  INFO 34032 --- [client-service] [SpringApplicationShutdownHook] com.netflix.discovery.DiscoveryClient    : Completed shut down of DiscoveryClient
2026-03-05T15:05:36.012+05:30  INFO 36720 --- [client-service] [main] c.w.client.ClientServiceApplication      : Starting ClientServiceApplication using Java 25 with PID 36720 (C:\Users\2463681\Downloads\final_Project\Wealth-Wise-Management-Portfoilio-Advisory-System\Backend\client-service\client-service\target\classes started by 2463681 in C:\Users\2463681\Downloads\final_Project\Wealth-Wise-Management-Portfoilio-Advisory-System\Backend)
2026-03-05T15:05:36.017+05:30  INFO 36720 --- [client-service] [main] c.w.client.ClientServiceApplication      : No active profile set, falling back to 1 default profile: "default"
2026-03-05T15:05:37.092+05:30  INFO 36720 --- [client-service] [main] .s.d.r.c.RepositoryConfigurationDelegate : Bootstrapping Spring Data JPA repositories in DEFAULT mode.
2026-03-05T15:05:37.292+05:30  INFO 36720 --- [client-service] [main] .s.d.r.c.RepositoryConfigurationDelegate : Finished Spring Data repository scanning in 173 ms. Found 1 JPA repository interface.
2026-03-05T15:05:37.519+05:30  INFO 36720 --- [client-service] [main] o.s.cloud.context.scope.GenericScope     : BeanFactory id=ec5c0d43-0339-3e3a-a9ea-0dfc89d70fb0
2026-03-05T15:05:38.056+05:30  INFO 36720 --- [client-service] [main] o.s.boot.tomcat.TomcatWebServer          : Tomcat initialized with port 8081 (http)
2026-03-05T15:05:38.073+05:30  INFO 36720 --- [client-service] [main] o.apache.catalina.core.StandardService   : Starting service [Tomcat]
2026-03-05T15:05:38.073+05:30  INFO 36720 --- [client-service] [main] o.apache.catalina.core.StandardEngine    : Starting Servlet engine: [Apache Tomcat/11.0.15]
2026-03-05T15:05:38.180+05:30  INFO 36720 --- [client-service] [main] b.w.c.s.WebApplicationContextInitializer : Root WebApplicationContext: initialization completed in 2095 ms
2026-03-05T15:05:38.485+05:30  INFO 36720 --- [client-service] [main] org.hibernate.orm.jpa                    : HHH008540: Processing PersistenceUnitInfo [name: default]
2026-03-05T15:05:38.595+05:30  INFO 36720 --- [client-service] [main] org.hibernate.orm.core                   : HHH000001: Hibernate ORM core version 7.2.1.Final
2026-03-05T15:05:39.311+05:30  INFO 36720 --- [client-service] [main] o.s.o.j.p.SpringPersistenceUnitInfo      : No LoadTimeWeaver setup: ignoring JPA class transformer
2026-03-05T15:05:39.354+05:30  INFO 36720 --- [client-service] [main] com.zaxxer.hikari.HikariDataSource       : HikariPool-1 - Starting...
2026-03-05T15:05:40.767+05:30  WARN 36720 --- [client-service] [main] org.hibernate.orm.jdbc.error             : HHH000247: ErrorCode: 1045, SQLState: 28000
2026-03-05T15:05:40.768+05:30  WARN 36720 --- [client-service] [main] org.hibernate.orm.jdbc.error             : Access denied for user 'root'@'localhost' (using password: YES)
2026-03-05T15:05:40.769+05:30  WARN 36720 --- [client-service] [main] org.hibernate.orm.jdbc                   : HHH100046: Could not obtain connection to query JDBC database metadata

org.hibernate.exception.AuthException: Unable to obtain isolated JDBC connection [Access denied for user 'root'@'localhost' (using password: YES)] [n/a]
	at org.hibernate.exception.internal.SQLStateConversionDelegate.convert(SQLStateConversionDelegate.java:87) ~[hibernate-core-7.2.1.Final.jar:7.2.1.Final]
	at org.hibernate.exception.internal.StandardSQLExceptionConverter.convert(StandardSQLExceptionConverter.java:34) ~[hibernate-core-7.2.1.Final.jar:7.2.1.Final]
	at org.hibernate.engine.jdbc.spi.SqlExceptionHelper.convert(SqlExceptionHelper.java:115) ~[hibernate-core-7.2.1.Final.jar:7.2.1.Final]
	at org.hibernate.engine.jdbc.spi.SqlExceptionHelper.convert(SqlExceptionHelper.java:101) ~[hibernate-core-7.2.1.Final.jar:7.2.1.Final]
	at org.hibernate.resource.transaction.backend.jdbc.internal.JdbcIsolationDelegate.delegateWork(JdbcIsolationDelegate.java:51) ~[hibernate-core-7.2.1.Final.jar:7.2.1.Final]
	at org.hibernate.engine.jdbc.env.internal.JdbcEnvironmentInitiator.getJdbcEnvironmentUsingJdbcMetadata(JdbcEnvironmentInitiator.java:366) ~[hibernate-core-7.2.1.Final.jar:7.2.1.Final]
	at org.hibernate.engine.jdbc.env.internal.JdbcEnvironmentInitiator.getJdbcEnvironment(JdbcEnvironmentInitiator.java:143) ~[hibernate-core-7.2.1.Final.jar:7.2.1.Final]
	at org.hibernate.engine.jdbc.env.internal.JdbcEnvironmentInitiator.initiateService(JdbcEnvironmentInitiator.java:120) ~[hibernate-core-7.2.1.Final.jar:7.2.1.Final]
	at org.hibernate.engine.jdbc.env.internal.JdbcEnvironmentInitiator.initiateService(JdbcEnvironmentInitiator.java:80) ~[hibernate-core-7.2.1.Final.jar:7.2.1.Final]
	at org.hibernate.boot.registry.internal.StandardServiceRegistryImpl.initiateService(StandardServiceRegistryImpl.java:133) ~[hibernate-core-7.2.1.Final.jar:7.2.1.Final]
	at org.hibernate.service.internal.AbstractServiceRegistryImpl.createService(AbstractServiceRegistryImpl.java:260) ~[hibernate-core-7.2.1.Final.jar:7.2.1.Final]
	at org.hibernate.service.internal.AbstractServiceRegistryImpl.initializeService(AbstractServiceRegistryImpl.java:235) ~[hibernate-core-7.2.1.Final.jar:7.2.1.Final]
	at org.hibernate.service.internal.AbstractServiceRegistryImpl.getService(AbstractServiceRegistryImpl.java:212) ~[hibernate-core-7.2.1.Final.jar:7.2.1.Final]
	at org.hibernate.boot.model.relational.Database.<init>(Database.java:44) ~[hibernate-core-7.2.1.Final.jar:7.2.1.Final]
	at org.hibernate.boot.internal.InFlightMetadataCollectorImpl.getDatabase(InFlightMetadataCollectorImpl.java:251) ~[hibernate-core-7.2.1.Final.jar:7.2.1.Final]
	at org.hibernate.boot.internal.InFlightMetadataCollectorImpl.<init>(InFlightMetadataCollectorImpl.java:203) ~[hibernate-core-7.2.1.Final.jar:7.2.1.Final]
	at org.hibernate.boot.model.process.spi.MetadataBuildingProcess.complete(MetadataBuildingProcess.java:170) ~[hibernate-core-7.2.1.Final.jar:7.2.1.Final]
	at org.hibernate.jpa.boot.internal.EntityManagerFactoryBuilderImpl.metadata(EntityManagerFactoryBuilderImpl.java:1392) ~[hibernate-core-7.2.1.Final.jar:7.2.1.Final]
	at org.hibernate.jpa.boot.internal.EntityManagerFactoryBuilderImpl.populateSessionFactoryBuilder(EntityManagerFactoryBuilderImpl.java:1472) ~[hibernate-core-7.2.1.Final.jar:7.2.1.Final]
	at org.hibernate.jpa.boot.internal.EntityManagerFactoryBuilderImpl.build(EntityManagerFactoryBuilderImpl.java:1454) ~[hibernate-core-7.2.1.Final.jar:7.2.1.Final]
	at org.springframework.orm.jpa.vendor.SpringHibernateJpaPersistenceProvider.createContainerEntityManagerFactory(SpringHibernateJpaPersistenceProvider.java:66) ~[spring-orm-7.0.3.jar:7.0.3]
	at org.springframework.orm.jpa.LocalContainerEntityManagerFactoryBean.createNativeEntityManagerFactory(LocalContainerEntityManagerFactoryBean.java:433) ~[spring-orm-7.0.3.jar:7.0.3]
	at org.springframework.orm.jpa.AbstractEntityManagerFactoryBean.buildNativeEntityManagerFactory(AbstractEntityManagerFactoryBean.java:416) ~[spring-orm-7.0.3.jar:7.0.3]
	at org.springframework.orm.jpa.AbstractEntityManagerFactoryBean.afterPropertiesSet(AbstractEntityManagerFactoryBean.java:396) ~[spring-orm-7.0.3.jar:7.0.3]
	at org.springframework.orm.jpa.LocalContainerEntityManagerFactoryBean.afterPropertiesSet(LocalContainerEntityManagerFactoryBean.java:409) ~[spring-orm-7.0.3.jar:7.0.3]
	at org.springframework.beans.factory.support.AbstractAutowireCapableBeanFactory.invokeInitMethods(AbstractAutowireCapableBeanFactory.java:1864) ~[spring-beans-7.0.3.jar:7.0.3]
	at org.springframework.beans.factory.support.AbstractAutowireCapableBeanFactory.initializeBean(AbstractAutowireCapableBeanFactory.java:1813) ~[spring-beans-7.0.3.jar:7.0.3]
	at org.springframework.beans.factory.support.AbstractAutowireCapableBeanFactory.doCreateBean(AbstractAutowireCapableBeanFactory.java:603) ~[spring-beans-7.0.3.jar:7.0.3]
	at org.springframework.beans.factory.support.AbstractAutowireCapableBeanFactory.createBean(AbstractAutowireCapableBeanFactory.java:525) ~[spring-beans-7.0.3.jar:7.0.3]
	at org.springframework.beans.factory.support.AbstractBeanFactory.lambda$doGetBean$0(AbstractBeanFactory.java:333) ~[spring-beans-7.0.3.jar:7.0.3]
	at org.springframework.beans.factory.support.DefaultSingletonBeanRegistry.getSingleton(DefaultSingletonBeanRegistry.java:371) ~[spring-beans-7.0.3.jar:7.0.3]
	at org.springframework.beans.factory.support.AbstractBeanFactory.doGetBean(AbstractBeanFactory.java:331) ~[spring-beans-7.0.3.jar:7.0.3]
	at org.springframework.beans.factory.support.AbstractBeanFactory.getBean(AbstractBeanFactory.java:201) ~[spring-beans-7.0.3.jar:7.0.3]
	at org.springframework.context.support.AbstractApplicationContext.finishBeanFactoryInitialization(AbstractApplicationContext.java:976) ~[spring-context-7.0.3.jar:7.0.3]
	at org.springframework.context.support.AbstractApplicationContext.refresh(AbstractApplicationContext.java:620) ~[spring-context-7.0.3.jar:7.0.3]
	at org.springframework.boot.web.server.servlet.context.ServletWebServerApplicationContext.refresh(ServletWebServerApplicationContext.java:143) ~[spring-boot-web-server-4.0.2.jar:4.0.2]
	at org.springframework.boot.SpringApplication.refresh(SpringApplication.java:756) ~[spring-boot-4.0.2.jar:4.0.2]
	at org.springframework.boot.SpringApplication.refreshContext(SpringApplication.java:445) ~[spring-boot-4.0.2.jar:4.0.2]
	at org.springframework.boot.SpringApplication.run(SpringApplication.java:321) ~[spring-boot-4.0.2.jar:4.0.2]
	at org.springframework.boot.SpringApplication.run(SpringApplication.java:1365) ~[spring-boot-4.0.2.jar:4.0.2]
	at org.springframework.boot.SpringApplication.run(SpringApplication.java:1354) ~[spring-boot-4.0.2.jar:4.0.2]
	at com.wealth.client.ClientServiceApplication.main(ClientServiceApplication.java:11) ~[classes/:na]
Caused by: java.sql.SQLException: Access denied for user 'root'@'localhost' (using password: YES)
	at com.mysql.cj.jdbc.exceptions.SQLError.createSQLException(SQLError.java:121) ~[mysql-connector-j-9.5.0.jar:9.5.0]
	at com.mysql.cj.jdbc.exceptions.SQLExceptionsMapping.translateException(SQLExceptionsMapping.java:114) ~[mysql-connector-j-9.5.0.jar:9.5.0]
	at com.mysql.cj.jdbc.ConnectionImpl.createNewIO(ConnectionImpl.java:840) ~[mysql-connector-j-9.5.0.jar:9.5.0]
	at com.mysql.cj.jdbc.ConnectionImpl.<init>(ConnectionImpl.java:416) ~[mysql-connector-j-9.5.0.jar:9.5.0]
	at com.mysql.cj.jdbc.ConnectionImpl.getInstance(ConnectionImpl.java:237) ~[mysql-connector-j-9.5.0.jar:9.5.0]
	at com.mysql.cj.jdbc.NonRegisteringDriver.connect(NonRegisteringDriver.java:180) ~[mysql-connector-j-9.5.0.jar:9.5.0]
	at com.zaxxer.hikari.util.DriverDataSource.getConnection(DriverDataSource.java:144) ~[HikariCP-7.0.2.jar:na]
	at com.zaxxer.hikari.pool.PoolBase.newConnection(PoolBase.java:373) ~[HikariCP-7.0.2.jar:na]
	at com.zaxxer.hikari.pool.PoolBase.newPoolEntry(PoolBase.java:210) ~[HikariCP-7.0.2.jar:na]
	at com.zaxxer.hikari.pool.HikariPool.createPoolEntry(HikariPool.java:488) ~[HikariCP-7.0.2.jar:na]
	at com.zaxxer.hikari.pool.HikariPool.checkFailFast(HikariPool.java:576) ~[HikariCP-7.0.2.jar:na]
	at com.zaxxer.hikari.pool.HikariPool.<init>(HikariPool.java:97) ~[HikariCP-7.0.2.jar:na]
	at com.zaxxer.hikari.HikariDataSource.getConnection(HikariDataSource.java:111) ~[HikariCP-7.0.2.jar:na]
	at org.hibernate.engine.jdbc.connections.internal.DataSourceConnectionProvider.getConnection(DataSourceConnectionProvider.java:137) ~[hibernate-core-7.2.1.Final.jar:7.2.1.Final]
	at org.hibernate.engine.jdbc.env.internal.JdbcEnvironmentInitiator$ConnectionProviderJdbcConnectionAccess.obtainConnection(JdbcEnvironmentInitiator.java:508) ~[hibernate-core-7.2.1.Final.jar:7.2.1.Final]
	at org.hibernate.resource.transaction.backend.jdbc.internal.JdbcIsolationDelegate.delegateWork(JdbcIsolationDelegate.java:48) ~[hibernate-core-7.2.1.Final.jar:7.2.1.Final]
	... 37 common frames omitted

2026-03-05T15:05:40.777+05:30 ERROR 36720 --- [client-service] [main] j.LocalContainerEntityManagerFactoryBean : Failed to initialize JPA EntityManagerFactory: Unable to create requested service [org.hibernate.engine.jdbc.env.spi.JdbcEnvironment] due to: Unable to determine Dialect without JDBC metadata (please set 'jakarta.persistence.jdbc.url' for common cases or 'hibernate.dialect' when a custom Dialect implementation must be provided)
2026-03-05T15:05:40.779+05:30  WARN 36720 --- [client-service] [main] ConfigServletWebServerApplicationContext : Exception encountered during context initialization - cancelling refresh attempt: org.springframework.beans.factory.BeanCreationException: Error creating bean with name 'entityManagerFactory' defined in class path resource [org/springframework/boot/hibernate/autoconfigure/HibernateJpaConfiguration.class]: Unable to create requested service [org.hibernate.engine.jdbc.env.spi.JdbcEnvironment] due to: Unable to determine Dialect without JDBC metadata (please set 'jakarta.persistence.jdbc.url' for common cases or 'hibernate.dialect' when a custom Dialect implementation must be provided)
2026-03-05T15:05:40.785+05:30  INFO 36720 --- [client-service] [main] o.apache.catalina.core.StandardService   : Stopping service [Tomcat]
2026-03-05T15:05:40.800+05:30  INFO 36720 --- [client-service] [main] .s.b.a.l.ConditionEvaluationReportLogger : 

Error starting ApplicationContext. To display the condition evaluation report re-run your application with 'debug' enabled.
2026-03-05T15:05:40.824+05:30 ERROR 36720 --- [client-service] [main] o.s.boot.SpringApplication               : Application run failed

org.springframework.beans.factory.BeanCreationException: Error creating bean with name 'entityManagerFactory' defined in class path resource [org/springframework/boot/hibernate/autoconfigure/HibernateJpaConfiguration.class]: Unable to create requested service [org.hibernate.engine.jdbc.env.spi.JdbcEnvironment] due to: Unable to determine Dialect without JDBC metadata (please set 'jakarta.persistence.jdbc.url' for common cases or 'hibernate.dialect' when a custom Dialect implementation must be provided)
	at org.springframework.beans.factory.support.AbstractAutowireCapableBeanFactory.initializeBean(AbstractAutowireCapableBeanFactory.java:1817) ~[spring-beans-7.0.3.jar:7.0.3]
	at org.springframework.beans.factory.support.AbstractAutowireCapableBeanFactory.doCreateBean(AbstractAutowireCapableBeanFactory.java:603) ~[spring-beans-7.0.3.jar:7.0.3]
	at org.springframework.beans.factory.support.AbstractAutowireCapableBeanFactory.createBean(AbstractAutowireCapableBeanFactory.java:525) ~[spring-beans-7.0.3.jar:7.0.3]
	at org.springframework.beans.factory.support.AbstractBeanFactory.lambda$doGetBean$0(AbstractBeanFactory.java:333) ~[spring-beans-7.0.3.jar:7.0.3]
	at org.springframework.beans.factory.support.DefaultSingletonBeanRegistry.getSingleton(DefaultSingletonBeanRegistry.java:371) ~[spring-beans-7.0.3.jar:7.0.3]
	at org.springframework.beans.factory.support.AbstractBeanFactory.doGetBean(AbstractBeanFactory.java:331) ~[spring-beans-7.0.3.jar:7.0.3]
	at org.springframework.beans.factory.support.AbstractBeanFactory.getBean(AbstractBeanFactory.java:201) ~[spring-beans-7.0.3.jar:7.0.3]
	at org.springframework.context.support.AbstractApplicationContext.finishBeanFactoryInitialization(AbstractApplicationContext.java:976) ~[spring-context-7.0.3.jar:7.0.3]
	at org.springframework.context.support.AbstractApplicationContext.refresh(AbstractApplicationContext.java:620) ~[spring-context-7.0.3.jar:7.0.3]
	at org.springframework.boot.web.server.servlet.context.ServletWebServerApplicationContext.refresh(ServletWebServerApplicationContext.java:143) ~[spring-boot-web-server-4.0.2.jar:4.0.2]
	at org.springframework.boot.SpringApplication.refresh(SpringApplication.java:756) ~[spring-boot-4.0.2.jar:4.0.2]
	at org.springframework.boot.SpringApplication.refreshContext(SpringApplication.java:445) ~[spring-boot-4.0.2.jar:4.0.2]
	at org.springframework.boot.SpringApplication.run(SpringApplication.java:321) ~[spring-boot-4.0.2.jar:4.0.2]
	at org.springframework.boot.SpringApplication.run(SpringApplication.java:1365) ~[spring-boot-4.0.2.jar:4.0.2]
	at org.springframework.boot.SpringApplication.run(SpringApplication.java:1354) ~[spring-boot-4.0.2.jar:4.0.2]
	at com.wealth.client.ClientServiceApplication.main(ClientServiceApplication.java:11) ~[classes/:na]
Caused by: org.hibernate.service.spi.ServiceException: Unable to create requested service [org.hibernate.engine.jdbc.env.spi.JdbcEnvironment] due to: Unable to determine Dialect without JDBC metadata (please set 'jakarta.persistence.jdbc.url' for common cases or 'hibernate.dialect' when a custom Dialect implementation must be provided)
	at org.hibernate.service.internal.AbstractServiceRegistryImpl.createService(AbstractServiceRegistryImpl.java:273) ~[hibernate-core-7.2.1.Final.jar:7.2.1.Final]
	at org.hibernate.service.internal.AbstractServiceRegistryImpl.initializeService(AbstractServiceRegistryImpl.java:235) ~[hibernate-core-7.2.1.Final.jar:7.2.1.Final]
	at org.hibernate.service.internal.AbstractServiceRegistryImpl.getService(AbstractServiceRegistryImpl.java:212) ~[hibernate-core-7.2.1.Final.jar:7.2.1.Final]
	at org.hibernate.boot.model.relational.Database.<init>(Database.java:44) ~[hibernate-core-7.2.1.Final.jar:7.2.1.Final]
	at org.hibernate.boot.internal.InFlightMetadataCollectorImpl.getDatabase(InFlightMetadataCollectorImpl.java:251) ~[hibernate-core-7.2.1.Final.jar:7.2.1.Final]
	at org.hibernate.boot.internal.InFlightMetadataCollectorImpl.<init>(InFlightMetadataCollectorImpl.java:203) ~[hibernate-core-7.2.1.Final.jar:7.2.1.Final]
	at org.hibernate.boot.model.process.spi.MetadataBuildingProcess.complete(MetadataBuildingProcess.java:170) ~[hibernate-core-7.2.1.Final.jar:7.2.1.Final]
	at org.hibernate.jpa.boot.internal.EntityManagerFactoryBuilderImpl.metadata(EntityManagerFactoryBuilderImpl.java:1392) ~[hibernate-core-7.2.1.Final.jar:7.2.1.Final]
	at org.hibernate.jpa.boot.internal.EntityManagerFactoryBuilderImpl.populateSessionFactoryBuilder(EntityManagerFactoryBuilderImpl.java:1472) ~[hibernate-core-7.2.1.Final.jar:7.2.1.Final]
	at org.hibernate.jpa.boot.internal.EntityManagerFactoryBuilderImpl.build(EntityManagerFactoryBuilderImpl.java:1454) ~[hibernate-core-7.2.1.Final.jar:7.2.1.Final]
	at org.springframework.orm.jpa.vendor.SpringHibernateJpaPersistenceProvider.createContainerEntityManagerFactory(SpringHibernateJpaPersistenceProvider.java:66) ~[spring-orm-7.0.3.jar:7.0.3]
	at org.springframework.orm.jpa.LocalContainerEntityManagerFactoryBean.createNativeEntityManagerFactory(LocalContainerEntityManagerFactoryBean.java:433) ~[spring-orm-7.0.3.jar:7.0.3]
	at org.springframework.orm.jpa.AbstractEntityManagerFactoryBean.buildNativeEntityManagerFactory(AbstractEntityManagerFactoryBean.java:416) ~[spring-orm-7.0.3.jar:7.0.3]
	at org.springframework.orm.jpa.AbstractEntityManagerFactoryBean.afterPropertiesSet(AbstractEntityManagerFactoryBean.java:396) ~[spring-orm-7.0.3.jar:7.0.3]
	at org.springframework.orm.jpa.LocalContainerEntityManagerFactoryBean.afterPropertiesSet(LocalContainerEntityManagerFactoryBean.java:409) ~[spring-orm-7.0.3.jar:7.0.3]
	at org.springframework.beans.factory.support.AbstractAutowireCapableBeanFactory.invokeInitMethods(AbstractAutowireCapableBeanFactory.java:1864) ~[spring-beans-7.0.3.jar:7.0.3]
	at org.springframework.beans.factory.support.AbstractAutowireCapableBeanFactory.initializeBean(AbstractAutowireCapableBeanFactory.java:1813) ~[spring-beans-7.0.3.jar:7.0.3]
	... 15 common frames omitted
Caused by: org.hibernate.HibernateException: Unable to determine Dialect without JDBC metadata (please set 'jakarta.persistence.jdbc.url' for common cases or 'hibernate.dialect' when a custom Dialect implementation must be provided)
	at org.hibernate.engine.jdbc.dialect.internal.DialectFactoryImpl.determineDialect(DialectFactoryImpl.java:190) ~[hibernate-core-7.2.1.Final.jar:7.2.1.Final]
	at org.hibernate.engine.jdbc.dialect.internal.DialectFactoryImpl.buildDialect(DialectFactoryImpl.java:86) ~[hibernate-core-7.2.1.Final.jar:7.2.1.Final]
	at org.hibernate.engine.jdbc.env.internal.JdbcEnvironmentInitiator.getJdbcEnvironmentWithDefaults(JdbcEnvironmentInitiator.java:200) ~[hibernate-core-7.2.1.Final.jar:7.2.1.Final]
	at org.hibernate.engine.jdbc.env.internal.JdbcEnvironmentInitiator.getJdbcEnvironmentUsingJdbcMetadata(JdbcEnvironmentInitiator.java:452) ~[hibernate-core-7.2.1.Final.jar:7.2.1.Final]
	at org.hibernate.engine.jdbc.env.internal.JdbcEnvironmentInitiator.getJdbcEnvironment(JdbcEnvironmentInitiator.java:143) ~[hibernate-core-7.2.1.Final.jar:7.2.1.Final]
	at org.hibernate.engine.jdbc.env.internal.JdbcEnvironmentInitiator.initiateService(JdbcEnvironmentInitiator.java:120) ~[hibernate-core-7.2.1.Final.jar:7.2.1.Final]
	at org.hibernate.engine.jdbc.env.internal.JdbcEnvironmentInitiator.initiateService(JdbcEnvironmentInitiator.java:80) ~[hibernate-core-7.2.1.Final.jar:7.2.1.Final]
	at org.hibernate.boot.registry.internal.StandardServiceRegistryImpl.initiateService(StandardServiceRegistryImpl.java:133) ~[hibernate-core-7.2.1.Final.jar:7.2.1.Final]
	at org.hibernate.service.internal.AbstractServiceRegistryImpl.createService(AbstractServiceRegistryImpl.java:260) ~[hibernate-core-7.2.1.Final.jar:7.2.1.Final]
	... 31 common frames omitted

2026-03-05T15:06:06.018+05:30  INFO 9424 --- [client-service] [main] c.w.client.ClientServiceApplication      : Starting ClientServiceApplication using Java 25 with PID 9424 (C:\Users\2463681\Downloads\final_Project\Wealth-Wise-Management-Portfoilio-Advisory-System\Backend\client-service\client-service\target\classes started by 2463681 in C:\Users\2463681\Downloads\final_Project\Wealth-Wise-Management-Portfoilio-Advisory-System\Backend)
2026-03-05T15:06:06.022+05:30  INFO 9424 --- [client-service] [main] c.w.client.ClientServiceApplication      : No active profile set, falling back to 1 default profile: "default"
2026-03-05T15:06:07.081+05:30  INFO 9424 --- [client-service] [main] .s.d.r.c.RepositoryConfigurationDelegate : Bootstrapping Spring Data JPA repositories in DEFAULT mode.
2026-03-05T15:06:07.263+05:30  INFO 9424 --- [client-service] [main] .s.d.r.c.RepositoryConfigurationDelegate : Finished Spring Data repository scanning in 152 ms. Found 1 JPA repository interface.
2026-03-05T15:06:07.477+05:30  INFO 9424 --- [client-service] [main] o.s.cloud.context.scope.GenericScope     : BeanFactory id=ec5c0d43-0339-3e3a-a9ea-0dfc89d70fb0
2026-03-05T15:06:08.001+05:30  INFO 9424 --- [client-service] [main] o.s.boot.tomcat.TomcatWebServer          : Tomcat initialized with port 8081 (http)
2026-03-05T15:06:08.014+05:30  INFO 9424 --- [client-service] [main] o.apache.catalina.core.StandardService   : Starting service [Tomcat]
2026-03-05T15:06:08.014+05:30  INFO 9424 --- [client-service] [main] o.apache.catalina.core.StandardEngine    : Starting Servlet engine: [Apache Tomcat/11.0.15]
2026-03-05T15:06:08.097+05:30  INFO 9424 --- [client-service] [main] b.w.c.s.WebApplicationContextInitializer : Root WebApplicationContext: initialization completed in 2022 ms
2026-03-05T15:06:08.331+05:30  INFO 9424 --- [client-service] [main] org.hibernate.orm.jpa                    : HHH008540: Processing PersistenceUnitInfo [name: default]
2026-03-05T15:06:08.406+05:30  INFO 9424 --- [client-service] [main] org.hibernate.orm.core                   : HHH000001: Hibernate ORM core version 7.2.1.Final
2026-03-05T15:06:09.086+05:30  INFO 9424 --- [client-service] [main] o.s.o.j.p.SpringPersistenceUnitInfo      : No LoadTimeWeaver setup: ignoring JPA class transformer
2026-03-05T15:06:09.118+05:30  INFO 9424 --- [client-service] [main] com.zaxxer.hikari.HikariDataSource       : HikariPool-1 - Starting...
2026-03-05T15:06:10.432+05:30  WARN 9424 --- [client-service] [main] org.hibernate.orm.jdbc.error             : HHH000247: ErrorCode: 1045, SQLState: 28000
2026-03-05T15:06:10.432+05:30  WARN 9424 --- [client-service] [main] org.hibernate.orm.jdbc.error             : Access denied for user 'root'@'localhost' (using password: YES)
2026-03-05T15:06:10.433+05:30  WARN 9424 --- [client-service] [main] org.hibernate.orm.jdbc                   : HHH100046: Could not obtain connection to query JDBC database metadata

org.hibernate.exception.AuthException: Unable to obtain isolated JDBC connection [Access denied for user 'root'@'localhost' (using password: YES)] [n/a]
	at org.hibernate.exception.internal.SQLStateConversionDelegate.convert(SQLStateConversionDelegate.java:87) ~[hibernate-core-7.2.1.Final.jar:7.2.1.Final]
	at org.hibernate.exception.internal.StandardSQLExceptionConverter.convert(StandardSQLExceptionConverter.java:34) ~[hibernate-core-7.2.1.Final.jar:7.2.1.Final]
	at org.hibernate.engine.jdbc.spi.SqlExceptionHelper.convert(SqlExceptionHelper.java:115) ~[hibernate-core-7.2.1.Final.jar:7.2.1.Final]
	at org.hibernate.engine.jdbc.spi.SqlExceptionHelper.convert(SqlExceptionHelper.java:101) ~[hibernate-core-7.2.1.Final.jar:7.2.1.Final]
	at org.hibernate.resource.transaction.backend.jdbc.internal.JdbcIsolationDelegate.delegateWork(JdbcIsolationDelegate.java:51) ~[hibernate-core-7.2.1.Final.jar:7.2.1.Final]
	at org.hibernate.engine.jdbc.env.internal.JdbcEnvironmentInitiator.getJdbcEnvironmentUsingJdbcMetadata(JdbcEnvironmentInitiator.java:366) ~[hibernate-core-7.2.1.Final.jar:7.2.1.Final]
	at org.hibernate.engine.jdbc.env.internal.JdbcEnvironmentInitiator.getJdbcEnvironment(JdbcEnvironmentInitiator.java:143) ~[hibernate-core-7.2.1.Final.jar:7.2.1.Final]
	at org.hibernate.engine.jdbc.env.internal.JdbcEnvironmentInitiator.initiateService(JdbcEnvironmentInitiator.java:120) ~[hibernate-core-7.2.1.Final.jar:7.2.1.Final]
	at org.hibernate.engine.jdbc.env.internal.JdbcEnvironmentInitiator.initiateService(JdbcEnvironmentInitiator.java:80) ~[hibernate-core-7.2.1.Final.jar:7.2.1.Final]
	at org.hibernate.boot.registry.internal.StandardServiceRegistryImpl.initiateService(StandardServiceRegistryImpl.java:133) ~[hibernate-core-7.2.1.Final.jar:7.2.1.Final]
	at org.hibernate.service.internal.AbstractServiceRegistryImpl.createService(AbstractServiceRegistryImpl.java:260) ~[hibernate-core-7.2.1.Final.jar:7.2.1.Final]
	at org.hibernate.service.internal.AbstractServiceRegistryImpl.initializeService(AbstractServiceRegistryImpl.java:235) ~[hibernate-core-7.2.1.Final.jar:7.2.1.Final]
	at org.hibernate.service.internal.AbstractServiceRegistryImpl.getService(AbstractServiceRegistryImpl.java:212) ~[hibernate-core-7.2.1.Final.jar:7.2.1.Final]
	at org.hibernate.boot.model.relational.Database.<init>(Database.java:44) ~[hibernate-core-7.2.1.Final.jar:7.2.1.Final]
	at org.hibernate.boot.internal.InFlightMetadataCollectorImpl.getDatabase(InFlightMetadataCollectorImpl.java:251) ~[hibernate-core-7.2.1.Final.jar:7.2.1.Final]
	at org.hibernate.boot.internal.InFlightMetadataCollectorImpl.<init>(InFlightMetadataCollectorImpl.java:203) ~[hibernate-core-7.2.1.Final.jar:7.2.1.Final]
	at org.hibernate.boot.model.process.spi.MetadataBuildingProcess.complete(MetadataBuildingProcess.java:170) ~[hibernate-core-7.2.1.Final.jar:7.2.1.Final]
	at org.hibernate.jpa.boot.internal.EntityManagerFactoryBuilderImpl.metadata(EntityManagerFactoryBuilderImpl.java:1392) ~[hibernate-core-7.2.1.Final.jar:7.2.1.Final]
	at org.hibernate.jpa.boot.internal.EntityManagerFactoryBuilderImpl.populateSessionFactoryBuilder(EntityManagerFactoryBuilderImpl.java:1472) ~[hibernate-core-7.2.1.Final.jar:7.2.1.Final]
	at org.hibernate.jpa.boot.internal.EntityManagerFactoryBuilderImpl.build(EntityManagerFactoryBuilderImpl.java:1454) ~[hibernate-core-7.2.1.Final.jar:7.2.1.Final]
	at org.springframework.orm.jpa.vendor.SpringHibernateJpaPersistenceProvider.createContainerEntityManagerFactory(SpringHibernateJpaPersistenceProvider.java:66) ~[spring-orm-7.0.3.jar:7.0.3]
	at org.springframework.orm.jpa.LocalContainerEntityManagerFactoryBean.createNativeEntityManagerFactory(LocalContainerEntityManagerFactoryBean.java:433) ~[spring-orm-7.0.3.jar:7.0.3]
	at org.springframework.orm.jpa.AbstractEntityManagerFactoryBean.buildNativeEntityManagerFactory(AbstractEntityManagerFactoryBean.java:416) ~[spring-orm-7.0.3.jar:7.0.3]
	at org.springframework.orm.jpa.AbstractEntityManagerFactoryBean.afterPropertiesSet(AbstractEntityManagerFactoryBean.java:396) ~[spring-orm-7.0.3.jar:7.0.3]
	at org.springframework.orm.jpa.LocalContainerEntityManagerFactoryBean.afterPropertiesSet(LocalContainerEntityManagerFactoryBean.java:409) ~[spring-orm-7.0.3.jar:7.0.3]
	at org.springframework.beans.factory.support.AbstractAutowireCapableBeanFactory.invokeInitMethods(AbstractAutowireCapableBeanFactory.java:1864) ~[spring-beans-7.0.3.jar:7.0.3]
	at org.springframework.beans.factory.support.AbstractAutowireCapableBeanFactory.initializeBean(AbstractAutowireCapableBeanFactory.java:1813) ~[spring-beans-7.0.3.jar:7.0.3]
	at org.springframework.beans.factory.support.AbstractAutowireCapableBeanFactory.doCreateBean(AbstractAutowireCapableBeanFactory.java:603) ~[spring-beans-7.0.3.jar:7.0.3]
	at org.springframework.beans.factory.support.AbstractAutowireCapableBeanFactory.createBean(AbstractAutowireCapableBeanFactory.java:525) ~[spring-beans-7.0.3.jar:7.0.3]
	at org.springframework.beans.factory.support.AbstractBeanFactory.lambda$doGetBean$0(AbstractBeanFactory.java:333) ~[spring-beans-7.0.3.jar:7.0.3]
	at org.springframework.beans.factory.support.DefaultSingletonBeanRegistry.getSingleton(DefaultSingletonBeanRegistry.java:371) ~[spring-beans-7.0.3.jar:7.0.3]
	at org.springframework.beans.factory.support.AbstractBeanFactory.doGetBean(AbstractBeanFactory.java:331) ~[spring-beans-7.0.3.jar:7.0.3]
	at org.springframework.beans.factory.support.AbstractBeanFactory.getBean(AbstractBeanFactory.java:201) ~[spring-beans-7.0.3.jar:7.0.3]
	at org.springframework.context.support.AbstractApplicationContext.finishBeanFactoryInitialization(AbstractApplicationContext.java:976) ~[spring-context-7.0.3.jar:7.0.3]
	at org.springframework.context.support.AbstractApplicationContext.refresh(AbstractApplicationContext.java:620) ~[spring-context-7.0.3.jar:7.0.3]
	at org.springframework.boot.web.server.servlet.context.ServletWebServerApplicationContext.refresh(ServletWebServerApplicationContext.java:143) ~[spring-boot-web-server-4.0.2.jar:4.0.2]
	at org.springframework.boot.SpringApplication.refresh(SpringApplication.java:756) ~[spring-boot-4.0.2.jar:4.0.2]
	at org.springframework.boot.SpringApplication.refreshContext(SpringApplication.java:445) ~[spring-boot-4.0.2.jar:4.0.2]
	at org.springframework.boot.SpringApplication.run(SpringApplication.java:321) ~[spring-boot-4.0.2.jar:4.0.2]
	at org.springframework.boot.SpringApplication.run(SpringApplication.java:1365) ~[spring-boot-4.0.2.jar:4.0.2]
	at org.springframework.boot.SpringApplication.run(SpringApplication.java:1354) ~[spring-boot-4.0.2.jar:4.0.2]
	at com.wealth.client.ClientServiceApplication.main(ClientServiceApplication.java:11) ~[classes/:na]
Caused by: java.sql.SQLException: Access denied for user 'root'@'localhost' (using password: YES)
	at com.mysql.cj.jdbc.exceptions.SQLError.createSQLException(SQLError.java:121) ~[mysql-connector-j-9.5.0.jar:9.5.0]
	at com.mysql.cj.jdbc.exceptions.SQLExceptionsMapping.translateException(SQLExceptionsMapping.java:114) ~[mysql-connector-j-9.5.0.jar:9.5.0]
	at com.mysql.cj.jdbc.ConnectionImpl.createNewIO(ConnectionImpl.java:840) ~[mysql-connector-j-9.5.0.jar:9.5.0]
	at com.mysql.cj.jdbc.ConnectionImpl.<init>(ConnectionImpl.java:416) ~[mysql-connector-j-9.5.0.jar:9.5.0]
	at com.mysql.cj.jdbc.ConnectionImpl.getInstance(ConnectionImpl.java:237) ~[mysql-connector-j-9.5.0.jar:9.5.0]
	at com.mysql.cj.jdbc.NonRegisteringDriver.connect(NonRegisteringDriver.java:180) ~[mysql-connector-j-9.5.0.jar:9.5.0]
	at com.zaxxer.hikari.util.DriverDataSource.getConnection(DriverDataSource.java:144) ~[HikariCP-7.0.2.jar:na]
	at com.zaxxer.hikari.pool.PoolBase.newConnection(PoolBase.java:373) ~[HikariCP-7.0.2.jar:na]
	at com.zaxxer.hikari.pool.PoolBase.newPoolEntry(PoolBase.java:210) ~[HikariCP-7.0.2.jar:na]
	at com.zaxxer.hikari.pool.HikariPool.createPoolEntry(HikariPool.java:488) ~[HikariCP-7.0.2.jar:na]
	at com.zaxxer.hikari.pool.HikariPool.checkFailFast(HikariPool.java:576) ~[HikariCP-7.0.2.jar:na]
	at com.zaxxer.hikari.pool.HikariPool.<init>(HikariPool.java:97) ~[HikariCP-7.0.2.jar:na]
	at com.zaxxer.hikari.HikariDataSource.getConnection(HikariDataSource.java:111) ~[HikariCP-7.0.2.jar:na]
	at org.hibernate.engine.jdbc.connections.internal.DataSourceConnectionProvider.getConnection(DataSourceConnectionProvider.java:137) ~[hibernate-core-7.2.1.Final.jar:7.2.1.Final]
	at org.hibernate.engine.jdbc.env.internal.JdbcEnvironmentInitiator$ConnectionProviderJdbcConnectionAccess.obtainConnection(JdbcEnvironmentInitiator.java:508) ~[hibernate-core-7.2.1.Final.jar:7.2.1.Final]
	at org.hibernate.resource.transaction.backend.jdbc.internal.JdbcIsolationDelegate.delegateWork(JdbcIsolationDelegate.java:48) ~[hibernate-core-7.2.1.Final.jar:7.2.1.Final]
	... 37 common frames omitted

2026-03-05T15:06:10.439+05:30 ERROR 9424 --- [client-service] [main] j.LocalContainerEntityManagerFactoryBean : Failed to initialize JPA EntityManagerFactory: Unable to create requested service [org.hibernate.engine.jdbc.env.spi.JdbcEnvironment] due to: Unable to determine Dialect without JDBC metadata (please set 'jakarta.persistence.jdbc.url' for common cases or 'hibernate.dialect' when a custom Dialect implementation must be provided)
2026-03-05T15:06:10.439+05:30  WARN 9424 --- [client-service] [main] ConfigServletWebServerApplicationContext : Exception encountered during context initialization - cancelling refresh attempt: org.springframework.beans.factory.BeanCreationException: Error creating bean with name 'entityManagerFactory' defined in class path resource [org/springframework/boot/hibernate/autoconfigure/HibernateJpaConfiguration.class]: Unable to create requested service [org.hibernate.engine.jdbc.env.spi.JdbcEnvironment] due to: Unable to determine Dialect without JDBC metadata (please set 'jakarta.persistence.jdbc.url' for common cases or 'hibernate.dialect' when a custom Dialect implementation must be provided)
2026-03-05T15:06:10.443+05:30  INFO 9424 --- [client-service] [main] o.apache.catalina.core.StandardService   : Stopping service [Tomcat]
2026-03-05T15:06:10.455+05:30  INFO 9424 --- [client-service] [main] .s.b.a.l.ConditionEvaluationReportLogger : 

Error starting ApplicationContext. To display the condition evaluation report re-run your application with 'debug' enabled.
2026-03-05T15:06:10.473+05:30 ERROR 9424 --- [client-service] [main] o.s.boot.SpringApplication               : Application run failed

org.springframework.beans.factory.BeanCreationException: Error creating bean with name 'entityManagerFactory' defined in class path resource [org/springframework/boot/hibernate/autoconfigure/HibernateJpaConfiguration.class]: Unable to create requested service [org.hibernate.engine.jdbc.env.spi.JdbcEnvironment] due to: Unable to determine Dialect without JDBC metadata (please set 'jakarta.persistence.jdbc.url' for common cases or 'hibernate.dialect' when a custom Dialect implementation must be provided)
	at org.springframework.beans.factory.support.AbstractAutowireCapableBeanFactory.initializeBean(AbstractAutowireCapableBeanFactory.java:1817) ~[spring-beans-7.0.3.jar:7.0.3]
	at org.springframework.beans.factory.support.AbstractAutowireCapableBeanFactory.doCreateBean(AbstractAutowireCapableBeanFactory.java:603) ~[spring-beans-7.0.3.jar:7.0.3]
	at org.springframework.beans.factory.support.AbstractAutowireCapableBeanFactory.createBean(AbstractAutowireCapableBeanFactory.java:525) ~[spring-beans-7.0.3.jar:7.0.3]
	at org.springframework.beans.factory.support.AbstractBeanFactory.lambda$doGetBean$0(AbstractBeanFactory.java:333) ~[spring-beans-7.0.3.jar:7.0.3]
	at org.springframework.beans.factory.support.DefaultSingletonBeanRegistry.getSingleton(DefaultSingletonBeanRegistry.java:371) ~[spring-beans-7.0.3.jar:7.0.3]
	at org.springframework.beans.factory.support.AbstractBeanFactory.doGetBean(AbstractBeanFactory.java:331) ~[spring-beans-7.0.3.jar:7.0.3]
	at org.springframework.beans.factory.support.AbstractBeanFactory.getBean(AbstractBeanFactory.java:201) ~[spring-beans-7.0.3.jar:7.0.3]
	at org.springframework.context.support.AbstractApplicationContext.finishBeanFactoryInitialization(AbstractApplicationContext.java:976) ~[spring-context-7.0.3.jar:7.0.3]
	at org.springframework.context.support.AbstractApplicationContext.refresh(AbstractApplicationContext.java:620) ~[spring-context-7.0.3.jar:7.0.3]
	at org.springframework.boot.web.server.servlet.context.ServletWebServerApplicationContext.refresh(ServletWebServerApplicationContext.java:143) ~[spring-boot-web-server-4.0.2.jar:4.0.2]
	at org.springframework.boot.SpringApplication.refresh(SpringApplication.java:756) ~[spring-boot-4.0.2.jar:4.0.2]
	at org.springframework.boot.SpringApplication.refreshContext(SpringApplication.java:445) ~[spring-boot-4.0.2.jar:4.0.2]
	at org.springframework.boot.SpringApplication.run(SpringApplication.java:321) ~[spring-boot-4.0.2.jar:4.0.2]
	at org.springframework.boot.SpringApplication.run(SpringApplication.java:1365) ~[spring-boot-4.0.2.jar:4.0.2]
	at org.springframework.boot.SpringApplication.run(SpringApplication.java:1354) ~[spring-boot-4.0.2.jar:4.0.2]
	at com.wealth.client.ClientServiceApplication.main(ClientServiceApplication.java:11) ~[classes/:na]
Caused by: org.hibernate.service.spi.ServiceException: Unable to create requested service [org.hibernate.engine.jdbc.env.spi.JdbcEnvironment] due to: Unable to determine Dialect without JDBC metadata (please set 'jakarta.persistence.jdbc.url' for common cases or 'hibernate.dialect' when a custom Dialect implementation must be provided)
	at org.hibernate.service.internal.AbstractServiceRegistryImpl.createService(AbstractServiceRegistryImpl.java:273) ~[hibernate-core-7.2.1.Final.jar:7.2.1.Final]
	at org.hibernate.service.internal.AbstractServiceRegistryImpl.initializeService(AbstractServiceRegistryImpl.java:235) ~[hibernate-core-7.2.1.Final.jar:7.2.1.Final]
	at org.hibernate.service.internal.AbstractServiceRegistryImpl.getService(AbstractServiceRegistryImpl.java:212) ~[hibernate-core-7.2.1.Final.jar:7.2.1.Final]
	at org.hibernate.boot.model.relational.Database.<init>(Database.java:44) ~[hibernate-core-7.2.1.Final.jar:7.2.1.Final]
	at org.hibernate.boot.internal.InFlightMetadataCollectorImpl.getDatabase(InFlightMetadataCollectorImpl.java:251) ~[hibernate-core-7.2.1.Final.jar:7.2.1.Final]
	at org.hibernate.boot.internal.InFlightMetadataCollectorImpl.<init>(InFlightMetadataCollectorImpl.java:203) ~[hibernate-core-7.2.1.Final.jar:7.2.1.Final]
	at org.hibernate.boot.model.process.spi.MetadataBuildingProcess.complete(MetadataBuildingProcess.java:170) ~[hibernate-core-7.2.1.Final.jar:7.2.1.Final]
	at org.hibernate.jpa.boot.internal.EntityManagerFactoryBuilderImpl.metadata(EntityManagerFactoryBuilderImpl.java:1392) ~[hibernate-core-7.2.1.Final.jar:7.2.1.Final]
	at org.hibernate.jpa.boot.internal.EntityManagerFactoryBuilderImpl.populateSessionFactoryBuilder(EntityManagerFactoryBuilderImpl.java:1472) ~[hibernate-core-7.2.1.Final.jar:7.2.1.Final]
	at org.hibernate.jpa.boot.internal.EntityManagerFactoryBuilderImpl.build(EntityManagerFactoryBuilderImpl.java:1454) ~[hibernate-core-7.2.1.Final.jar:7.2.1.Final]
	at org.springframework.orm.jpa.vendor.SpringHibernateJpaPersistenceProvider.createContainerEntityManagerFactory(SpringHibernateJpaPersistenceProvider.java:66) ~[spring-orm-7.0.3.jar:7.0.3]
	at org.springframework.orm.jpa.LocalContainerEntityManagerFactoryBean.createNativeEntityManagerFactory(LocalContainerEntityManagerFactoryBean.java:433) ~[spring-orm-7.0.3.jar:7.0.3]
	at org.springframework.orm.jpa.AbstractEntityManagerFactoryBean.buildNativeEntityManagerFactory(AbstractEntityManagerFactoryBean.java:416) ~[spring-orm-7.0.3.jar:7.0.3]
	at org.springframework.orm.jpa.AbstractEntityManagerFactoryBean.afterPropertiesSet(AbstractEntityManagerFactoryBean.java:396) ~[spring-orm-7.0.3.jar:7.0.3]
	at org.springframework.orm.jpa.LocalContainerEntityManagerFactoryBean.afterPropertiesSet(LocalContainerEntityManagerFactoryBean.java:409) ~[spring-orm-7.0.3.jar:7.0.3]
	at org.springframework.beans.factory.support.AbstractAutowireCapableBeanFactory.invokeInitMethods(AbstractAutowireCapableBeanFactory.java:1864) ~[spring-beans-7.0.3.jar:7.0.3]
	at org.springframework.beans.factory.support.AbstractAutowireCapableBeanFactory.initializeBean(AbstractAutowireCapableBeanFactory.java:1813) ~[spring-beans-7.0.3.jar:7.0.3]
	... 15 common frames omitted
Caused by: org.hibernate.HibernateException: Unable to determine Dialect without JDBC metadata (please set 'jakarta.persistence.jdbc.url' for common cases or 'hibernate.dialect' when a custom Dialect implementation must be provided)
	at org.hibernate.engine.jdbc.dialect.internal.DialectFactoryImpl.determineDialect(DialectFactoryImpl.java:190) ~[hibernate-core-7.2.1.Final.jar:7.2.1.Final]
	at org.hibernate.engine.jdbc.dialect.internal.DialectFactoryImpl.buildDialect(DialectFactoryImpl.java:86) ~[hibernate-core-7.2.1.Final.jar:7.2.1.Final]
	at org.hibernate.engine.jdbc.env.internal.JdbcEnvironmentInitiator.getJdbcEnvironmentWithDefaults(JdbcEnvironmentInitiator.java:200) ~[hibernate-core-7.2.1.Final.jar:7.2.1.Final]
	at org.hibernate.engine.jdbc.env.internal.JdbcEnvironmentInitiator.getJdbcEnvironmentUsingJdbcMetadata(JdbcEnvironmentInitiator.java:452) ~[hibernate-core-7.2.1.Final.jar:7.2.1.Final]
	at org.hibernate.engine.jdbc.env.internal.JdbcEnvironmentInitiator.getJdbcEnvironment(JdbcEnvironmentInitiator.java:143) ~[hibernate-core-7.2.1.Final.jar:7.2.1.Final]
	at org.hibernate.engine.jdbc.env.internal.JdbcEnvironmentInitiator.initiateService(JdbcEnvironmentInitiator.java:120) ~[hibernate-core-7.2.1.Final.jar:7.2.1.Final]
	at org.hibernate.engine.jdbc.env.internal.JdbcEnvironmentInitiator.initiateService(JdbcEnvironmentInitiator.java:80) ~[hibernate-core-7.2.1.Final.jar:7.2.1.Final]
	at org.hibernate.boot.registry.internal.StandardServiceRegistryImpl.initiateService(StandardServiceRegistryImpl.java:133) ~[hibernate-core-7.2.1.Final.jar:7.2.1.Final]
	at org.hibernate.service.internal.AbstractServiceRegistryImpl.createService(AbstractServiceRegistryImpl.java:260) ~[hibernate-core-7.2.1.Final.jar:7.2.1.Final]
	... 31 common frames omitted

2026-03-05T15:07:25.006+05:30  INFO 32424 --- [client-service] [main] c.w.client.ClientServiceApplication      : Starting ClientServiceApplication using Java 25 with PID 32424 (C:\Users\2463681\Downloads\final_Project\Wealth-Wise-Management-Portfoilio-Advisory-System\Backend\client-service\client-service\target\classes started by 2463681 in C:\Users\2463681\Downloads\final_Project\Wealth-Wise-Management-Portfoilio-Advisory-System\Backend)
2026-03-05T15:07:25.011+05:30  INFO 32424 --- [client-service] [main] c.w.client.ClientServiceApplication      : No active profile set, falling back to 1 default profile: "default"
2026-03-05T15:07:26.122+05:30  INFO 32424 --- [client-service] [main] .s.d.r.c.RepositoryConfigurationDelegate : Bootstrapping Spring Data JPA repositories in DEFAULT mode.
2026-03-05T15:07:26.320+05:30  INFO 32424 --- [client-service] [main] .s.d.r.c.RepositoryConfigurationDelegate : Finished Spring Data repository scanning in 181 ms. Found 1 JPA repository interface.
2026-03-05T15:07:26.538+05:30  INFO 32424 --- [client-service] [main] o.s.cloud.context.scope.GenericScope     : BeanFactory id=ec5c0d43-0339-3e3a-a9ea-0dfc89d70fb0
2026-03-05T15:07:27.120+05:30  INFO 32424 --- [client-service] [main] o.s.boot.tomcat.TomcatWebServer          : Tomcat initialized with port 8081 (http)
2026-03-05T15:07:27.142+05:30  INFO 32424 --- [client-service] [main] o.apache.catalina.core.StandardService   : Starting service [Tomcat]
2026-03-05T15:07:27.143+05:30  INFO 32424 --- [client-service] [main] o.apache.catalina.core.StandardEngine    : Starting Servlet engine: [Apache Tomcat/11.0.15]
2026-03-05T15:07:27.271+05:30  INFO 32424 --- [client-service] [main] b.w.c.s.WebApplicationContextInitializer : Root WebApplicationContext: initialization completed in 2191 ms
2026-03-05T15:07:27.537+05:30  INFO 32424 --- [client-service] [main] org.hibernate.orm.jpa                    : HHH008540: Processing PersistenceUnitInfo [name: default]
2026-03-05T15:07:27.624+05:30  INFO 32424 --- [client-service] [main] org.hibernate.orm.core                   : HHH000001: Hibernate ORM core version 7.2.1.Final
2026-03-05T15:07:28.242+05:30  INFO 32424 --- [client-service] [main] o.s.o.j.p.SpringPersistenceUnitInfo      : No LoadTimeWeaver setup: ignoring JPA class transformer
2026-03-05T15:07:28.296+05:30  INFO 32424 --- [client-service] [main] com.zaxxer.hikari.HikariDataSource       : HikariPool-1 - Starting...
2026-03-05T15:07:29.645+05:30  WARN 32424 --- [client-service] [main] org.hibernate.orm.jdbc.error             : HHH000247: ErrorCode: 1045, SQLState: 28000
2026-03-05T15:07:29.645+05:30  WARN 32424 --- [client-service] [main] org.hibernate.orm.jdbc.error             : Access denied for user 'root'@'localhost' (using password: YES)
2026-03-05T15:07:29.646+05:30  WARN 32424 --- [client-service] [main] org.hibernate.orm.jdbc                   : HHH100046: Could not obtain connection to query JDBC database metadata

org.hibernate.exception.AuthException: Unable to obtain isolated JDBC connection [Access denied for user 'root'@'localhost' (using password: YES)] [n/a]
	at org.hibernate.exception.internal.SQLStateConversionDelegate.convert(SQLStateConversionDelegate.java:87) ~[hibernate-core-7.2.1.Final.jar:7.2.1.Final]
	at org.hibernate.exception.internal.StandardSQLExceptionConverter.convert(StandardSQLExceptionConverter.java:34) ~[hibernate-core-7.2.1.Final.jar:7.2.1.Final]
	at org.hibernate.engine.jdbc.spi.SqlExceptionHelper.convert(SqlExceptionHelper.java:115) ~[hibernate-core-7.2.1.Final.jar:7.2.1.Final]
	at org.hibernate.engine.jdbc.spi.SqlExceptionHelper.convert(SqlExceptionHelper.java:101) ~[hibernate-core-7.2.1.Final.jar:7.2.1.Final]
	at org.hibernate.resource.transaction.backend.jdbc.internal.JdbcIsolationDelegate.delegateWork(JdbcIsolationDelegate.java:51) ~[hibernate-core-7.2.1.Final.jar:7.2.1.Final]
	at org.hibernate.engine.jdbc.env.internal.JdbcEnvironmentInitiator.getJdbcEnvironmentUsingJdbcMetadata(JdbcEnvironmentInitiator.java:366) ~[hibernate-core-7.2.1.Final.jar:7.2.1.Final]
	at org.hibernate.engine.jdbc.env.internal.JdbcEnvironmentInitiator.getJdbcEnvironment(JdbcEnvironmentInitiator.java:143) ~[hibernate-core-7.2.1.Final.jar:7.2.1.Final]
	at org.hibernate.engine.jdbc.env.internal.JdbcEnvironmentInitiator.initiateService(JdbcEnvironmentInitiator.java:120) ~[hibernate-core-7.2.1.Final.jar:7.2.1.Final]
	at org.hibernate.engine.jdbc.env.internal.JdbcEnvironmentInitiator.initiateService(JdbcEnvironmentInitiator.java:80) ~[hibernate-core-7.2.1.Final.jar:7.2.1.Final]
	at org.hibernate.boot.registry.internal.StandardServiceRegistryImpl.initiateService(StandardServiceRegistryImpl.java:133) ~[hibernate-core-7.2.1.Final.jar:7.2.1.Final]
	at org.hibernate.service.internal.AbstractServiceRegistryImpl.createService(AbstractServiceRegistryImpl.java:260) ~[hibernate-core-7.2.1.Final.jar:7.2.1.Final]
	at org.hibernate.service.internal.AbstractServiceRegistryImpl.initializeService(AbstractServiceRegistryImpl.java:235) ~[hibernate-core-7.2.1.Final.jar:7.2.1.Final]
	at org.hibernate.service.internal.AbstractServiceRegistryImpl.getService(AbstractServiceRegistryImpl.java:212) ~[hibernate-core-7.2.1.Final.jar:7.2.1.Final]
	at org.hibernate.boot.model.relational.Database.<init>(Database.java:44) ~[hibernate-core-7.2.1.Final.jar:7.2.1.Final]
	at org.hibernate.boot.internal.InFlightMetadataCollectorImpl.getDatabase(InFlightMetadataCollectorImpl.java:251) ~[hibernate-core-7.2.1.Final.jar:7.2.1.Final]
	at org.hibernate.boot.internal.InFlightMetadataCollectorImpl.<init>(InFlightMetadataCollectorImpl.java:203) ~[hibernate-core-7.2.1.Final.jar:7.2.1.Final]
	at org.hibernate.boot.model.process.spi.MetadataBuildingProcess.complete(MetadataBuildingProcess.java:170) ~[hibernate-core-7.2.1.Final.jar:7.2.1.Final]
	at org.hibernate.jpa.boot.internal.EntityManagerFactoryBuilderImpl.metadata(EntityManagerFactoryBuilderImpl.java:1392) ~[hibernate-core-7.2.1.Final.jar:7.2.1.Final]
	at org.hibernate.jpa.boot.internal.EntityManagerFactoryBuilderImpl.populateSessionFactoryBuilder(EntityManagerFactoryBuilderImpl.java:1472) ~[hibernate-core-7.2.1.Final.jar:7.2.1.Final]
	at org.hibernate.jpa.boot.internal.EntityManagerFactoryBuilderImpl.build(EntityManagerFactoryBuilderImpl.java:1454) ~[hibernate-core-7.2.1.Final.jar:7.2.1.Final]
	at org.springframework.orm.jpa.vendor.SpringHibernateJpaPersistenceProvider.createContainerEntityManagerFactory(SpringHibernateJpaPersistenceProvider.java:66) ~[spring-orm-7.0.3.jar:7.0.3]
	at org.springframework.orm.jpa.LocalContainerEntityManagerFactoryBean.createNativeEntityManagerFactory(LocalContainerEntityManagerFactoryBean.java:433) ~[spring-orm-7.0.3.jar:7.0.3]
	at org.springframework.orm.jpa.AbstractEntityManagerFactoryBean.buildNativeEntityManagerFactory(AbstractEntityManagerFactoryBean.java:416) ~[spring-orm-7.0.3.jar:7.0.3]
	at org.springframework.orm.jpa.AbstractEntityManagerFactoryBean.afterPropertiesSet(AbstractEntityManagerFactoryBean.java:396) ~[spring-orm-7.0.3.jar:7.0.3]
	at org.springframework.orm.jpa.LocalContainerEntityManagerFactoryBean.afterPropertiesSet(LocalContainerEntityManagerFactoryBean.java:409) ~[spring-orm-7.0.3.jar:7.0.3]
	at org.springframework.beans.factory.support.AbstractAutowireCapableBeanFactory.invokeInitMethods(AbstractAutowireCapableBeanFactory.java:1864) ~[spring-beans-7.0.3.jar:7.0.3]
	at org.springframework.beans.factory.support.AbstractAutowireCapableBeanFactory.initializeBean(AbstractAutowireCapableBeanFactory.java:1813) ~[spring-beans-7.0.3.jar:7.0.3]
	at org.springframework.beans.factory.support.AbstractAutowireCapableBeanFactory.doCreateBean(AbstractAutowireCapableBeanFactory.java:603) ~[spring-beans-7.0.3.jar:7.0.3]
	at org.springframework.beans.factory.support.AbstractAutowireCapableBeanFactory.createBean(AbstractAutowireCapableBeanFactory.java:525) ~[spring-beans-7.0.3.jar:7.0.3]
	at org.springframework.beans.factory.support.AbstractBeanFactory.lambda$doGetBean$0(AbstractBeanFactory.java:333) ~[spring-beans-7.0.3.jar:7.0.3]
	at org.springframework.beans.factory.support.DefaultSingletonBeanRegistry.getSingleton(DefaultSingletonBeanRegistry.java:371) ~[spring-beans-7.0.3.jar:7.0.3]
	at org.springframework.beans.factory.support.AbstractBeanFactory.doGetBean(AbstractBeanFactory.java:331) ~[spring-beans-7.0.3.jar:7.0.3]
	at org.springframework.beans.factory.support.AbstractBeanFactory.getBean(AbstractBeanFactory.java:201) ~[spring-beans-7.0.3.jar:7.0.3]
	at org.springframework.context.support.AbstractApplicationContext.finishBeanFactoryInitialization(AbstractApplicationContext.java:976) ~[spring-context-7.0.3.jar:7.0.3]
	at org.springframework.context.support.AbstractApplicationContext.refresh(AbstractApplicationContext.java:620) ~[spring-context-7.0.3.jar:7.0.3]
	at org.springframework.boot.web.server.servlet.context.ServletWebServerApplicationContext.refresh(ServletWebServerApplicationContext.java:143) ~[spring-boot-web-server-4.0.2.jar:4.0.2]
	at org.springframework.boot.SpringApplication.refresh(SpringApplication.java:756) ~[spring-boot-4.0.2.jar:4.0.2]
	at org.springframework.boot.SpringApplication.refreshContext(SpringApplication.java:445) ~[spring-boot-4.0.2.jar:4.0.2]
	at org.springframework.boot.SpringApplication.run(SpringApplication.java:321) ~[spring-boot-4.0.2.jar:4.0.2]
	at org.springframework.boot.SpringApplication.run(SpringApplication.java:1365) ~[spring-boot-4.0.2.jar:4.0.2]
	at org.springframework.boot.SpringApplication.run(SpringApplication.java:1354) ~[spring-boot-4.0.2.jar:4.0.2]
	at com.wealth.client.ClientServiceApplication.main(ClientServiceApplication.java:11) ~[classes/:na]
Caused by: java.sql.SQLException: Access denied for user 'root'@'localhost' (using password: YES)
	at com.mysql.cj.jdbc.exceptions.SQLError.createSQLException(SQLError.java:121) ~[mysql-connector-j-9.5.0.jar:9.5.0]
	at com.mysql.cj.jdbc.exceptions.SQLExceptionsMapping.translateException(SQLExceptionsMapping.java:114) ~[mysql-connector-j-9.5.0.jar:9.5.0]
	at com.mysql.cj.jdbc.ConnectionImpl.createNewIO(ConnectionImpl.java:840) ~[mysql-connector-j-9.5.0.jar:9.5.0]
	at com.mysql.cj.jdbc.ConnectionImpl.<init>(ConnectionImpl.java:416) ~[mysql-connector-j-9.5.0.jar:9.5.0]
	at com.mysql.cj.jdbc.ConnectionImpl.getInstance(ConnectionImpl.java:237) ~[mysql-connector-j-9.5.0.jar:9.5.0]
	at com.mysql.cj.jdbc.NonRegisteringDriver.connect(NonRegisteringDriver.java:180) ~[mysql-connector-j-9.5.0.jar:9.5.0]
	at com.zaxxer.hikari.util.DriverDataSource.getConnection(DriverDataSource.java:144) ~[HikariCP-7.0.2.jar:na]
	at com.zaxxer.hikari.pool.PoolBase.newConnection(PoolBase.java:373) ~[HikariCP-7.0.2.jar:na]
	at com.zaxxer.hikari.pool.PoolBase.newPoolEntry(PoolBase.java:210) ~[HikariCP-7.0.2.jar:na]
	at com.zaxxer.hikari.pool.HikariPool.createPoolEntry(HikariPool.java:488) ~[HikariCP-7.0.2.jar:na]
	at com.zaxxer.hikari.pool.HikariPool.checkFailFast(HikariPool.java:576) ~[HikariCP-7.0.2.jar:na]
	at com.zaxxer.hikari.pool.HikariPool.<init>(HikariPool.java:97) ~[HikariCP-7.0.2.jar:na]
	at com.zaxxer.hikari.HikariDataSource.getConnection(HikariDataSource.java:111) ~[HikariCP-7.0.2.jar:na]
	at org.hibernate.engine.jdbc.connections.internal.DataSourceConnectionProvider.getConnection(DataSourceConnectionProvider.java:137) ~[hibernate-core-7.2.1.Final.jar:7.2.1.Final]
	at org.hibernate.engine.jdbc.env.internal.JdbcEnvironmentInitiator$ConnectionProviderJdbcConnectionAccess.obtainConnection(JdbcEnvironmentInitiator.java:508) ~[hibernate-core-7.2.1.Final.jar:7.2.1.Final]
	at org.hibernate.resource.transaction.backend.jdbc.internal.JdbcIsolationDelegate.delegateWork(JdbcIsolationDelegate.java:48) ~[hibernate-core-7.2.1.Final.jar:7.2.1.Final]
	... 37 common frames omitted

2026-03-05T15:07:29.653+05:30 ERROR 32424 --- [client-service] [main] j.LocalContainerEntityManagerFactoryBean : Failed to initialize JPA EntityManagerFactory: Unable to create requested service [org.hibernate.engine.jdbc.env.spi.JdbcEnvironment] due to: Unable to determine Dialect without JDBC metadata (please set 'jakarta.persistence.jdbc.url' for common cases or 'hibernate.dialect' when a custom Dialect implementation must be provided)
2026-03-05T15:07:29.653+05:30  WARN 32424 --- [client-service] [main] ConfigServletWebServerApplicationContext : Exception encountered during context initialization - cancelling refresh attempt: org.springframework.beans.factory.BeanCreationException: Error creating bean with name 'entityManagerFactory' defined in class path resource [org/springframework/boot/hibernate/autoconfigure/HibernateJpaConfiguration.class]: Unable to create requested service [org.hibernate.engine.jdbc.env.spi.JdbcEnvironment] due to: Unable to determine Dialect without JDBC metadata (please set 'jakarta.persistence.jdbc.url' for common cases or 'hibernate.dialect' when a custom Dialect implementation must be provided)
2026-03-05T15:07:29.657+05:30  INFO 32424 --- [client-service] [main] o.apache.catalina.core.StandardService   : Stopping service [Tomcat]
2026-03-05T15:07:29.667+05:30  INFO 32424 --- [client-service] [main] .s.b.a.l.ConditionEvaluationReportLogger : 

Error starting ApplicationContext. To display the condition evaluation report re-run your application with 'debug' enabled.
2026-03-05T15:07:29.686+05:30 ERROR 32424 --- [client-service] [main] o.s.boot.SpringApplication               : Application run failed

org.springframework.beans.factory.BeanCreationException: Error creating bean with name 'entityManagerFactory' defined in class path resource [org/springframework/boot/hibernate/autoconfigure/HibernateJpaConfiguration.class]: Unable to create requested service [org.hibernate.engine.jdbc.env.spi.JdbcEnvironment] due to: Unable to determine Dialect without JDBC metadata (please set 'jakarta.persistence.jdbc.url' for common cases or 'hibernate.dialect' when a custom Dialect implementation must be provided)
	at org.springframework.beans.factory.support.AbstractAutowireCapableBeanFactory.initializeBean(AbstractAutowireCapableBeanFactory.java:1817) ~[spring-beans-7.0.3.jar:7.0.3]
	at org.springframework.beans.factory.support.AbstractAutowireCapableBeanFactory.doCreateBean(AbstractAutowireCapableBeanFactory.java:603) ~[spring-beans-7.0.3.jar:7.0.3]
	at org.springframework.beans.factory.support.AbstractAutowireCapableBeanFactory.createBean(AbstractAutowireCapableBeanFactory.java:525) ~[spring-beans-7.0.3.jar:7.0.3]
	at org.springframework.beans.factory.support.AbstractBeanFactory.lambda$doGetBean$0(AbstractBeanFactory.java:333) ~[spring-beans-7.0.3.jar:7.0.3]
	at org.springframework.beans.factory.support.DefaultSingletonBeanRegistry.getSingleton(DefaultSingletonBeanRegistry.java:371) ~[spring-beans-7.0.3.jar:7.0.3]
	at org.springframework.beans.factory.support.AbstractBeanFactory.doGetBean(AbstractBeanFactory.java:331) ~[spring-beans-7.0.3.jar:7.0.3]
	at org.springframework.beans.factory.support.AbstractBeanFactory.getBean(AbstractBeanFactory.java:201) ~[spring-beans-7.0.3.jar:7.0.3]
	at org.springframework.context.support.AbstractApplicationContext.finishBeanFactoryInitialization(AbstractApplicationContext.java:976) ~[spring-context-7.0.3.jar:7.0.3]
	at org.springframework.context.support.AbstractApplicationContext.refresh(AbstractApplicationContext.java:620) ~[spring-context-7.0.3.jar:7.0.3]
	at org.springframework.boot.web.server.servlet.context.ServletWebServerApplicationContext.refresh(ServletWebServerApplicationContext.java:143) ~[spring-boot-web-server-4.0.2.jar:4.0.2]
	at org.springframework.boot.SpringApplication.refresh(SpringApplication.java:756) ~[spring-boot-4.0.2.jar:4.0.2]
	at org.springframework.boot.SpringApplication.refreshContext(SpringApplication.java:445) ~[spring-boot-4.0.2.jar:4.0.2]
	at org.springframework.boot.SpringApplication.run(SpringApplication.java:321) ~[spring-boot-4.0.2.jar:4.0.2]
	at org.springframework.boot.SpringApplication.run(SpringApplication.java:1365) ~[spring-boot-4.0.2.jar:4.0.2]
	at org.springframework.boot.SpringApplication.run(SpringApplication.java:1354) ~[spring-boot-4.0.2.jar:4.0.2]
	at com.wealth.client.ClientServiceApplication.main(ClientServiceApplication.java:11) ~[classes/:na]
Caused by: org.hibernate.service.spi.ServiceException: Unable to create requested service [org.hibernate.engine.jdbc.env.spi.JdbcEnvironment] due to: Unable to determine Dialect without JDBC metadata (please set 'jakarta.persistence.jdbc.url' for common cases or 'hibernate.dialect' when a custom Dialect implementation must be provided)
	at org.hibernate.service.internal.AbstractServiceRegistryImpl.createService(AbstractServiceRegistryImpl.java:273) ~[hibernate-core-7.2.1.Final.jar:7.2.1.Final]
	at org.hibernate.service.internal.AbstractServiceRegistryImpl.initializeService(AbstractServiceRegistryImpl.java:235) ~[hibernate-core-7.2.1.Final.jar:7.2.1.Final]
	at org.hibernate.service.internal.AbstractServiceRegistryImpl.getService(AbstractServiceRegistryImpl.java:212) ~[hibernate-core-7.2.1.Final.jar:7.2.1.Final]
	at org.hibernate.boot.model.relational.Database.<init>(Database.java:44) ~[hibernate-core-7.2.1.Final.jar:7.2.1.Final]
	at org.hibernate.boot.internal.InFlightMetadataCollectorImpl.getDatabase(InFlightMetadataCollectorImpl.java:251) ~[hibernate-core-7.2.1.Final.jar:7.2.1.Final]
	at org.hibernate.boot.internal.InFlightMetadataCollectorImpl.<init>(InFlightMetadataCollectorImpl.java:203) ~[hibernate-core-7.2.1.Final.jar:7.2.1.Final]
	at org.hibernate.boot.model.process.spi.MetadataBuildingProcess.complete(MetadataBuildingProcess.java:170) ~[hibernate-core-7.2.1.Final.jar:7.2.1.Final]
	at org.hibernate.jpa.boot.internal.EntityManagerFactoryBuilderImpl.metadata(EntityManagerFactoryBuilderImpl.java:1392) ~[hibernate-core-7.2.1.Final.jar:7.2.1.Final]
	at org.hibernate.jpa.boot.internal.EntityManagerFactoryBuilderImpl.populateSessionFactoryBuilder(EntityManagerFactoryBuilderImpl.java:1472) ~[hibernate-core-7.2.1.Final.jar:7.2.1.Final]
	at org.hibernate.jpa.boot.internal.EntityManagerFactoryBuilderImpl.build(EntityManagerFactoryBuilderImpl.java:1454) ~[hibernate-core-7.2.1.Final.jar:7.2.1.Final]
	at org.springframework.orm.jpa.vendor.SpringHibernateJpaPersistenceProvider.createContainerEntityManagerFactory(SpringHibernateJpaPersistenceProvider.java:66) ~[spring-orm-7.0.3.jar:7.0.3]
	at org.springframework.orm.jpa.LocalContainerEntityManagerFactoryBean.createNativeEntityManagerFactory(LocalContainerEntityManagerFactoryBean.java:433) ~[spring-orm-7.0.3.jar:7.0.3]
	at org.springframework.orm.jpa.AbstractEntityManagerFactoryBean.buildNativeEntityManagerFactory(AbstractEntityManagerFactoryBean.java:416) ~[spring-orm-7.0.3.jar:7.0.3]
	at org.springframework.orm.jpa.AbstractEntityManagerFactoryBean.afterPropertiesSet(AbstractEntityManagerFactoryBean.java:396) ~[spring-orm-7.0.3.jar:7.0.3]
	at org.springframework.orm.jpa.LocalContainerEntityManagerFactoryBean.afterPropertiesSet(LocalContainerEntityManagerFactoryBean.java:409) ~[spring-orm-7.0.3.jar:7.0.3]
	at org.springframework.beans.factory.support.AbstractAutowireCapableBeanFactory.invokeInitMethods(AbstractAutowireCapableBeanFactory.java:1864) ~[spring-beans-7.0.3.jar:7.0.3]
	at org.springframework.beans.factory.support.AbstractAutowireCapableBeanFactory.initializeBean(AbstractAutowireCapableBeanFactory.java:1813) ~[spring-beans-7.0.3.jar:7.0.3]
	... 15 common frames omitted
Caused by: org.hibernate.HibernateException: Unable to determine Dialect without JDBC metadata (please set 'jakarta.persistence.jdbc.url' for common cases or 'hibernate.dialect' when a custom Dialect implementation must be provided)
	at org.hibernate.engine.jdbc.dialect.internal.DialectFactoryImpl.determineDialect(DialectFactoryImpl.java:190) ~[hibernate-core-7.2.1.Final.jar:7.2.1.Final]
	at org.hibernate.engine.jdbc.dialect.internal.DialectFactoryImpl.buildDialect(DialectFactoryImpl.java:86) ~[hibernate-core-7.2.1.Final.jar:7.2.1.Final]
	at org.hibernate.engine.jdbc.env.internal.JdbcEnvironmentInitiator.getJdbcEnvironmentWithDefaults(JdbcEnvironmentInitiator.java:200) ~[hibernate-core-7.2.1.Final.jar:7.2.1.Final]
	at org.hibernate.engine.jdbc.env.internal.JdbcEnvironmentInitiator.getJdbcEnvironmentUsingJdbcMetadata(JdbcEnvironmentInitiator.java:452) ~[hibernate-core-7.2.1.Final.jar:7.2.1.Final]
	at org.hibernate.engine.jdbc.env.internal.JdbcEnvironmentInitiator.getJdbcEnvironment(JdbcEnvironmentInitiator.java:143) ~[hibernate-core-7.2.1.Final.jar:7.2.1.Final]
	at org.hibernate.engine.jdbc.env.internal.JdbcEnvironmentInitiator.initiateService(JdbcEnvironmentInitiator.java:120) ~[hibernate-core-7.2.1.Final.jar:7.2.1.Final]
	at org.hibernate.engine.jdbc.env.internal.JdbcEnvironmentInitiator.initiateService(JdbcEnvironmentInitiator.java:80) ~[hibernate-core-7.2.1.Final.jar:7.2.1.Final]
	at org.hibernate.boot.registry.internal.StandardServiceRegistryImpl.initiateService(StandardServiceRegistryImpl.java:133) ~[hibernate-core-7.2.1.Final.jar:7.2.1.Final]
	at org.hibernate.service.internal.AbstractServiceRegistryImpl.createService(AbstractServiceRegistryImpl.java:260) ~[hibernate-core-7.2.1.Final.jar:7.2.1.Final]
	... 31 common frames omitted

2026-03-05T15:08:20.339+05:30  INFO 9988 --- [client-service] [main] c.w.client.ClientServiceApplication      : Starting ClientServiceApplication using Java 25 with PID 9988 (C:\Users\2463681\Downloads\final_Project\Wealth-Wise-Management-Portfoilio-Advisory-System\Backend\client-service\client-service\target\classes started by 2463681 in C:\Users\2463681\Downloads\final_Project\Wealth-Wise-Management-Portfoilio-Advisory-System\Backend)
2026-03-05T15:08:20.343+05:30  INFO 9988 --- [client-service] [main] c.w.client.ClientServiceApplication      : No active profile set, falling back to 1 default profile: "default"
2026-03-05T15:08:21.755+05:30  INFO 9988 --- [client-service] [main] .s.d.r.c.RepositoryConfigurationDelegate : Bootstrapping Spring Data JPA repositories in DEFAULT mode.
2026-03-05T15:08:22.139+05:30  INFO 9988 --- [client-service] [main] .s.d.r.c.RepositoryConfigurationDelegate : Finished Spring Data repository scanning in 357 ms. Found 1 JPA repository interface.
2026-03-05T15:08:22.552+05:30  INFO 9988 --- [client-service] [main] o.s.cloud.context.scope.GenericScope     : BeanFactory id=ec5c0d43-0339-3e3a-a9ea-0dfc89d70fb0
2026-03-05T15:08:23.460+05:30  INFO 9988 --- [client-service] [main] o.s.boot.tomcat.TomcatWebServer          : Tomcat initialized with port 8081 (http)
2026-03-05T15:08:23.484+05:30  INFO 9988 --- [client-service] [main] o.apache.catalina.core.StandardService   : Starting service [Tomcat]
2026-03-05T15:08:23.484+05:30  INFO 9988 --- [client-service] [main] o.apache.catalina.core.StandardEngine    : Starting Servlet engine: [Apache Tomcat/11.0.15]
2026-03-05T15:08:23.663+05:30  INFO 9988 --- [client-service] [main] b.w.c.s.WebApplicationContextInitializer : Root WebApplicationContext: initialization completed in 3252 ms
2026-03-05T15:08:24.014+05:30  INFO 9988 --- [client-service] [main] org.hibernate.orm.jpa                    : HHH008540: Processing PersistenceUnitInfo [name: default]
2026-03-05T15:08:24.147+05:30  INFO 9988 --- [client-service] [main] org.hibernate.orm.core                   : HHH000001: Hibernate ORM core version 7.2.1.Final
2026-03-05T15:08:25.156+05:30  INFO 9988 --- [client-service] [main] o.s.o.j.p.SpringPersistenceUnitInfo      : No LoadTimeWeaver setup: ignoring JPA class transformer
2026-03-05T15:08:25.224+05:30  INFO 9988 --- [client-service] [main] com.zaxxer.hikari.HikariDataSource       : HikariPool-1 - Starting...
2026-03-05T15:08:26.766+05:30  WARN 9988 --- [client-service] [main] org.hibernate.orm.jdbc.error             : HHH000247: ErrorCode: 1045, SQLState: 28000
2026-03-05T15:08:26.767+05:30  WARN 9988 --- [client-service] [main] org.hibernate.orm.jdbc.error             : Access denied for user 'root'@'localhost' (using password: YES)
2026-03-05T15:08:26.767+05:30  WARN 9988 --- [client-service] [main] org.hibernate.orm.jdbc                   : HHH100046: Could not obtain connection to query JDBC database metadata

org.hibernate.exception.AuthException: Unable to obtain isolated JDBC connection [Access denied for user 'root'@'localhost' (using password: YES)] [n/a]
	at org.hibernate.exception.internal.SQLStateConversionDelegate.convert(SQLStateConversionDelegate.java:87) ~[hibernate-core-7.2.1.Final.jar:7.2.1.Final]
	at org.hibernate.exception.internal.StandardSQLExceptionConverter.convert(StandardSQLExceptionConverter.java:34) ~[hibernate-core-7.2.1.Final.jar:7.2.1.Final]
	at org.hibernate.engine.jdbc.spi.SqlExceptionHelper.convert(SqlExceptionHelper.java:115) ~[hibernate-core-7.2.1.Final.jar:7.2.1.Final]
	at org.hibernate.engine.jdbc.spi.SqlExceptionHelper.convert(SqlExceptionHelper.java:101) ~[hibernate-core-7.2.1.Final.jar:7.2.1.Final]
	at org.hibernate.resource.transaction.backend.jdbc.internal.JdbcIsolationDelegate.delegateWork(JdbcIsolationDelegate.java:51) ~[hibernate-core-7.2.1.Final.jar:7.2.1.Final]
	at org.hibernate.engine.jdbc.env.internal.JdbcEnvironmentInitiator.getJdbcEnvironmentUsingJdbcMetadata(JdbcEnvironmentInitiator.java:366) ~[hibernate-core-7.2.1.Final.jar:7.2.1.Final]
	at org.hibernate.engine.jdbc.env.internal.JdbcEnvironmentInitiator.getJdbcEnvironment(JdbcEnvironmentInitiator.java:143) ~[hibernate-core-7.2.1.Final.jar:7.2.1.Final]
	at org.hibernate.engine.jdbc.env.internal.JdbcEnvironmentInitiator.initiateService(JdbcEnvironmentInitiator.java:120) ~[hibernate-core-7.2.1.Final.jar:7.2.1.Final]
	at org.hibernate.engine.jdbc.env.internal.JdbcEnvironmentInitiator.initiateService(JdbcEnvironmentInitiator.java:80) ~[hibernate-core-7.2.1.Final.jar:7.2.1.Final]
	at org.hibernate.boot.registry.internal.StandardServiceRegistryImpl.initiateService(StandardServiceRegistryImpl.java:133) ~[hibernate-core-7.2.1.Final.jar:7.2.1.Final]
	at org.hibernate.service.internal.AbstractServiceRegistryImpl.createService(AbstractServiceRegistryImpl.java:260) ~[hibernate-core-7.2.1.Final.jar:7.2.1.Final]
	at org.hibernate.service.internal.AbstractServiceRegistryImpl.initializeService(AbstractServiceRegistryImpl.java:235) ~[hibernate-core-7.2.1.Final.jar:7.2.1.Final]
	at org.hibernate.service.internal.AbstractServiceRegistryImpl.getService(AbstractServiceRegistryImpl.java:212) ~[hibernate-core-7.2.1.Final.jar:7.2.1.Final]
	at org.hibernate.boot.model.relational.Database.<init>(Database.java:44) ~[hibernate-core-7.2.1.Final.jar:7.2.1.Final]
	at org.hibernate.boot.internal.InFlightMetadataCollectorImpl.getDatabase(InFlightMetadataCollectorImpl.java:251) ~[hibernate-core-7.2.1.Final.jar:7.2.1.Final]
	at org.hibernate.boot.internal.InFlightMetadataCollectorImpl.<init>(InFlightMetadataCollectorImpl.java:203) ~[hibernate-core-7.2.1.Final.jar:7.2.1.Final]
	at org.hibernate.boot.model.process.spi.MetadataBuildingProcess.complete(MetadataBuildingProcess.java:170) ~[hibernate-core-7.2.1.Final.jar:7.2.1.Final]
	at org.hibernate.jpa.boot.internal.EntityManagerFactoryBuilderImpl.metadata(EntityManagerFactoryBuilderImpl.java:1392) ~[hibernate-core-7.2.1.Final.jar:7.2.1.Final]
	at org.hibernate.jpa.boot.internal.EntityManagerFactoryBuilderImpl.populateSessionFactoryBuilder(EntityManagerFactoryBuilderImpl.java:1472) ~[hibernate-core-7.2.1.Final.jar:7.2.1.Final]
	at org.hibernate.jpa.boot.internal.EntityManagerFactoryBuilderImpl.build(EntityManagerFactoryBuilderImpl.java:1454) ~[hibernate-core-7.2.1.Final.jar:7.2.1.Final]
	at org.springframework.orm.jpa.vendor.SpringHibernateJpaPersistenceProvider.createContainerEntityManagerFactory(SpringHibernateJpaPersistenceProvider.java:66) ~[spring-orm-7.0.3.jar:7.0.3]
	at org.springframework.orm.jpa.LocalContainerEntityManagerFactoryBean.createNativeEntityManagerFactory(LocalContainerEntityManagerFactoryBean.java:433) ~[spring-orm-7.0.3.jar:7.0.3]
	at org.springframework.orm.jpa.AbstractEntityManagerFactoryBean.buildNativeEntityManagerFactory(AbstractEntityManagerFactoryBean.java:416) ~[spring-orm-7.0.3.jar:7.0.3]
	at org.springframework.orm.jpa.AbstractEntityManagerFactoryBean.afterPropertiesSet(AbstractEntityManagerFactoryBean.java:396) ~[spring-orm-7.0.3.jar:7.0.3]
	at org.springframework.orm.jpa.LocalContainerEntityManagerFactoryBean.afterPropertiesSet(LocalContainerEntityManagerFactoryBean.java:409) ~[spring-orm-7.0.3.jar:7.0.3]
	at org.springframework.beans.factory.support.AbstractAutowireCapableBeanFactory.invokeInitMethods(AbstractAutowireCapableBeanFactory.java:1864) ~[spring-beans-7.0.3.jar:7.0.3]
	at org.springframework.beans.factory.support.AbstractAutowireCapableBeanFactory.initializeBean(AbstractAutowireCapableBeanFactory.java:1813) ~[spring-beans-7.0.3.jar:7.0.3]
	at org.springframework.beans.factory.support.AbstractAutowireCapableBeanFactory.doCreateBean(AbstractAutowireCapableBeanFactory.java:603) ~[spring-beans-7.0.3.jar:7.0.3]
	at org.springframework.beans.factory.support.AbstractAutowireCapableBeanFactory.createBean(AbstractAutowireCapableBeanFactory.java:525) ~[spring-beans-7.0.3.jar:7.0.3]
	at org.springframework.beans.factory.support.AbstractBeanFactory.lambda$doGetBean$0(AbstractBeanFactory.java:333) ~[spring-beans-7.0.3.jar:7.0.3]
	at org.springframework.beans.factory.support.DefaultSingletonBeanRegistry.getSingleton(DefaultSingletonBeanRegistry.java:371) ~[spring-beans-7.0.3.jar:7.0.3]
	at org.springframework.beans.factory.support.AbstractBeanFactory.doGetBean(AbstractBeanFactory.java:331) ~[spring-beans-7.0.3.jar:7.0.3]
	at org.springframework.beans.factory.support.AbstractBeanFactory.getBean(AbstractBeanFactory.java:201) ~[spring-beans-7.0.3.jar:7.0.3]
	at org.springframework.context.support.AbstractApplicationContext.finishBeanFactoryInitialization(AbstractApplicationContext.java:976) ~[spring-context-7.0.3.jar:7.0.3]
	at org.springframework.context.support.AbstractApplicationContext.refresh(AbstractApplicationContext.java:620) ~[spring-context-7.0.3.jar:7.0.3]
	at org.springframework.boot.web.server.servlet.context.ServletWebServerApplicationContext.refresh(ServletWebServerApplicationContext.java:143) ~[spring-boot-web-server-4.0.2.jar:4.0.2]
	at org.springframework.boot.SpringApplication.refresh(SpringApplication.java:756) ~[spring-boot-4.0.2.jar:4.0.2]
	at org.springframework.boot.SpringApplication.refreshContext(SpringApplication.java:445) ~[spring-boot-4.0.2.jar:4.0.2]
	at org.springframework.boot.SpringApplication.run(SpringApplication.java:321) ~[spring-boot-4.0.2.jar:4.0.2]
	at org.springframework.boot.SpringApplication.run(SpringApplication.java:1365) ~[spring-boot-4.0.2.jar:4.0.2]
	at org.springframework.boot.SpringApplication.run(SpringApplication.java:1354) ~[spring-boot-4.0.2.jar:4.0.2]
	at com.wealth.client.ClientServiceApplication.main(ClientServiceApplication.java:11) ~[classes/:na]
Caused by: java.sql.SQLException: Access denied for user 'root'@'localhost' (using password: YES)
	at com.mysql.cj.jdbc.exceptions.SQLError.createSQLException(SQLError.java:121) ~[mysql-connector-j-9.5.0.jar:9.5.0]
	at com.mysql.cj.jdbc.exceptions.SQLExceptionsMapping.translateException(SQLExceptionsMapping.java:114) ~[mysql-connector-j-9.5.0.jar:9.5.0]
	at com.mysql.cj.jdbc.ConnectionImpl.createNewIO(ConnectionImpl.java:840) ~[mysql-connector-j-9.5.0.jar:9.5.0]
	at com.mysql.cj.jdbc.ConnectionImpl.<init>(ConnectionImpl.java:416) ~[mysql-connector-j-9.5.0.jar:9.5.0]
	at com.mysql.cj.jdbc.ConnectionImpl.getInstance(ConnectionImpl.java:237) ~[mysql-connector-j-9.5.0.jar:9.5.0]
	at com.mysql.cj.jdbc.NonRegisteringDriver.connect(NonRegisteringDriver.java:180) ~[mysql-connector-j-9.5.0.jar:9.5.0]
	at com.zaxxer.hikari.util.DriverDataSource.getConnection(DriverDataSource.java:144) ~[HikariCP-7.0.2.jar:na]
	at com.zaxxer.hikari.pool.PoolBase.newConnection(PoolBase.java:373) ~[HikariCP-7.0.2.jar:na]
	at com.zaxxer.hikari.pool.PoolBase.newPoolEntry(PoolBase.java:210) ~[HikariCP-7.0.2.jar:na]
	at com.zaxxer.hikari.pool.HikariPool.createPoolEntry(HikariPool.java:488) ~[HikariCP-7.0.2.jar:na]
	at com.zaxxer.hikari.pool.HikariPool.checkFailFast(HikariPool.java:576) ~[HikariCP-7.0.2.jar:na]
	at com.zaxxer.hikari.pool.HikariPool.<init>(HikariPool.java:97) ~[HikariCP-7.0.2.jar:na]
	at com.zaxxer.hikari.HikariDataSource.getConnection(HikariDataSource.java:111) ~[HikariCP-7.0.2.jar:na]
	at org.hibernate.engine.jdbc.connections.internal.DataSourceConnectionProvider.getConnection(DataSourceConnectionProvider.java:137) ~[hibernate-core-7.2.1.Final.jar:7.2.1.Final]
	at org.hibernate.engine.jdbc.env.internal.JdbcEnvironmentInitiator$ConnectionProviderJdbcConnectionAccess.obtainConnection(JdbcEnvironmentInitiator.java:508) ~[hibernate-core-7.2.1.Final.jar:7.2.1.Final]
	at org.hibernate.resource.transaction.backend.jdbc.internal.JdbcIsolationDelegate.delegateWork(JdbcIsolationDelegate.java:48) ~[hibernate-core-7.2.1.Final.jar:7.2.1.Final]
	... 37 common frames omitted

2026-03-05T15:08:26.777+05:30 ERROR 9988 --- [client-service] [main] j.LocalContainerEntityManagerFactoryBean : Failed to initialize JPA EntityManagerFactory: Unable to create requested service [org.hibernate.engine.jdbc.env.spi.JdbcEnvironment] due to: Unable to determine Dialect without JDBC metadata (please set 'jakarta.persistence.jdbc.url' for common cases or 'hibernate.dialect' when a custom Dialect implementation must be provided)
2026-03-05T15:08:26.779+05:30  WARN 9988 --- [client-service] [main] ConfigServletWebServerApplicationContext : Exception encountered during context initialization - cancelling refresh attempt: org.springframework.beans.factory.BeanCreationException: Error creating bean with name 'entityManagerFactory' defined in class path resource [org/springframework/boot/hibernate/autoconfigure/HibernateJpaConfiguration.class]: Unable to create requested service [org.hibernate.engine.jdbc.env.spi.JdbcEnvironment] due to: Unable to determine Dialect without JDBC metadata (please set 'jakarta.persistence.jdbc.url' for common cases or 'hibernate.dialect' when a custom Dialect implementation must be provided)
2026-03-05T15:08:26.784+05:30  INFO 9988 --- [client-service] [main] o.apache.catalina.core.StandardService   : Stopping service [Tomcat]
2026-03-05T15:08:26.801+05:30  INFO 9988 --- [client-service] [main] .s.b.a.l.ConditionEvaluationReportLogger : 

Error starting ApplicationContext. To display the condition evaluation report re-run your application with 'debug' enabled.
2026-03-05T15:08:26.829+05:30 ERROR 9988 --- [client-service] [main] o.s.boot.SpringApplication               : Application run failed

org.springframework.beans.factory.BeanCreationException: Error creating bean with name 'entityManagerFactory' defined in class path resource [org/springframework/boot/hibernate/autoconfigure/HibernateJpaConfiguration.class]: Unable to create requested service [org.hibernate.engine.jdbc.env.spi.JdbcEnvironment] due to: Unable to determine Dialect without JDBC metadata (please set 'jakarta.persistence.jdbc.url' for common cases or 'hibernate.dialect' when a custom Dialect implementation must be provided)
	at org.springframework.beans.factory.support.AbstractAutowireCapableBeanFactory.initializeBean(AbstractAutowireCapableBeanFactory.java:1817) ~[spring-beans-7.0.3.jar:7.0.3]
	at org.springframework.beans.factory.support.AbstractAutowireCapableBeanFactory.doCreateBean(AbstractAutowireCapableBeanFactory.java:603) ~[spring-beans-7.0.3.jar:7.0.3]
	at org.springframework.beans.factory.support.AbstractAutowireCapableBeanFactory.createBean(AbstractAutowireCapableBeanFactory.java:525) ~[spring-beans-7.0.3.jar:7.0.3]
	at org.springframework.beans.factory.support.AbstractBeanFactory.lambda$doGetBean$0(AbstractBeanFactory.java:333) ~[spring-beans-7.0.3.jar:7.0.3]
	at org.springframework.beans.factory.support.DefaultSingletonBeanRegistry.getSingleton(DefaultSingletonBeanRegistry.java:371) ~[spring-beans-7.0.3.jar:7.0.3]
	at org.springframework.beans.factory.support.AbstractBeanFactory.doGetBean(AbstractBeanFactory.java:331) ~[spring-beans-7.0.3.jar:7.0.3]
	at org.springframework.beans.factory.support.AbstractBeanFactory.getBean(AbstractBeanFactory.java:201) ~[spring-beans-7.0.3.jar:7.0.3]
	at org.springframework.context.support.AbstractApplicationContext.finishBeanFactoryInitialization(AbstractApplicationContext.java:976) ~[spring-context-7.0.3.jar:7.0.3]
	at org.springframework.context.support.AbstractApplicationContext.refresh(AbstractApplicationContext.java:620) ~[spring-context-7.0.3.jar:7.0.3]
	at org.springframework.boot.web.server.servlet.context.ServletWebServerApplicationContext.refresh(ServletWebServerApplicationContext.java:143) ~[spring-boot-web-server-4.0.2.jar:4.0.2]
	at org.springframework.boot.SpringApplication.refresh(SpringApplication.java:756) ~[spring-boot-4.0.2.jar:4.0.2]
	at org.springframework.boot.SpringApplication.refreshContext(SpringApplication.java:445) ~[spring-boot-4.0.2.jar:4.0.2]
	at org.springframework.boot.SpringApplication.run(SpringApplication.java:321) ~[spring-boot-4.0.2.jar:4.0.2]
	at org.springframework.boot.SpringApplication.run(SpringApplication.java:1365) ~[spring-boot-4.0.2.jar:4.0.2]
	at org.springframework.boot.SpringApplication.run(SpringApplication.java:1354) ~[spring-boot-4.0.2.jar:4.0.2]
	at com.wealth.client.ClientServiceApplication.main(ClientServiceApplication.java:11) ~[classes/:na]
Caused by: org.hibernate.service.spi.ServiceException: Unable to create requested service [org.hibernate.engine.jdbc.env.spi.JdbcEnvironment] due to: Unable to determine Dialect without JDBC metadata (please set 'jakarta.persistence.jdbc.url' for common cases or 'hibernate.dialect' when a custom Dialect implementation must be provided)
	at org.hibernate.service.internal.AbstractServiceRegistryImpl.createService(AbstractServiceRegistryImpl.java:273) ~[hibernate-core-7.2.1.Final.jar:7.2.1.Final]
	at org.hibernate.service.internal.AbstractServiceRegistryImpl.initializeService(AbstractServiceRegistryImpl.java:235) ~[hibernate-core-7.2.1.Final.jar:7.2.1.Final]
	at org.hibernate.service.internal.AbstractServiceRegistryImpl.getService(AbstractServiceRegistryImpl.java:212) ~[hibernate-core-7.2.1.Final.jar:7.2.1.Final]
	at org.hibernate.boot.model.relational.Database.<init>(Database.java:44) ~[hibernate-core-7.2.1.Final.jar:7.2.1.Final]
	at org.hibernate.boot.internal.InFlightMetadataCollectorImpl.getDatabase(InFlightMetadataCollectorImpl.java:251) ~[hibernate-core-7.2.1.Final.jar:7.2.1.Final]
	at org.hibernate.boot.internal.InFlightMetadataCollectorImpl.<init>(InFlightMetadataCollectorImpl.java:203) ~[hibernate-core-7.2.1.Final.jar:7.2.1.Final]
	at org.hibernate.boot.model.process.spi.MetadataBuildingProcess.complete(MetadataBuildingProcess.java:170) ~[hibernate-core-7.2.1.Final.jar:7.2.1.Final]
	at org.hibernate.jpa.boot.internal.EntityManagerFactoryBuilderImpl.metadata(EntityManagerFactoryBuilderImpl.java:1392) ~[hibernate-core-7.2.1.Final.jar:7.2.1.Final]
	at org.hibernate.jpa.boot.internal.EntityManagerFactoryBuilderImpl.populateSessionFactoryBuilder(EntityManagerFactoryBuilderImpl.java:1472) ~[hibernate-core-7.2.1.Final.jar:7.2.1.Final]
	at org.hibernate.jpa.boot.internal.EntityManagerFactoryBuilderImpl.build(EntityManagerFactoryBuilderImpl.java:1454) ~[hibernate-core-7.2.1.Final.jar:7.2.1.Final]
	at org.springframework.orm.jpa.vendor.SpringHibernateJpaPersistenceProvider.createContainerEntityManagerFactory(SpringHibernateJpaPersistenceProvider.java:66) ~[spring-orm-7.0.3.jar:7.0.3]
	at org.springframework.orm.jpa.LocalContainerEntityManagerFactoryBean.createNativeEntityManagerFactory(LocalContainerEntityManagerFactoryBean.java:433) ~[spring-orm-7.0.3.jar:7.0.3]
	at org.springframework.orm.jpa.AbstractEntityManagerFactoryBean.buildNativeEntityManagerFactory(AbstractEntityManagerFactoryBean.java:416) ~[spring-orm-7.0.3.jar:7.0.3]
	at org.springframework.orm.jpa.AbstractEntityManagerFactoryBean.afterPropertiesSet(AbstractEntityManagerFactoryBean.java:396) ~[spring-orm-7.0.3.jar:7.0.3]
	at org.springframework.orm.jpa.LocalContainerEntityManagerFactoryBean.afterPropertiesSet(LocalContainerEntityManagerFactoryBean.java:409) ~[spring-orm-7.0.3.jar:7.0.3]
	at org.springframework.beans.factory.support.AbstractAutowireCapableBeanFactory.invokeInitMethods(AbstractAutowireCapableBeanFactory.java:1864) ~[spring-beans-7.0.3.jar:7.0.3]
	at org.springframework.beans.factory.support.AbstractAutowireCapableBeanFactory.initializeBean(AbstractAutowireCapableBeanFactory.java:1813) ~[spring-beans-7.0.3.jar:7.0.3]
	... 15 common frames omitted
Caused by: org.hibernate.HibernateException: Unable to determine Dialect without JDBC metadata (please set 'jakarta.persistence.jdbc.url' for common cases or 'hibernate.dialect' when a custom Dialect implementation must be provided)
	at org.hibernate.engine.jdbc.dialect.internal.DialectFactoryImpl.determineDialect(DialectFactoryImpl.java:190) ~[hibernate-core-7.2.1.Final.jar:7.2.1.Final]
	at org.hibernate.engine.jdbc.dialect.internal.DialectFactoryImpl.buildDialect(DialectFactoryImpl.java:86) ~[hibernate-core-7.2.1.Final.jar:7.2.1.Final]
	at org.hibernate.engine.jdbc.env.internal.JdbcEnvironmentInitiator.getJdbcEnvironmentWithDefaults(JdbcEnvironmentInitiator.java:200) ~[hibernate-core-7.2.1.Final.jar:7.2.1.Final]
	at org.hibernate.engine.jdbc.env.internal.JdbcEnvironmentInitiator.getJdbcEnvironmentUsingJdbcMetadata(JdbcEnvironmentInitiator.java:452) ~[hibernate-core-7.2.1.Final.jar:7.2.1.Final]
	at org.hibernate.engine.jdbc.env.internal.JdbcEnvironmentInitiator.getJdbcEnvironment(JdbcEnvironmentInitiator.java:143) ~[hibernate-core-7.2.1.Final.jar:7.2.1.Final]
	at org.hibernate.engine.jdbc.env.internal.JdbcEnvironmentInitiator.initiateService(JdbcEnvironmentInitiator.java:120) ~[hibernate-core-7.2.1.Final.jar:7.2.1.Final]
	at org.hibernate.engine.jdbc.env.internal.JdbcEnvironmentInitiator.initiateService(JdbcEnvironmentInitiator.java:80) ~[hibernate-core-7.2.1.Final.jar:7.2.1.Final]
	at org.hibernate.boot.registry.internal.StandardServiceRegistryImpl.initiateService(StandardServiceRegistryImpl.java:133) ~[hibernate-core-7.2.1.Final.jar:7.2.1.Final]
	at org.hibernate.service.internal.AbstractServiceRegistryImpl.createService(AbstractServiceRegistryImpl.java:260) ~[hibernate-core-7.2.1.Final.jar:7.2.1.Final]
	... 31 common frames omitted

2026-03-05T15:09:29.471+05:30  INFO 30824 --- [client-service] [main] c.w.client.ClientServiceApplication      : Starting ClientServiceApplication using Java 25 with PID 30824 (C:\Users\2463681\Downloads\final_Project\Wealth-Wise-Management-Portfoilio-Advisory-System\Backend\client-service\client-service\target\classes started by 2463681 in C:\Users\2463681\Downloads\final_Project\Wealth-Wise-Management-Portfoilio-Advisory-System\Backend)
2026-03-05T15:09:29.475+05:30  INFO 30824 --- [client-service] [main] c.w.client.ClientServiceApplication      : No active profile set, falling back to 1 default profile: "default"
2026-03-05T15:09:30.620+05:30  INFO 30824 --- [client-service] [main] .s.d.r.c.RepositoryConfigurationDelegate : Bootstrapping Spring Data JPA repositories in DEFAULT mode.
2026-03-05T15:09:30.791+05:30  INFO 30824 --- [client-service] [main] .s.d.r.c.RepositoryConfigurationDelegate : Finished Spring Data repository scanning in 158 ms. Found 1 JPA repository interface.
2026-03-05T15:09:31.016+05:30  INFO 30824 --- [client-service] [main] o.s.cloud.context.scope.GenericScope     : BeanFactory id=ec5c0d43-0339-3e3a-a9ea-0dfc89d70fb0
2026-03-05T15:09:31.519+05:30  INFO 30824 --- [client-service] [main] o.s.boot.tomcat.TomcatWebServer          : Tomcat initialized with port 8081 (http)
2026-03-05T15:09:31.536+05:30  INFO 30824 --- [client-service] [main] o.apache.catalina.core.StandardService   : Starting service [Tomcat]
2026-03-05T15:09:31.537+05:30  INFO 30824 --- [client-service] [main] o.apache.catalina.core.StandardEngine    : Starting Servlet engine: [Apache Tomcat/11.0.15]
2026-03-05T15:09:31.636+05:30  INFO 30824 --- [client-service] [main] b.w.c.s.WebApplicationContextInitializer : Root WebApplicationContext: initialization completed in 2094 ms
2026-03-05T15:09:31.859+05:30  INFO 30824 --- [client-service] [main] org.hibernate.orm.jpa                    : HHH008540: Processing PersistenceUnitInfo [name: default]
2026-03-05T15:09:31.926+05:30  INFO 30824 --- [client-service] [main] org.hibernate.orm.core                   : HHH000001: Hibernate ORM core version 7.2.1.Final
2026-03-05T15:09:32.501+05:30  INFO 30824 --- [client-service] [main] o.s.o.j.p.SpringPersistenceUnitInfo      : No LoadTimeWeaver setup: ignoring JPA class transformer
2026-03-05T15:09:32.538+05:30  INFO 30824 --- [client-service] [main] com.zaxxer.hikari.HikariDataSource       : HikariPool-1 - Starting...
2026-03-05T15:09:32.864+05:30  INFO 30824 --- [client-service] [main] com.zaxxer.hikari.pool.HikariPool        : HikariPool-1 - Added connection com.mysql.cj.jdbc.ConnectionImpl@78aa1753
2026-03-05T15:09:32.867+05:30  INFO 30824 --- [client-service] [main] com.zaxxer.hikari.HikariDataSource       : HikariPool-1 - Start completed.
2026-03-05T15:09:32.974+05:30  INFO 30824 --- [client-service] [main] org.hibernate.orm.connections.pooling    : HHH10001005: Database info:
	Database JDBC URL [jdbc:mysql://localhost:3306/finance_db]
	Database driver: MySQL Connector/J
	Database dialect: MySQLDialect
	Database version: 8.0.44
	Default catalog/schema: finance_db/undefined
	Autocommit mode: undefined/unknown
	Isolation level: REPEATABLE_READ [default REPEATABLE_READ]
	JDBC fetch size: none
	Pool: DataSourceConnectionProvider
	Minimum pool size: undefined/unknown
	Maximum pool size: undefined/unknown
2026-03-05T15:09:33.940+05:30  INFO 30824 --- [client-service] [main] org.hibernate.orm.core                   : HHH000489: No JTA platform available (set 'hibernate.transaction.jta.platform' to enable JTA platform integration)
2026-03-05T15:09:34.029+05:30  INFO 30824 --- [client-service] [main] j.LocalContainerEntityManagerFactoryBean : Initialized JPA EntityManagerFactory for persistence unit 'default'
2026-03-05T15:09:34.135+05:30  INFO 30824 --- [client-service] [main] o.s.d.j.r.query.QueryEnhancerFactories   : Hibernate is in classpath; If applicable, HQL parser will be used.
2026-03-05T15:09:34.388+05:30  WARN 30824 --- [client-service] [main] JpaBaseConfiguration$JpaWebConfiguration : spring.jpa.open-in-view is enabled by default. Therefore, database queries may be performed during view rendering. Explicitly configure spring.jpa.open-in-view to disable this warning
2026-03-05T15:09:35.048+05:30  INFO 30824 --- [client-service] [main] DiscoveryClientOptionalArgsConfiguration : Eureka HTTP Client uses RestClient.
2026-03-05T15:09:35.093+05:30  WARN 30824 --- [client-service] [main] iguration$LoadBalancerCaffeineWarnLogger : Spring Cloud LoadBalancer is currently working with the default cache. While this cache implementation is useful for development and tests, it's recommended to use Caffeine cache in production.You can switch to using Caffeine cache, by adding it and org.springframework.cache.caffeine.CaffeineCacheManager to the classpath.
2026-03-05T15:09:35.121+05:30  INFO 30824 --- [client-service] [main] o.s.c.n.eureka.InstanceInfoFactory       : Setting initial instance status as: STARTING
2026-03-05T15:09:35.151+05:30  INFO 30824 --- [client-service] [main] com.netflix.discovery.DiscoveryClient    : Initializing Eureka in region us-east-1
2026-03-05T15:09:35.156+05:30  INFO 30824 --- [client-service] [main] c.n.d.s.r.aws.ConfigClusterResolver      : Resolving eureka endpoints via configuration
2026-03-05T15:09:35.166+05:30  INFO 30824 --- [client-service] [main] com.netflix.discovery.DiscoveryClient    : Disable delta property : false
2026-03-05T15:09:35.166+05:30  INFO 30824 --- [client-service] [main] com.netflix.discovery.DiscoveryClient    : Single vip registry refresh property : null
2026-03-05T15:09:35.166+05:30  INFO 30824 --- [client-service] [main] com.netflix.discovery.DiscoveryClient    : Force full registry fetch : false
2026-03-05T15:09:35.167+05:30  INFO 30824 --- [client-service] [main] com.netflix.discovery.DiscoveryClient    : Application is null : false
2026-03-05T15:09:35.167+05:30  INFO 30824 --- [client-service] [main] com.netflix.discovery.DiscoveryClient    : Registered Applications size is zero : true
2026-03-05T15:09:35.167+05:30  INFO 30824 --- [client-service] [main] com.netflix.discovery.DiscoveryClient    : Application version is -1: true
2026-03-05T15:09:35.167+05:30  INFO 30824 --- [client-service] [main] com.netflix.discovery.DiscoveryClient    : Getting all instance registry info from the eureka server
2026-03-05T15:09:35.535+05:30  INFO 30824 --- [client-service] [main] com.netflix.discovery.DiscoveryClient    : The response status is 200
2026-03-05T15:09:35.538+05:30  INFO 30824 --- [client-service] [main] com.netflix.discovery.DiscoveryClient    : Starting heartbeat executor: renew interval is: 30
2026-03-05T15:09:35.540+05:30  INFO 30824 --- [client-service] [main] c.n.discovery.InstanceInfoReplicator     : InstanceInfoReplicator onDemand update allowed rate per min is 4
2026-03-05T15:09:35.542+05:30  INFO 30824 --- [client-service] [main] com.netflix.discovery.DiscoveryClient    : Discovery Client initialized at timestamp 1772703575541 with initial instances count: 4
2026-03-05T15:09:35.545+05:30  INFO 30824 --- [client-service] [main] o.s.c.n.e.s.EurekaServiceRegistry        : Registering application CLIENT-SERVICE with eureka with status UP
2026-03-05T15:09:35.546+05:30  INFO 30824 --- [client-service] [main] com.netflix.discovery.DiscoveryClient    : Saw local status change event StatusChangeEvent [timestamp=1772703575546, current=UP, previous=STARTING]
2026-03-05T15:09:35.548+05:30  INFO 30824 --- [client-service] [DiscoveryClient-InstanceInfoReplicator-%d] com.netflix.discovery.DiscoveryClient    : DiscoveryClient_CLIENT-SERVICE/LTIN656690:client-service:8081: registering service...
2026-03-05T15:09:35.582+05:30  INFO 30824 --- [client-service] [main] o.s.boot.tomcat.TomcatWebServer          : Tomcat started on port 8081 (http) with context path '/'
2026-03-05T15:09:35.583+05:30  INFO 30824 --- [client-service] [main] .s.c.n.e.s.EurekaAutoServiceRegistration : Updating port to 8081
2026-03-05T15:09:35.596+05:30  INFO 30824 --- [client-service] [main] c.w.client.ClientServiceApplication      : Started ClientServiceApplication in 6.864 seconds (process running for 7.716)
2026-03-05T15:09:35.599+05:30  INFO 30824 --- [client-service] [DiscoveryClient-InstanceInfoReplicator-%d] com.netflix.discovery.DiscoveryClient    : DiscoveryClient_CLIENT-SERVICE/LTIN656690:client-service:8081 - registration status: 204
2026-03-05T15:14:16.681+05:30  INFO 30824 --- [client-service] [http-nio-8081-exec-1] o.a.c.c.C.[Tomcat].[localhost].[/]       : Initializing Spring DispatcherServlet 'dispatcherServlet'
2026-03-05T15:14:16.681+05:30  INFO 30824 --- [client-service] [http-nio-8081-exec-1] o.s.web.servlet.DispatcherServlet        : Initializing Servlet 'dispatcherServlet'
2026-03-05T15:14:16.686+05:30  INFO 30824 --- [client-service] [http-nio-8081-exec-1] o.s.web.servlet.DispatcherServlet        : Completed initialization in 0 ms
2026-03-05T15:14:16.818+05:30  INFO 30824 --- [client-service] [http-nio-8081-exec-1] c.w.client.controller.ClientController   : API Request: GET /api/clients from Advisor ID: 1
2026-03-05T15:14:17.523+05:30 DEBUG 30824 --- [client-service] [http-nio-8081-exec-1] org.hibernate.SQL                        : select c1_0.client_id,c1_0.address,c1_0.advisor_id,c1_0.created_date,c1_0.date_of_birth,c1_0.email_address,c1_0.employer,c1_0.full_name,c1_0.investment_amount,c1_0.investment_goal,c1_0.investment_horizon,c1_0.kyc_document_ref,c1_0.kyc_status,c1_0.liquidity_needs,c1_0.occupation,c1_0.phone_number,c1_0.risk_profile from client c1_0 where c1_0.advisor_id=?
2026-03-05T15:14:18.132+05:30  INFO 30824 --- [client-service] [http-nio-8081-exec-2] c.w.client.controller.ClientController   : API Request: GET /api/clients/1 from Advisor ID: 1
2026-03-05T15:14:18.151+05:30 DEBUG 30824 --- [client-service] [http-nio-8081-exec-2] org.hibernate.SQL                        : select c1_0.client_id,c1_0.address,c1_0.advisor_id,c1_0.created_date,c1_0.date_of_birth,c1_0.email_address,c1_0.employer,c1_0.full_name,c1_0.investment_amount,c1_0.investment_goal,c1_0.investment_horizon,c1_0.kyc_document_ref,c1_0.kyc_status,c1_0.liquidity_needs,c1_0.occupation,c1_0.phone_number,c1_0.risk_profile from client c1_0 where c1_0.client_id=? and c1_0.advisor_id=?
2026-03-05T15:14:24.281+05:30  INFO 30824 --- [client-service] [http-nio-8081-exec-3] c.w.client.controller.ClientController   : API Request: GET /api/clients from Advisor ID: 1
2026-03-05T15:14:24.284+05:30 DEBUG 30824 --- [client-service] [http-nio-8081-exec-3] org.hibernate.SQL                        : select c1_0.client_id,c1_0.address,c1_0.advisor_id,c1_0.created_date,c1_0.date_of_birth,c1_0.email_address,c1_0.employer,c1_0.full_name,c1_0.investment_amount,c1_0.investment_goal,c1_0.investment_horizon,c1_0.kyc_document_ref,c1_0.kyc_status,c1_0.liquidity_needs,c1_0.occupation,c1_0.phone_number,c1_0.risk_profile from client c1_0 where c1_0.advisor_id=?
2026-03-05T15:14:24.395+05:30  INFO 30824 --- [client-service] [http-nio-8081-exec-4] c.w.client.controller.ClientController   : API Request: GET /api/clients/1 from Advisor ID: 1
2026-03-05T15:14:24.395+05:30 DEBUG 30824 --- [client-service] [http-nio-8081-exec-4] org.hibernate.SQL                        : select c1_0.client_id,c1_0.address,c1_0.advisor_id,c1_0.created_date,c1_0.date_of_birth,c1_0.email_address,c1_0.employer,c1_0.full_name,c1_0.investment_amount,c1_0.investment_goal,c1_0.investment_horizon,c1_0.kyc_document_ref,c1_0.kyc_status,c1_0.liquidity_needs,c1_0.occupation,c1_0.phone_number,c1_0.risk_profile from client c1_0 where c1_0.client_id=? and c1_0.advisor_id=?
2026-03-05T15:14:35.175+05:30  INFO 30824 --- [client-service] [AsyncResolver-bootstrap-executor-%d] c.n.d.s.r.aws.ConfigClusterResolver      : Resolving eureka endpoints via configuration
2026-03-05T15:16:32.166+05:30  INFO 30824 --- [client-service] [http-nio-8081-exec-7] c.w.client.controller.ClientController   : API Request: POST /api/clients/1/kyc from Advisor ID: 1
2026-03-05T15:16:32.166+05:30  INFO 30824 --- [client-service] [http-nio-8081-exec-7] c.wealth.client.service.ClientService    : Attempting to upload KYC document for Client ID: 1 by Advisor ID: 1
2026-03-05T15:16:32.169+05:30 DEBUG 30824 --- [client-service] [http-nio-8081-exec-7] org.hibernate.SQL                        : select c1_0.client_id,c1_0.address,c1_0.advisor_id,c1_0.created_date,c1_0.date_of_birth,c1_0.email_address,c1_0.employer,c1_0.full_name,c1_0.investment_amount,c1_0.investment_goal,c1_0.investment_horizon,c1_0.kyc_document_ref,c1_0.kyc_status,c1_0.liquidity_needs,c1_0.occupation,c1_0.phone_number,c1_0.risk_profile from client c1_0 where c1_0.client_id=? and c1_0.advisor_id=?
2026-03-05T15:16:32.186+05:30  INFO 30824 --- [client-service] [http-nio-8081-exec-7] c.wealth.client.service.ClientService    : Successfully saved new KYC document at: uploads\kyc-docs\8303e19b-9959-48c6-b36b-ff5cf5357c3d.jpg
2026-03-05T15:16:32.255+05:30 DEBUG 30824 --- [client-service] [http-nio-8081-exec-7] org.hibernate.SQL                        : update client set address=?,advisor_id=?,date_of_birth=?,email_address=?,employer=?,full_name=?,investment_amount=?,investment_goal=?,investment_horizon=?,kyc_document_ref=?,kyc_status=?,liquidity_needs=?,occupation=?,phone_number=?,risk_profile=? where client_id=?
2026-03-05T15:16:35.353+05:30  INFO 30824 --- [client-service] [http-nio-8081-exec-8] c.w.client.controller.ClientController   : API Request: PUT /api/clients/1/kyc-status
2026-03-05T15:16:35.353+05:30  INFO 30824 --- [client-service] [http-nio-8081-exec-8] c.wealth.client.service.ClientService    : Updating KYC status for Client ID: 1 to VERIFIED
2026-03-05T15:16:35.357+05:30 DEBUG 30824 --- [client-service] [http-nio-8081-exec-8] org.hibernate.SQL                        : select c1_0.client_id,c1_0.address,c1_0.advisor_id,c1_0.created_date,c1_0.date_of_birth,c1_0.email_address,c1_0.employer,c1_0.full_name,c1_0.investment_amount,c1_0.investment_goal,c1_0.investment_horizon,c1_0.kyc_document_ref,c1_0.kyc_status,c1_0.liquidity_needs,c1_0.occupation,c1_0.phone_number,c1_0.risk_profile from client c1_0 where c1_0.client_id=? and c1_0.advisor_id=?
2026-03-05T15:16:35.361+05:30 DEBUG 30824 --- [client-service] [http-nio-8081-exec-8] org.hibernate.SQL                        : update client set address=?,advisor_id=?,date_of_birth=?,email_address=?,employer=?,full_name=?,investment_amount=?,investment_goal=?,investment_horizon=?,kyc_document_ref=?,kyc_status=?,liquidity_needs=?,occupation=?,phone_number=?,risk_profile=? where client_id=?
2026-03-05T15:16:37.881+05:30  INFO 30824 --- [client-service] [http-nio-8081-exec-9] c.w.client.controller.ClientController   : API Request: GET /api/clients/1/kyc-document from Advisor ID: 1
2026-03-05T15:16:37.882+05:30 DEBUG 30824 --- [client-service] [http-nio-8081-exec-9] org.hibernate.SQL                        : select c1_0.client_id,c1_0.address,c1_0.advisor_id,c1_0.created_date,c1_0.date_of_birth,c1_0.email_address,c1_0.employer,c1_0.full_name,c1_0.investment_amount,c1_0.investment_goal,c1_0.investment_horizon,c1_0.kyc_document_ref,c1_0.kyc_status,c1_0.liquidity_needs,c1_0.occupation,c1_0.phone_number,c1_0.risk_profile from client c1_0 where c1_0.client_id=? and c1_0.advisor_id=?
2026-03-05T15:18:28.053+05:30  INFO 30824 --- [client-service] [http-nio-8081-exec-1] c.w.client.controller.ClientController   : API Request: GET /api/clients/1 from Advisor ID: 1
2026-03-05T15:18:28.057+05:30 DEBUG 30824 --- [client-service] [http-nio-8081-exec-1] org.hibernate.SQL                        : select c1_0.client_id,c1_0.address,c1_0.advisor_id,c1_0.created_date,c1_0.date_of_birth,c1_0.email_address,c1_0.employer,c1_0.full_name,c1_0.investment_amount,c1_0.investment_goal,c1_0.investment_horizon,c1_0.kyc_document_ref,c1_0.kyc_status,c1_0.liquidity_needs,c1_0.occupation,c1_0.phone_number,c1_0.risk_profile from client c1_0 where c1_0.client_id=? and c1_0.advisor_id=?
2026-03-05T15:19:35.183+05:30  INFO 30824 --- [client-service] [AsyncResolver-bootstrap-executor-%d] c.n.d.s.r.aws.ConfigClusterResolver      : Resolving eureka endpoints via configuration
2026-03-05T15:20:35.909+05:30  INFO 30824 --- [client-service] [http-nio-8081-exec-3] c.w.client.controller.ClientController   : API Request: GET /api/clients from Advisor ID: 1
2026-03-05T15:20:35.911+05:30 DEBUG 30824 --- [client-service] [http-nio-8081-exec-3] org.hibernate.SQL                        : select c1_0.client_id,c1_0.address,c1_0.advisor_id,c1_0.created_date,c1_0.date_of_birth,c1_0.email_address,c1_0.employer,c1_0.full_name,c1_0.investment_amount,c1_0.investment_goal,c1_0.investment_horizon,c1_0.kyc_document_ref,c1_0.kyc_status,c1_0.liquidity_needs,c1_0.occupation,c1_0.phone_number,c1_0.risk_profile from client c1_0 where c1_0.advisor_id=?
2026-03-05T15:20:35.983+05:30  INFO 30824 --- [client-service] [http-nio-8081-exec-4] c.w.client.controller.ClientController   : API Request: GET /api/clients/1 from Advisor ID: 1
2026-03-05T15:20:35.983+05:30 DEBUG 30824 --- [client-service] [http-nio-8081-exec-4] org.hibernate.SQL                        : select c1_0.client_id,c1_0.address,c1_0.advisor_id,c1_0.created_date,c1_0.date_of_birth,c1_0.email_address,c1_0.employer,c1_0.full_name,c1_0.investment_amount,c1_0.investment_goal,c1_0.investment_horizon,c1_0.kyc_document_ref,c1_0.kyc_status,c1_0.liquidity_needs,c1_0.occupation,c1_0.phone_number,c1_0.risk_profile from client c1_0 where c1_0.client_id=? and c1_0.advisor_id=?
2026-03-05T15:24:35.192+05:30  INFO 30824 --- [client-service] [AsyncResolver-bootstrap-executor-%d] c.n.d.s.r.aws.ConfigClusterResolver      : Resolving eureka endpoints via configuration
2026-03-05T15:24:39.849+05:30  INFO 30824 --- [client-service] [http-nio-8081-exec-7] c.w.client.controller.ClientController   : API Request: GET /api/clients from Advisor ID: 1
2026-03-05T15:24:39.849+05:30 DEBUG 30824 --- [client-service] [http-nio-8081-exec-7] org.hibernate.SQL                        : select c1_0.client_id,c1_0.address,c1_0.advisor_id,c1_0.created_date,c1_0.date_of_birth,c1_0.email_address,c1_0.employer,c1_0.full_name,c1_0.investment_amount,c1_0.investment_goal,c1_0.investment_horizon,c1_0.kyc_document_ref,c1_0.kyc_status,c1_0.liquidity_needs,c1_0.occupation,c1_0.phone_number,c1_0.risk_profile from client c1_0 where c1_0.advisor_id=?
2026-03-05T15:29:35.207+05:30  INFO 30824 --- [client-service] [AsyncResolver-bootstrap-executor-%d] c.n.d.s.r.aws.ConfigClusterResolver      : Resolving eureka endpoints via configuration
2026-03-05T15:30:33.782+05:30  INFO 30824 --- [client-service] [http-nio-8081-exec-9] c.w.client.controller.ClientController   : API Request: GET /api/clients/1 from Advisor ID: 1
2026-03-05T15:30:33.786+05:30 DEBUG 30824 --- [client-service] [http-nio-8081-exec-9] org.hibernate.SQL                        : select c1_0.client_id,c1_0.address,c1_0.advisor_id,c1_0.created_date,c1_0.date_of_birth,c1_0.email_address,c1_0.employer,c1_0.full_name,c1_0.investment_amount,c1_0.investment_goal,c1_0.investment_horizon,c1_0.kyc_document_ref,c1_0.kyc_status,c1_0.liquidity_needs,c1_0.occupation,c1_0.phone_number,c1_0.risk_profile from client c1_0 where c1_0.client_id=? and c1_0.advisor_id=?
2026-03-05T15:34:35.210+05:30  INFO 30824 --- [client-service] [AsyncResolver-bootstrap-executor-%d] c.n.d.s.r.aws.ConfigClusterResolver      : Resolving eureka endpoints via configuration
2026-03-05T15:39:35.224+05:30  INFO 30824 --- [client-service] [AsyncResolver-bootstrap-executor-%d] c.n.d.s.r.aws.ConfigClusterResolver      : Resolving eureka endpoints via configuration
2026-03-05T15:44:35.230+05:30  INFO 30824 --- [client-service] [AsyncResolver-bootstrap-executor-%d] c.n.d.s.r.aws.ConfigClusterResolver      : Resolving eureka endpoints via configuration
2026-03-05T15:52:09.180+05:30  WARN 30824 --- [client-service] [HikariPool-1:housekeeper] com.zaxxer.hikari.pool.HikariPool        : HikariPool-1 - Thread starvation or clock leap detected (housekeeper delta=7m35s688ms655µs800ns).
2026-03-05T15:52:37.382+05:30  INFO 30824 --- [client-service] [http-nio-8081-exec-1] c.w.client.controller.ClientController   : API Request: GET /api/clients from Advisor ID: 1
2026-03-05T15:52:37.382+05:30 DEBUG 30824 --- [client-service] [http-nio-8081-exec-1] org.hibernate.SQL                        : select c1_0.client_id,c1_0.address,c1_0.advisor_id,c1_0.created_date,c1_0.date_of_birth,c1_0.email_address,c1_0.employer,c1_0.full_name,c1_0.investment_amount,c1_0.investment_goal,c1_0.investment_horizon,c1_0.kyc_document_ref,c1_0.kyc_status,c1_0.liquidity_needs,c1_0.occupation,c1_0.phone_number,c1_0.risk_profile from client c1_0 where c1_0.advisor_id=?
2026-03-05T15:52:37.435+05:30  INFO 30824 --- [client-service] [http-nio-8081-exec-2] c.w.client.controller.ClientController   : API Request: GET /api/clients/1 from Advisor ID: 1
2026-03-05T15:52:37.435+05:30 DEBUG 30824 --- [client-service] [http-nio-8081-exec-2] org.hibernate.SQL                        : select c1_0.client_id,c1_0.address,c1_0.advisor_id,c1_0.created_date,c1_0.date_of_birth,c1_0.email_address,c1_0.employer,c1_0.full_name,c1_0.investment_amount,c1_0.investment_goal,c1_0.investment_horizon,c1_0.kyc_document_ref,c1_0.kyc_status,c1_0.liquidity_needs,c1_0.occupation,c1_0.phone_number,c1_0.risk_profile from client c1_0 where c1_0.client_id=? and c1_0.advisor_id=?
2026-03-05T15:56:53.852+05:30  INFO 30824 --- [client-service] [AsyncResolver-bootstrap-executor-%d] c.n.d.s.r.aws.ConfigClusterResolver      : Resolving eureka endpoints via configuration
2026-03-05T16:06:24.465+05:30  INFO 30824 --- [client-service] [http-nio-8081-exec-6] c.w.client.controller.ClientController   : API Request: GET /api/clients from Advisor ID: 1
2026-03-05T16:06:24.467+05:30 DEBUG 30824 --- [client-service] [http-nio-8081-exec-6] org.hibernate.SQL                        : select c1_0.client_id,c1_0.address,c1_0.advisor_id,c1_0.created_date,c1_0.date_of_birth,c1_0.email_address,c1_0.employer,c1_0.full_name,c1_0.investment_amount,c1_0.investment_goal,c1_0.investment_horizon,c1_0.kyc_document_ref,c1_0.kyc_status,c1_0.liquidity_needs,c1_0.occupation,c1_0.phone_number,c1_0.risk_profile from client c1_0 where c1_0.advisor_id=?
2026-03-05T16:06:25.673+05:30  INFO 30824 --- [client-service] [http-nio-8081-exec-5] c.w.client.controller.ClientController   : API Request: GET /api/clients/1 from Advisor ID: 1
2026-03-05T16:06:25.675+05:30 DEBUG 30824 --- [client-service] [http-nio-8081-exec-5] org.hibernate.SQL                        : select c1_0.client_id,c1_0.address,c1_0.advisor_id,c1_0.created_date,c1_0.date_of_birth,c1_0.email_address,c1_0.employer,c1_0.full_name,c1_0.investment_amount,c1_0.investment_goal,c1_0.investment_horizon,c1_0.kyc_document_ref,c1_0.kyc_status,c1_0.liquidity_needs,c1_0.occupation,c1_0.phone_number,c1_0.risk_profile from client c1_0 where c1_0.client_id=? and c1_0.advisor_id=?
2026-03-05T16:06:29.271+05:30  WARN 30824 --- [client-service] [HikariPool-1:housekeeper] com.zaxxer.hikari.pool.HikariPool        : HikariPool-1 - Thread starvation or clock leap detected (housekeeper delta=6m19s959ms280µs700ns).
2026-03-05T16:07:43.798+05:30  INFO 30824 --- [client-service] [AsyncResolver-bootstrap-executor-%d] c.n.d.s.r.aws.ConfigClusterResolver      : Resolving eureka endpoints via configuration
2026-03-05T16:09:45.592+05:30  INFO 30824 --- [client-service] [http-nio-8081-exec-9] c.w.client.controller.ClientController   : API Request: GET /api/clients/3 from Advisor ID: 1
2026-03-05T16:09:45.595+05:30 DEBUG 30824 --- [client-service] [http-nio-8081-exec-9] org.hibernate.SQL                        : select c1_0.client_id,c1_0.address,c1_0.advisor_id,c1_0.created_date,c1_0.date_of_birth,c1_0.email_address,c1_0.employer,c1_0.full_name,c1_0.investment_amount,c1_0.investment_goal,c1_0.investment_horizon,c1_0.kyc_document_ref,c1_0.kyc_status,c1_0.liquidity_needs,c1_0.occupation,c1_0.phone_number,c1_0.risk_profile from client c1_0 where c1_0.client_id=? and c1_0.advisor_id=?
2026-03-05T16:10:10.394+05:30  INFO 30824 --- [client-service] [http-nio-8081-exec-10] c.w.client.controller.ClientController   : API Request: POST /api/clients/3/kyc from Advisor ID: 1
2026-03-05T16:10:10.394+05:30  INFO 30824 --- [client-service] [http-nio-8081-exec-10] c.wealth.client.service.ClientService    : Attempting to upload KYC document for Client ID: 3 by Advisor ID: 1
2026-03-05T16:10:10.395+05:30 DEBUG 30824 --- [client-service] [http-nio-8081-exec-10] org.hibernate.SQL                        : select c1_0.client_id,c1_0.address,c1_0.advisor_id,c1_0.created_date,c1_0.date_of_birth,c1_0.email_address,c1_0.employer,c1_0.full_name,c1_0.investment_amount,c1_0.investment_goal,c1_0.investment_horizon,c1_0.kyc_document_ref,c1_0.kyc_status,c1_0.liquidity_needs,c1_0.occupation,c1_0.phone_number,c1_0.risk_profile from client c1_0 where c1_0.client_id=? and c1_0.advisor_id=?
2026-03-05T16:10:10.408+05:30  INFO 30824 --- [client-service] [http-nio-8081-exec-10] c.wealth.client.service.ClientService    : Successfully saved new KYC document at: uploads\kyc-docs\79eeb556-984c-4af4-9513-9503851d6af6.png
2026-03-05T16:10:10.443+05:30 DEBUG 30824 --- [client-service] [http-nio-8081-exec-10] org.hibernate.SQL                        : update client set address=?,advisor_id=?,date_of_birth=?,email_address=?,employer=?,full_name=?,investment_amount=?,investment_goal=?,investment_horizon=?,kyc_document_ref=?,kyc_status=?,liquidity_needs=?,occupation=?,phone_number=?,risk_profile=? where client_id=?
2026-03-05T16:10:13.514+05:30  INFO 30824 --- [client-service] [http-nio-8081-exec-1] c.w.client.controller.ClientController   : API Request: PUT /api/clients/3/kyc-status
2026-03-05T16:10:13.514+05:30  INFO 30824 --- [client-service] [http-nio-8081-exec-1] c.wealth.client.service.ClientService    : Updating KYC status for Client ID: 3 to VERIFIED
2026-03-05T16:10:13.516+05:30 DEBUG 30824 --- [client-service] [http-nio-8081-exec-1] org.hibernate.SQL                        : select c1_0.client_id,c1_0.address,c1_0.advisor_id,c1_0.created_date,c1_0.date_of_birth,c1_0.email_address,c1_0.employer,c1_0.full_name,c1_0.investment_amount,c1_0.investment_goal,c1_0.investment_horizon,c1_0.kyc_document_ref,c1_0.kyc_status,c1_0.liquidity_needs,c1_0.occupation,c1_0.phone_number,c1_0.risk_profile from client c1_0 where c1_0.client_id=? and c1_0.advisor_id=?
2026-03-05T16:10:13.521+05:30 DEBUG 30824 --- [client-service] [http-nio-8081-exec-1] org.hibernate.SQL                        : update client set address=?,advisor_id=?,date_of_birth=?,email_address=?,employer=?,full_name=?,investment_amount=?,investment_goal=?,investment_horizon=?,kyc_document_ref=?,kyc_status=?,liquidity_needs=?,occupation=?,phone_number=?,risk_profile=? where client_id=?
2026-03-05T16:10:58.598+05:30  INFO 30824 --- [client-service] [http-nio-8081-exec-3] c.w.client.controller.ClientController   : API Request: GET /api/clients/2 from Advisor ID: 1
2026-03-05T16:10:58.600+05:30 DEBUG 30824 --- [client-service] [http-nio-8081-exec-3] org.hibernate.SQL                        : select c1_0.client_id,c1_0.address,c1_0.advisor_id,c1_0.created_date,c1_0.date_of_birth,c1_0.email_address,c1_0.employer,c1_0.full_name,c1_0.investment_amount,c1_0.investment_goal,c1_0.investment_horizon,c1_0.kyc_document_ref,c1_0.kyc_status,c1_0.liquidity_needs,c1_0.occupation,c1_0.phone_number,c1_0.risk_profile from client c1_0 where c1_0.client_id=? and c1_0.advisor_id=?
2026-03-05T16:11:50.983+05:30  INFO 30824 --- [client-service] [http-nio-8081-exec-6] c.w.client.controller.ClientController   : API Request: POST /api/clients from Advisor ID: 1
2026-03-05T16:11:50.983+05:30  INFO 30824 --- [client-service] [http-nio-8081-exec-6] c.wealth.client.service.ClientService    : Attempting to onboard client: Somesh for Advisor ID: 1
2026-03-05T16:11:51.039+05:30 DEBUG 30824 --- [client-service] [http-nio-8081-exec-6] org.hibernate.SQL                        : select c1_0.client_id from client c1_0 where c1_0.email_address=? limit ?
2026-03-05T16:11:51.079+05:30 DEBUG 30824 --- [client-service] [http-nio-8081-exec-6] org.hibernate.SQL                        : insert into client (address,advisor_id,created_date,date_of_birth,email_address,employer,full_name,investment_amount,investment_goal,investment_horizon,kyc_document_ref,kyc_status,liquidity_needs,occupation,phone_number,risk_profile) values (?,?,?,?,?,?,?,?,?,?,?,?,?,?,?,?)
2026-03-05T16:11:51.121+05:30  INFO 30824 --- [client-service] [http-nio-8081-exec-6] c.wealth.client.service.ClientService    : Client onboarded successfully. New Client ID: 13
2026-03-05T16:11:51.159+05:30  INFO 30824 --- [client-service] [http-nio-8081-exec-5] c.w.client.controller.ClientController   : API Request: GET /api/clients/13 from Advisor ID: 1
2026-03-05T16:11:51.160+05:30 DEBUG 30824 --- [client-service] [http-nio-8081-exec-5] org.hibernate.SQL                        : select c1_0.client_id,c1_0.address,c1_0.advisor_id,c1_0.created_date,c1_0.date_of_birth,c1_0.email_address,c1_0.employer,c1_0.full_name,c1_0.investment_amount,c1_0.investment_goal,c1_0.investment_horizon,c1_0.kyc_document_ref,c1_0.kyc_status,c1_0.liquidity_needs,c1_0.occupation,c1_0.phone_number,c1_0.risk_profile from client c1_0 where c1_0.client_id=? and c1_0.advisor_id=?
2026-03-05T16:12:16.531+05:30  INFO 30824 --- [client-service] [http-nio-8081-exec-7] c.w.client.controller.ClientController   : API Request: GET /api/clients/1 from Advisor ID: 1
2026-03-05T16:12:16.533+05:30 DEBUG 30824 --- [client-service] [http-nio-8081-exec-7] org.hibernate.SQL                        : select c1_0.client_id,c1_0.address,c1_0.advisor_id,c1_0.created_date,c1_0.date_of_birth,c1_0.email_address,c1_0.employer,c1_0.full_name,c1_0.investment_amount,c1_0.investment_goal,c1_0.investment_horizon,c1_0.kyc_document_ref,c1_0.kyc_status,c1_0.liquidity_needs,c1_0.occupation,c1_0.phone_number,c1_0.risk_profile from client c1_0 where c1_0.client_id=? and c1_0.advisor_id=?
2026-03-05T16:12:19.598+05:30  INFO 30824 --- [client-service] [http-nio-8081-exec-8] c.w.client.controller.ClientController   : API Request: GET /api/clients/1 from Advisor ID: 1
2026-03-05T16:12:19.601+05:30 DEBUG 30824 --- [client-service] [http-nio-8081-exec-8] org.hibernate.SQL                        : select c1_0.client_id,c1_0.address,c1_0.advisor_id,c1_0.created_date,c1_0.date_of_birth,c1_0.email_address,c1_0.employer,c1_0.full_name,c1_0.investment_amount,c1_0.investment_goal,c1_0.investment_horizon,c1_0.kyc_document_ref,c1_0.kyc_status,c1_0.liquidity_needs,c1_0.occupation,c1_0.phone_number,c1_0.risk_profile from client c1_0 where c1_0.client_id=? and c1_0.advisor_id=?
2026-03-05T16:12:43.801+05:30  INFO 30824 --- [client-service] [AsyncResolver-bootstrap-executor-%d] c.n.d.s.r.aws.ConfigClusterResolver      : Resolving eureka endpoints via configuration
2026-03-05T17:49:06.973+05:30  WARN 30824 --- [client-service] [HikariPool-1:housekeeper] com.zaxxer.hikari.pool.HikariPool        : HikariPool-1 - Thread starvation or clock leap detected (housekeeper delta=1h31m37s598ms492µs300ns).
2026-03-05T17:49:09.074+05:30  INFO 30824 --- [client-service] [AsyncResolver-bootstrap-executor-%d] c.n.d.s.r.aws.ConfigClusterResolver      : Resolving eureka endpoints via configuration
2026-03-05T17:49:13.673+05:30  INFO 30824 --- [client-service] [http-nio-8081-exec-1] c.w.client.controller.ClientController   : API Request: GET /api/clients from Advisor ID: 1
2026-03-05T17:49:13.674+05:30 DEBUG 30824 --- [client-service] [http-nio-8081-exec-1] org.hibernate.SQL                        : select c1_0.client_id,c1_0.address,c1_0.advisor_id,c1_0.created_date,c1_0.date_of_birth,c1_0.email_address,c1_0.employer,c1_0.full_name,c1_0.investment_amount,c1_0.investment_goal,c1_0.investment_horizon,c1_0.kyc_document_ref,c1_0.kyc_status,c1_0.liquidity_needs,c1_0.occupation,c1_0.phone_number,c1_0.risk_profile from client c1_0 where c1_0.advisor_id=?
2026-03-05T17:49:13.985+05:30  INFO 30824 --- [client-service] [http-nio-8081-exec-2] c.w.client.controller.ClientController   : API Request: GET /api/clients/1 from Advisor ID: 1
2026-03-05T17:49:13.987+05:30 DEBUG 30824 --- [client-service] [http-nio-8081-exec-2] org.hibernate.SQL                        : select c1_0.client_id,c1_0.address,c1_0.advisor_id,c1_0.created_date,c1_0.date_of_birth,c1_0.email_address,c1_0.employer,c1_0.full_name,c1_0.investment_amount,c1_0.investment_goal,c1_0.investment_horizon,c1_0.kyc_document_ref,c1_0.kyc_status,c1_0.liquidity_needs,c1_0.occupation,c1_0.phone_number,c1_0.risk_profile from client c1_0 where c1_0.client_id=? and c1_0.advisor_id=?
2026-03-05T17:54:10.354+05:30  INFO 30824 --- [client-service] [AsyncResolver-bootstrap-executor-%d] c.n.d.s.r.aws.ConfigClusterResolver      : Resolving eureka endpoints via configuration
2026-03-05T17:59:10.368+05:30  INFO 30824 --- [client-service] [AsyncResolver-bootstrap-executor-%d] c.n.d.s.r.aws.ConfigClusterResolver      : Resolving eureka endpoints via configuration
2026-03-05T18:04:10.380+05:30  INFO 30824 --- [client-service] [AsyncResolver-bootstrap-executor-%d] c.n.d.s.r.aws.ConfigClusterResolver      : Resolving eureka endpoints via configuration
2026-03-05T18:05:48.553+05:30  INFO 30824 --- [client-service] [http-nio-8081-exec-6] c.w.client.controller.ClientController   : API Request: GET /api/clients/1/kyc-document from Advisor ID: 1
2026-03-05T18:05:48.567+05:30 DEBUG 30824 --- [client-service] [http-nio-8081-exec-6] org.hibernate.SQL                        : select c1_0.client_id,c1_0.address,c1_0.advisor_id,c1_0.created_date,c1_0.date_of_birth,c1_0.email_address,c1_0.employer,c1_0.full_name,c1_0.investment_amount,c1_0.investment_goal,c1_0.investment_horizon,c1_0.kyc_document_ref,c1_0.kyc_status,c1_0.liquidity_needs,c1_0.occupation,c1_0.phone_number,c1_0.risk_profile from client c1_0 where c1_0.client_id=? and c1_0.advisor_id=?
2026-03-05T18:07:48.185+05:30  INFO 30824 --- [client-service] [SpringApplicationShutdownHook] o.s.c.n.e.s.EurekaServiceRegistry        : Unregistering application CLIENT-SERVICE with eureka with status DOWN
2026-03-05T18:07:48.187+05:30  INFO 30824 --- [client-service] [SpringApplicationShutdownHook] com.netflix.discovery.DiscoveryClient    : Saw local status change event StatusChangeEvent [timestamp=1772714268187, current=DOWN, previous=UP]
2026-03-05T18:07:48.188+05:30  INFO 30824 --- [client-service] [DiscoveryClient-InstanceInfoReplicator-%d] com.netflix.discovery.DiscoveryClient    : DiscoveryClient_CLIENT-SERVICE/LTIN656690:client-service:8081: registering service...
2026-03-05T18:07:48.266+05:30  INFO 30824 --- [client-service] [DiscoveryClient-InstanceInfoReplicator-%d] com.netflix.discovery.DiscoveryClient    : DiscoveryClient_CLIENT-SERVICE/LTIN656690:client-service:8081 - registration status: 204
2026-03-05T18:07:48.329+05:30  INFO 30824 --- [client-service] [SpringApplicationShutdownHook] o.s.boot.tomcat.GracefulShutdown         : Commencing graceful shutdown. Waiting for active requests to complete
2026-03-05T18:07:48.399+05:30  INFO 30824 --- [client-service] [tomcat-shutdown] o.s.boot.tomcat.GracefulShutdown         : Graceful shutdown complete
2026-03-05T18:07:48.445+05:30  INFO 30824 --- [client-service] [SpringApplicationShutdownHook] j.LocalContainerEntityManagerFactoryBean : Closing JPA EntityManagerFactory for persistence unit 'default'
2026-03-05T18:07:48.504+05:30  INFO 30824 --- [client-service] [SpringApplicationShutdownHook] com.zaxxer.hikari.HikariDataSource       : HikariPool-1 - Shutdown initiated...
2026-03-05T18:07:48.526+05:30  INFO 30824 --- [client-service] [SpringApplicationShutdownHook] com.zaxxer.hikari.HikariDataSource       : HikariPool-1 - Shutdown completed.
2026-03-05T18:07:48.532+05:30  INFO 30824 --- [client-service] [SpringApplicationShutdownHook] com.netflix.discovery.DiscoveryClient    : Shutting down DiscoveryClient ...
2026-03-05T18:07:51.534+05:30  INFO 30824 --- [client-service] [SpringApplicationShutdownHook] com.netflix.discovery.DiscoveryClient    : Unregistering ...
2026-03-05T18:07:51.614+05:30  INFO 30824 --- [client-service] [SpringApplicationShutdownHook] c.n.d.s.t.d.RedirectingEurekaHttpClient  : Request execution error. endpoint=DefaultEndpoint{ serviceUrl='http://localhost:8761/eureka/} exception=I/O error on DELETE request for "http://localhost:8761/eureka/apps/CLIENT-SERVICE/LTIN656690:client-service:8081": Connect to http://localhost:8761 failed: Connection refused: getsockopt stacktrace=org.springframework.web.client.ResourceAccessException: I/O error on DELETE request for "http://localhost:8761/eureka/apps/CLIENT-SERVICE/LTIN656690:client-service:8081": Connect to http://localhost:8761 failed: Connection refused: getsockopt
	at org.springframework.web.client.DefaultRestClient$DefaultRequestBodyUriSpec.createResourceAccessException(DefaultRestClient.java:763)
	at org.springframework.web.client.DefaultRestClient$DefaultRequestBodyUriSpec.exchangeInternal(DefaultRestClient.java:615)
	at org.springframework.web.client.DefaultRestClient$DefaultRequestBodyUriSpec.exchange(DefaultRestClient.java:567)
	at org.springframework.web.client.RestClient$RequestHeadersSpec.exchange(RestClient.java:750)
	at org.springframework.web.client.DefaultRestClient$DefaultResponseSpec.executeAndExtract(DefaultRestClient.java:896)
	at org.springframework.web.client.DefaultRestClient$DefaultResponseSpec.toBodilessEntity(DefaultRestClient.java:860)
	at org.springframework.cloud.netflix.eureka.http.RestClientEurekaHttpClient.cancel(RestClientEurekaHttpClient.java:73)
	at com.netflix.discovery.shared.transport.decorator.EurekaHttpClientDecorator$2.execute(EurekaHttpClientDecorator.java:74)
	at com.netflix.discovery.shared.transport.decorator.RedirectingEurekaHttpClient.execute(RedirectingEurekaHttpClient.java:91)
	at com.netflix.discovery.shared.transport.decorator.EurekaHttpClientDecorator.cancel(EurekaHttpClientDecorator.java:71)
	at com.netflix.discovery.shared.transport.decorator.EurekaHttpClientDecorator$2.execute(EurekaHttpClientDecorator.java:74)
	at com.netflix.discovery.shared.transport.decorator.RetryableEurekaHttpClient.execute(RetryableEurekaHttpClient.java:120)
	at com.netflix.discovery.shared.transport.decorator.EurekaHttpClientDecorator.cancel(EurekaHttpClientDecorator.java:71)
	at com.netflix.discovery.shared.transport.decorator.EurekaHttpClientDecorator$2.execute(EurekaHttpClientDecorator.java:74)
	at com.netflix.discovery.shared.transport.decorator.SessionedEurekaHttpClient.execute(SessionedEurekaHttpClient.java:76)
	at com.netflix.discovery.shared.transport.decorator.EurekaHttpClientDecorator.cancel(EurekaHttpClientDecorator.java:71)
	at com.netflix.discovery.DiscoveryClient.unregister(DiscoveryClient.java:919)
	at com.netflix.discovery.DiscoveryClient.shutdown(DiscoveryClient.java:900)
	at java.base/jdk.internal.reflect.DirectMethodHandleAccessor.invoke(DirectMethodHandleAccessor.java:104)
	at java.base/java.lang.reflect.Method.invoke(Method.java:565)
	at org.springframework.beans.factory.annotation.InitDestroyAnnotationBeanPostProcessor$LifecycleMethod.invoke(InitDestroyAnnotationBeanPostProcessor.java:453)
	at org.springframework.beans.factory.annotation.InitDestroyAnnotationBeanPostProcessor$LifecycleMetadata.invokeDestroyMethods(InitDestroyAnnotationBeanPostProcessor.java:411)
	at org.springframework.beans.factory.annotation.InitDestroyAnnotationBeanPostProcessor.postProcessBeforeDestruction(InitDestroyAnnotationBeanPostProcessor.java:237)
	at org.springframework.beans.factory.support.DisposableBeanAdapter.destroy(DisposableBeanAdapter.java:200)
	at org.springframework.beans.factory.support.DisposableBeanAdapter.run(DisposableBeanAdapter.java:193)
	at org.springframework.cloud.context.scope.GenericScope$BeanLifecycleWrapper.destroy(GenericScope.java:387)
	at org.springframework.cloud.context.scope.GenericScope.destroy(GenericScope.java:134)
	at org.springframework.beans.factory.support.DisposableBeanAdapter.destroy(DisposableBeanAdapter.java:209)
	at org.springframework.beans.factory.support.DefaultSingletonBeanRegistry.destroyBean(DefaultSingletonBeanRegistry.java:795)
	at org.springframework.beans.factory.support.DefaultSingletonBeanRegistry.destroySingleton(DefaultSingletonBeanRegistry.java:745)
	at org.springframework.beans.factory.support.DefaultListableBeanFactory.destroySingleton(DefaultListableBeanFactory.java:1500)
	at org.springframework.beans.factory.support.DefaultSingletonBeanRegistry.destroySingletons(DefaultSingletonBeanRegistry.java:704)
	at org.springframework.beans.factory.support.DefaultListableBeanFactory.destroySingletons(DefaultListableBeanFactory.java:1493)
	at org.springframework.context.support.AbstractApplicationContext.destroyBeans(AbstractApplicationContext.java:1225)
	at org.springframework.context.support.AbstractApplicationContext.doClose(AbstractApplicationContext.java:1186)
	at org.springframework.boot.web.server.servlet.context.ServletWebServerApplicationContext.doClose(ServletWebServerApplicationContext.java:176)
	at org.springframework.context.support.AbstractApplicationContext.close(AbstractApplicationContext.java:1132)
	at org.springframework.boot.SpringApplicationShutdownHook.closeAndWait(SpringApplicationShutdownHook.java:147)
	at java.base/java.lang.Iterable.forEach(Iterable.java:75)
	at org.springframework.boot.SpringApplicationShutdownHook.run(SpringApplicationShutdownHook.java:116)
	at java.base/java.lang.Thread.run(Thread.java:1474)
Caused by: org.apache.hc.client5.http.HttpHostConnectException: Connect to http://localhost:8761 failed: Connection refused: getsockopt
	at java.base/sun.nio.ch.Net.pollConnect(Native Method)
	at java.base/sun.nio.ch.Net.pollConnectNow(Net.java:639)
	at java.base/sun.nio.ch.NioSocketImpl.timedFinishConnect(NioSocketImpl.java:543)
	at java.base/sun.nio.ch.NioSocketImpl.connect(NioSocketImpl.java:594)
	at java.base/java.net.SocksSocketImpl.connect(SocksSocketImpl.java:284)
	at java.base/java.net.Socket.connect(Socket.java:659)
	at org.apache.hc.client5.http.impl.io.DefaultHttpClientConnectionOperator.connect(DefaultHttpClientConnectionOperator.java:226)
	at org.apache.hc.client5.http.impl.io.PoolingHttpClientConnectionManager.connect(PoolingHttpClientConnectionManager.java:497)
	at org.apache.hc.client5.http.impl.classic.InternalExecRuntime.connectEndpoint(InternalExecRuntime.java:164)
	at org.apache.hc.client5.http.impl.classic.InternalExecRuntime.connectEndpoint(InternalExecRuntime.java:174)
	at org.apache.hc.client5.http.impl.classic.ConnectExec.execute(ConnectExec.java:144)
	at org.apache.hc.client5.http.impl.classic.ExecChainElement.execute(ExecChainElement.java:51)
	at org.apache.hc.client5.http.impl.classic.ProtocolExec.execute(ProtocolExec.java:195)
	at org.apache.hc.client5.http.impl.classic.ExecChainElement.execute(ExecChainElement.java:51)
	at org.apache.hc.client5.http.impl.classic.ContentCompressionExec.execute(ContentCompressionExec.java:168)
	at org.apache.hc.client5.http.impl.classic.ExecChainElement.execute(ExecChainElement.java:51)
	at org.apache.hc.client5.http.impl.classic.HttpRequestRetryExec.execute(HttpRequestRetryExec.java:112)
	at org.apache.hc.client5.http.impl.classic.ExecChainElement.execute(ExecChainElement.java:51)
	at org.apache.hc.client5.http.impl.classic.RedirectExec.execute(RedirectExec.java:110)
	at org.apache.hc.client5.http.impl.classic.ExecChainElement.execute(ExecChainElement.java:51)
	at org.apache.hc.client5.http.impl.classic.InternalHttpClient.doExecute(InternalHttpClient.java:185)
	at org.apache.hc.client5.http.impl.classic.CloseableHttpClient.execute(CloseableHttpClient.java:87)
	at org.apache.hc.client5.http.impl.classic.CloseableHttpClient.execute(CloseableHttpClient.java:55)
	at org.apache.hc.client5.http.classic.HttpClient.executeOpen(HttpClient.java:183)
	at org.springframework.http.client.HttpComponentsClientHttpRequest.executeInternal(HttpComponentsClientHttpRequest.java:99)
	at org.springframework.http.client.AbstractStreamingClientHttpRequest.executeInternal(AbstractStreamingClientHttpRequest.java:87)
	at org.springframework.http.client.AbstractClientHttpRequest.execute(AbstractClientHttpRequest.java:80)
	at org.springframework.http.client.AbstractBufferingClientHttpRequest.executeWithRequest(AbstractBufferingClientHttpRequest.java:89)
	at org.springframework.http.client.InterceptingClientHttpRequest$EndOfChainRequestExecution.execute(InterceptingClientHttpRequest.java:102)
	at org.springframework.cloud.netflix.eureka.http.RestClientTransportClientFactory.lambda$newClient$2(RestClientTransportClientFactory.java:98)
	at org.springframework.http.client.ClientHttpRequestInterceptor.lambda$apply$0(ClientHttpRequestInterceptor.java:89)
	at org.springframework.http.client.InterceptingClientHttpRequest.executeInternal(InterceptingClientHttpRequest.java:73)
	at org.springframework.http.client.AbstractBufferingClientHttpRequest.executeInternal(AbstractBufferingClientHttpRequest.java:50)
	at org.springframework.http.client.AbstractClientHttpRequest.execute(AbstractClientHttpRequest.java:80)
	at org.springframework.web.client.DefaultRestClient$DefaultRequestBodyUriSpec.exchangeInternal(DefaultRestClient.java:609)
	... 39 more

2026-03-05T18:07:51.615+05:30  WARN 30824 --- [client-service] [SpringApplicationShutdownHook] c.n.d.s.t.d.RetryableEurekaHttpClient    : Request execution failed with message: I/O error on DELETE request for "http://localhost:8761/eureka/apps/CLIENT-SERVICE/LTIN656690:client-service:8081": Connect to http://localhost:8761 failed: Connection refused: getsockopt
2026-03-05T18:07:51.634+05:30  INFO 30824 --- [client-service] [SpringApplicationShutdownHook] c.n.d.s.t.d.RedirectingEurekaHttpClient  : Request execution error. endpoint=DefaultEndpoint{ serviceUrl='http://localhost:8761/eureka/}, exception=I/O error on DELETE request for "http://localhost:8761/eureka/apps/CLIENT-SERVICE/LTIN656690:client-service:8081": Connect to http://localhost:8761 failed: Connection refused: getsockopt stacktrace=org.springframework.web.client.ResourceAccessException: I/O error on DELETE request for "http://localhost:8761/eureka/apps/CLIENT-SERVICE/LTIN656690:client-service:8081": Connect to http://localhost:8761 failed: Connection refused: getsockopt
	at org.springframework.web.client.DefaultRestClient$DefaultRequestBodyUriSpec.createResourceAccessException(DefaultRestClient.java:763)
	at org.springframework.web.client.DefaultRestClient$DefaultRequestBodyUriSpec.exchangeInternal(DefaultRestClient.java:615)
	at org.springframework.web.client.DefaultRestClient$DefaultRequestBodyUriSpec.exchange(DefaultRestClient.java:567)
	at org.springframework.web.client.RestClient$RequestHeadersSpec.exchange(RestClient.java:750)
	at org.springframework.web.client.DefaultRestClient$DefaultResponseSpec.executeAndExtract(DefaultRestClient.java:896)
	at org.springframework.web.client.DefaultRestClient$DefaultResponseSpec.toBodilessEntity(DefaultRestClient.java:860)
	at org.springframework.cloud.netflix.eureka.http.RestClientEurekaHttpClient.cancel(RestClientEurekaHttpClient.java:73)
	at com.netflix.discovery.shared.transport.decorator.EurekaHttpClientDecorator$2.execute(EurekaHttpClientDecorator.java:74)
	at com.netflix.discovery.shared.transport.decorator.RedirectingEurekaHttpClient.executeOnNewServer(RedirectingEurekaHttpClient.java:121)
	at com.netflix.discovery.shared.transport.decorator.RedirectingEurekaHttpClient.execute(RedirectingEurekaHttpClient.java:80)
	at com.netflix.discovery.shared.transport.decorator.EurekaHttpClientDecorator.cancel(EurekaHttpClientDecorator.java:71)
	at com.netflix.discovery.shared.transport.decorator.EurekaHttpClientDecorator$2.execute(EurekaHttpClientDecorator.java:74)
	at com.netflix.discovery.shared.transport.decorator.RetryableEurekaHttpClient.execute(RetryableEurekaHttpClient.java:120)
	at com.netflix.discovery.shared.transport.decorator.EurekaHttpClientDecorator.cancel(EurekaHttpClientDecorator.java:71)
	at com.netflix.discovery.shared.transport.decorator.EurekaHttpClientDecorator$2.execute(EurekaHttpClientDecorator.java:74)
	at com.netflix.discovery.shared.transport.decorator.SessionedEurekaHttpClient.execute(SessionedEurekaHttpClient.java:76)
	at com.netflix.discovery.shared.transport.decorator.EurekaHttpClientDecorator.cancel(EurekaHttpClientDecorator.java:71)
	at com.netflix.discovery.DiscoveryClient.unregister(DiscoveryClient.java:919)
	at com.netflix.discovery.DiscoveryClient.shutdown(DiscoveryClient.java:900)
	at java.base/jdk.internal.reflect.DirectMethodHandleAccessor.invoke(DirectMethodHandleAccessor.java:104)
	at java.base/java.lang.reflect.Method.invoke(Method.java:565)
	at org.springframework.beans.factory.annotation.InitDestroyAnnotationBeanPostProcessor$LifecycleMethod.invoke(InitDestroyAnnotationBeanPostProcessor.java:453)
	at org.springframework.beans.factory.annotation.InitDestroyAnnotationBeanPostProcessor$LifecycleMetadata.invokeDestroyMethods(InitDestroyAnnotationBeanPostProcessor.java:411)
	at org.springframework.beans.factory.annotation.InitDestroyAnnotationBeanPostProcessor.postProcessBeforeDestruction(InitDestroyAnnotationBeanPostProcessor.java:237)
	at org.springframework.beans.factory.support.DisposableBeanAdapter.destroy(DisposableBeanAdapter.java:200)
	at org.springframework.beans.factory.support.DisposableBeanAdapter.run(DisposableBeanAdapter.java:193)
	at org.springframework.cloud.context.scope.GenericScope$BeanLifecycleWrapper.destroy(GenericScope.java:387)
	at org.springframework.cloud.context.scope.GenericScope.destroy(GenericScope.java:134)
	at org.springframework.beans.factory.support.DisposableBeanAdapter.destroy(DisposableBeanAdapter.java:209)
	at org.springframework.beans.factory.support.DefaultSingletonBeanRegistry.destroyBean(DefaultSingletonBeanRegistry.java:795)
	at org.springframework.beans.factory.support.DefaultSingletonBeanRegistry.destroySingleton(DefaultSingletonBeanRegistry.java:745)
	at org.springframework.beans.factory.support.DefaultListableBeanFactory.destroySingleton(DefaultListableBeanFactory.java:1500)
	at org.springframework.beans.factory.support.DefaultSingletonBeanRegistry.destroySingletons(DefaultSingletonBeanRegistry.java:704)
	at org.springframework.beans.factory.support.DefaultListableBeanFactory.destroySingletons(DefaultListableBeanFactory.java:1493)
	at org.springframework.context.support.AbstractApplicationContext.destroyBeans(AbstractApplicationContext.java:1225)
	at org.springframework.context.support.AbstractApplicationContext.doClose(AbstractApplicationContext.java:1186)
	at org.springframework.boot.web.server.servlet.context.ServletWebServerApplicationContext.doClose(ServletWebServerApplicationContext.java:176)
	at org.springframework.context.support.AbstractApplicationContext.close(AbstractApplicationContext.java:1132)
	at org.springframework.boot.SpringApplicationShutdownHook.closeAndWait(SpringApplicationShutdownHook.java:147)
	at java.base/java.lang.Iterable.forEach(Iterable.java:75)
	at org.springframework.boot.SpringApplicationShutdownHook.run(SpringApplicationShutdownHook.java:116)
	at java.base/java.lang.Thread.run(Thread.java:1474)
Caused by: org.apache.hc.client5.http.HttpHostConnectException: Connect to http://localhost:8761 failed: Connection refused: getsockopt
	at java.base/sun.nio.ch.Net.pollConnect(Native Method)
	at java.base/sun.nio.ch.Net.pollConnectNow(Net.java:639)
	at java.base/sun.nio.ch.NioSocketImpl.timedFinishConnect(NioSocketImpl.java:543)
	at java.base/sun.nio.ch.NioSocketImpl.connect(NioSocketImpl.java:594)
	at java.base/java.net.SocksSocketImpl.connect(SocksSocketImpl.java:284)
	at java.base/java.net.Socket.connect(Socket.java:659)
	at org.apache.hc.client5.http.impl.io.DefaultHttpClientConnectionOperator.connect(DefaultHttpClientConnectionOperator.java:226)
	at org.apache.hc.client5.http.impl.io.PoolingHttpClientConnectionManager.connect(PoolingHttpClientConnectionManager.java:497)
	at org.apache.hc.client5.http.impl.classic.InternalExecRuntime.connectEndpoint(InternalExecRuntime.java:164)
	at org.apache.hc.client5.http.impl.classic.InternalExecRuntime.connectEndpoint(InternalExecRuntime.java:174)
	at org.apache.hc.client5.http.impl.classic.ConnectExec.execute(ConnectExec.java:144)
	at org.apache.hc.client5.http.impl.classic.ExecChainElement.execute(ExecChainElement.java:51)
	at org.apache.hc.client5.http.impl.classic.ProtocolExec.execute(ProtocolExec.java:195)
	at org.apache.hc.client5.http.impl.classic.ExecChainElement.execute(ExecChainElement.java:51)
	at org.apache.hc.client5.http.impl.classic.ContentCompressionExec.execute(ContentCompressionExec.java:168)
	at org.apache.hc.client5.http.impl.classic.ExecChainElement.execute(ExecChainElement.java:51)
	at org.apache.hc.client5.http.impl.classic.HttpRequestRetryExec.execute(HttpRequestRetryExec.java:112)
	at org.apache.hc.client5.http.impl.classic.ExecChainElement.execute(ExecChainElement.java:51)
	at org.apache.hc.client5.http.impl.classic.RedirectExec.execute(RedirectExec.java:110)
	at org.apache.hc.client5.http.impl.classic.ExecChainElement.execute(ExecChainElement.java:51)
	at org.apache.hc.client5.http.impl.classic.InternalHttpClient.doExecute(InternalHttpClient.java:185)
	at org.apache.hc.client5.http.impl.classic.CloseableHttpClient.execute(CloseableHttpClient.java:87)
	at org.apache.hc.client5.http.impl.classic.CloseableHttpClient.execute(CloseableHttpClient.java:55)
	at org.apache.hc.client5.http.classic.HttpClient.executeOpen(HttpClient.java:183)
	at org.springframework.http.client.HttpComponentsClientHttpRequest.executeInternal(HttpComponentsClientHttpRequest.java:99)
	at org.springframework.http.client.AbstractStreamingClientHttpRequest.executeInternal(AbstractStreamingClientHttpRequest.java:87)
	at org.springframework.http.client.AbstractClientHttpRequest.execute(AbstractClientHttpRequest.java:80)
	at org.springframework.http.client.AbstractBufferingClientHttpRequest.executeWithRequest(AbstractBufferingClientHttpRequest.java:89)
	at org.springframework.http.client.InterceptingClientHttpRequest$EndOfChainRequestExecution.execute(InterceptingClientHttpRequest.java:102)
	at org.springframework.cloud.netflix.eureka.http.RestClientTransportClientFactory.lambda$newClient$2(RestClientTransportClientFactory.java:98)
	at org.springframework.http.client.ClientHttpRequestInterceptor.lambda$apply$0(ClientHttpRequestInterceptor.java:89)
	at org.springframework.http.client.InterceptingClientHttpRequest.executeInternal(InterceptingClientHttpRequest.java:73)
	at org.springframework.http.client.AbstractBufferingClientHttpRequest.executeInternal(AbstractBufferingClientHttpRequest.java:50)
	at org.springframework.http.client.AbstractClientHttpRequest.execute(AbstractClientHttpRequest.java:80)
	at org.springframework.web.client.DefaultRestClient$DefaultRequestBodyUriSpec.exchangeInternal(DefaultRestClient.java:609)
	... 40 more

2026-03-05T18:07:51.635+05:30  WARN 30824 --- [client-service] [SpringApplicationShutdownHook] c.n.d.s.t.d.RetryableEurekaHttpClient    : Request execution failed with message: I/O error on DELETE request for "http://localhost:8761/eureka/apps/CLIENT-SERVICE/LTIN656690:client-service:8081": Connect to http://localhost:8761 failed: Connection refused: getsockopt
2026-03-05T18:07:51.636+05:30 ERROR 30824 --- [client-service] [SpringApplicationShutdownHook] com.netflix.discovery.DiscoveryClient    : DiscoveryClient_CLIENT-SERVICE/LTIN656690:client-service:8081 - de-registration failedCannot execute request on any known server

com.netflix.discovery.shared.transport.TransportException: Cannot execute request on any known server
	at com.netflix.discovery.shared.transport.decorator.RetryableEurekaHttpClient.execute(RetryableEurekaHttpClient.java:112) ~[eureka-client-2.0.5.jar:2.0.5]
	at com.netflix.discovery.shared.transport.decorator.EurekaHttpClientDecorator.cancel(EurekaHttpClientDecorator.java:71) ~[eureka-client-2.0.5.jar:2.0.5]
	at com.netflix.discovery.shared.transport.decorator.EurekaHttpClientDecorator$2.execute(EurekaHttpClientDecorator.java:74) ~[eureka-client-2.0.5.jar:2.0.5]
	at com.netflix.discovery.shared.transport.decorator.SessionedEurekaHttpClient.execute(SessionedEurekaHttpClient.java:76) ~[eureka-client-2.0.5.jar:2.0.5]
	at com.netflix.discovery.shared.transport.decorator.EurekaHttpClientDecorator.cancel(EurekaHttpClientDecorator.java:71) ~[eureka-client-2.0.5.jar:2.0.5]
	at com.netflix.discovery.DiscoveryClient.unregister(DiscoveryClient.java:919) ~[eureka-client-2.0.5.jar:2.0.5]
	at com.netflix.discovery.DiscoveryClient.shutdown(DiscoveryClient.java:900) ~[eureka-client-2.0.5.jar:2.0.5]
	at java.base/jdk.internal.reflect.DirectMethodHandleAccessor.invoke(DirectMethodHandleAccessor.java:104) ~[na:na]
	at java.base/java.lang.reflect.Method.invoke(Method.java:565) ~[na:na]
	at org.springframework.beans.factory.annotation.InitDestroyAnnotationBeanPostProcessor$LifecycleMethod.invoke(InitDestroyAnnotationBeanPostProcessor.java:453) ~[spring-beans-7.0.3.jar:7.0.3]
	at org.springframework.beans.factory.annotation.InitDestroyAnnotationBeanPostProcessor$LifecycleMetadata.invokeDestroyMethods(InitDestroyAnnotationBeanPostProcessor.java:411) ~[spring-beans-7.0.3.jar:7.0.3]
	at org.springframework.beans.factory.annotation.InitDestroyAnnotationBeanPostProcessor.postProcessBeforeDestruction(InitDestroyAnnotationBeanPostProcessor.java:237) ~[spring-beans-7.0.3.jar:7.0.3]
	at org.springframework.beans.factory.support.DisposableBeanAdapter.destroy(DisposableBeanAdapter.java:200) ~[spring-beans-7.0.3.jar:7.0.3]
	at org.springframework.beans.factory.support.DisposableBeanAdapter.run(DisposableBeanAdapter.java:193) ~[spring-beans-7.0.3.jar:7.0.3]
	at org.springframework.cloud.context.scope.GenericScope$BeanLifecycleWrapper.destroy(GenericScope.java:387) ~[spring-cloud-context-5.0.0.jar:5.0.0]
	at org.springframework.cloud.context.scope.GenericScope.destroy(GenericScope.java:134) ~[spring-cloud-context-5.0.0.jar:5.0.0]
	at org.springframework.beans.factory.support.DisposableBeanAdapter.destroy(DisposableBeanAdapter.java:209) ~[spring-beans-7.0.3.jar:7.0.3]
	at org.springframework.beans.factory.support.DefaultSingletonBeanRegistry.destroyBean(DefaultSingletonBeanRegistry.java:795) ~[spring-beans-7.0.3.jar:7.0.3]
	at org.springframework.beans.factory.support.DefaultSingletonBeanRegistry.destroySingleton(DefaultSingletonBeanRegistry.java:745) ~[spring-beans-7.0.3.jar:7.0.3]
	at org.springframework.beans.factory.support.DefaultListableBeanFactory.destroySingleton(DefaultListableBeanFactory.java:1500) ~[spring-beans-7.0.3.jar:7.0.3]
	at org.springframework.beans.factory.support.DefaultSingletonBeanRegistry.destroySingletons(DefaultSingletonBeanRegistry.java:704) ~[spring-beans-7.0.3.jar:7.0.3]
	at org.springframework.beans.factory.support.DefaultListableBeanFactory.destroySingletons(DefaultListableBeanFactory.java:1493) ~[spring-beans-7.0.3.jar:7.0.3]
	at org.springframework.context.support.AbstractApplicationContext.destroyBeans(AbstractApplicationContext.java:1225) ~[spring-context-7.0.3.jar:7.0.3]
	at org.springframework.context.support.AbstractApplicationContext.doClose(AbstractApplicationContext.java:1186) ~[spring-context-7.0.3.jar:7.0.3]
	at org.springframework.boot.web.server.servlet.context.ServletWebServerApplicationContext.doClose(ServletWebServerApplicationContext.java:176) ~[spring-boot-web-server-4.0.2.jar:4.0.2]
	at org.springframework.context.support.AbstractApplicationContext.close(AbstractApplicationContext.java:1132) ~[spring-context-7.0.3.jar:7.0.3]
	at org.springframework.boot.SpringApplicationShutdownHook.closeAndWait(SpringApplicationShutdownHook.java:147) ~[spring-boot-4.0.2.jar:4.0.2]
	at java.base/java.lang.Iterable.forEach(Iterable.java:75) ~[na:na]
	at org.springframework.boot.SpringApplicationShutdownHook.run(SpringApplicationShutdownHook.java:116) ~[spring-boot-4.0.2.jar:4.0.2]
	at java.base/java.lang.Thread.run(Thread.java:1474) ~[na:na]

2026-03-05T18:07:51.666+05:30  INFO 30824 --- [client-service] [SpringApplicationShutdownHook] com.netflix.discovery.DiscoveryClient    : Completed shut down of DiscoveryClient
2026-03-05T18:15:14.128+05:30  INFO 10076 --- [client-service] [main] c.w.client.ClientServiceApplication      : Starting ClientServiceApplication using Java 25 with PID 10076 (C:\Users\2463681\Downloads\final_Project\Wealth-Wise-Management-Portfoilio-Advisory-System\Backend\client-service\client-service\target\classes started by 2463681 in C:\Users\2463681\Downloads\final_Project\Wealth-Wise-Management-Portfoilio-Advisory-System\Backend)
2026-03-05T18:15:14.135+05:30  INFO 10076 --- [client-service] [main] c.w.client.ClientServiceApplication      : No active profile set, falling back to 1 default profile: "default"
2026-03-05T18:15:15.652+05:30  INFO 10076 --- [client-service] [main] .s.d.r.c.RepositoryConfigurationDelegate : Bootstrapping Spring Data JPA repositories in DEFAULT mode.
2026-03-05T18:15:15.849+05:30  INFO 10076 --- [client-service] [main] .s.d.r.c.RepositoryConfigurationDelegate : Finished Spring Data repository scanning in 182 ms. Found 1 JPA repository interface.
2026-03-05T18:15:16.077+05:30  INFO 10076 --- [client-service] [main] o.s.cloud.context.scope.GenericScope     : BeanFactory id=ec5c0d43-0339-3e3a-a9ea-0dfc89d70fb0
2026-03-05T18:15:16.599+05:30  INFO 10076 --- [client-service] [main] o.s.boot.tomcat.TomcatWebServer          : Tomcat initialized with port 8081 (http)
2026-03-05T18:15:16.614+05:30  INFO 10076 --- [client-service] [main] o.apache.catalina.core.StandardService   : Starting service [Tomcat]
2026-03-05T18:15:16.615+05:30  INFO 10076 --- [client-service] [main] o.apache.catalina.core.StandardEngine    : Starting Servlet engine: [Apache Tomcat/11.0.15]
2026-03-05T18:15:16.715+05:30  INFO 10076 --- [client-service] [main] b.w.c.s.WebApplicationContextInitializer : Root WebApplicationContext: initialization completed in 2474 ms
2026-03-05T18:15:16.954+05:30  INFO 10076 --- [client-service] [main] org.hibernate.orm.jpa                    : HHH008540: Processing PersistenceUnitInfo [name: default]
2026-03-05T18:15:17.054+05:30  INFO 10076 --- [client-service] [main] org.hibernate.orm.core                   : HHH000001: Hibernate ORM core version 7.2.1.Final
2026-03-05T18:15:17.781+05:30  INFO 10076 --- [client-service] [main] o.s.o.j.p.SpringPersistenceUnitInfo      : No LoadTimeWeaver setup: ignoring JPA class transformer
2026-03-05T18:15:17.818+05:30  INFO 10076 --- [client-service] [main] com.zaxxer.hikari.HikariDataSource       : HikariPool-1 - Starting...
2026-03-05T18:15:18.162+05:30  INFO 10076 --- [client-service] [main] com.zaxxer.hikari.pool.HikariPool        : HikariPool-1 - Added connection com.mysql.cj.jdbc.ConnectionImpl@74d53d63
2026-03-05T18:15:18.165+05:30  INFO 10076 --- [client-service] [main] com.zaxxer.hikari.HikariDataSource       : HikariPool-1 - Start completed.
2026-03-05T18:15:18.266+05:30  INFO 10076 --- [client-service] [main] org.hibernate.orm.connections.pooling    : HHH10001005: Database info:
	Database JDBC URL [jdbc:mysql://localhost:3306/finance_db]
	Database driver: MySQL Connector/J
	Database dialect: MySQLDialect
	Database version: 8.0.44
	Default catalog/schema: finance_db/undefined
	Autocommit mode: undefined/unknown
	Isolation level: REPEATABLE_READ [default REPEATABLE_READ]
	JDBC fetch size: none
	Pool: DataSourceConnectionProvider
	Minimum pool size: undefined/unknown
	Maximum pool size: undefined/unknown
2026-03-05T18:15:19.201+05:30  INFO 10076 --- [client-service] [main] org.hibernate.orm.core                   : HHH000489: No JTA platform available (set 'hibernate.transaction.jta.platform' to enable JTA platform integration)
2026-03-05T18:15:19.288+05:30  INFO 10076 --- [client-service] [main] j.LocalContainerEntityManagerFactoryBean : Initialized JPA EntityManagerFactory for persistence unit 'default'
2026-03-05T18:15:19.398+05:30  INFO 10076 --- [client-service] [main] o.s.d.j.r.query.QueryEnhancerFactories   : Hibernate is in classpath; If applicable, HQL parser will be used.
2026-03-05T18:15:19.682+05:30  WARN 10076 --- [client-service] [main] JpaBaseConfiguration$JpaWebConfiguration : spring.jpa.open-in-view is enabled by default. Therefore, database queries may be performed during view rendering. Explicitly configure spring.jpa.open-in-view to disable this warning
2026-03-05T18:15:20.339+05:30  INFO 10076 --- [client-service] [main] DiscoveryClientOptionalArgsConfiguration : Eureka HTTP Client uses RestClient.
2026-03-05T18:15:20.396+05:30  WARN 10076 --- [client-service] [main] iguration$LoadBalancerCaffeineWarnLogger : Spring Cloud LoadBalancer is currently working with the default cache. While this cache implementation is useful for development and tests, it's recommended to use Caffeine cache in production.You can switch to using Caffeine cache, by adding it and org.springframework.cache.caffeine.CaffeineCacheManager to the classpath.
2026-03-05T18:15:20.430+05:30  INFO 10076 --- [client-service] [main] o.s.c.n.eureka.InstanceInfoFactory       : Setting initial instance status as: STARTING
2026-03-05T18:15:20.467+05:30  INFO 10076 --- [client-service] [main] com.netflix.discovery.DiscoveryClient    : Initializing Eureka in region us-east-1
2026-03-05T18:15:20.473+05:30  INFO 10076 --- [client-service] [main] c.n.d.s.r.aws.ConfigClusterResolver      : Resolving eureka endpoints via configuration
2026-03-05T18:15:20.485+05:30  INFO 10076 --- [client-service] [main] com.netflix.discovery.DiscoveryClient    : Disable delta property : false
2026-03-05T18:15:20.485+05:30  INFO 10076 --- [client-service] [main] com.netflix.discovery.DiscoveryClient    : Single vip registry refresh property : null
2026-03-05T18:15:20.486+05:30  INFO 10076 --- [client-service] [main] com.netflix.discovery.DiscoveryClient    : Force full registry fetch : false
2026-03-05T18:15:20.486+05:30  INFO 10076 --- [client-service] [main] com.netflix.discovery.DiscoveryClient    : Application is null : false
2026-03-05T18:15:20.486+05:30  INFO 10076 --- [client-service] [main] com.netflix.discovery.DiscoveryClient    : Registered Applications size is zero : true
2026-03-05T18:15:20.486+05:30  INFO 10076 --- [client-service] [main] com.netflix.discovery.DiscoveryClient    : Application version is -1: true
2026-03-05T18:15:20.486+05:30  INFO 10076 --- [client-service] [main] com.netflix.discovery.DiscoveryClient    : Getting all instance registry info from the eureka server
2026-03-05T18:15:20.845+05:30  INFO 10076 --- [client-service] [main] com.netflix.discovery.DiscoveryClient    : The response status is 200
2026-03-05T18:15:20.848+05:30  INFO 10076 --- [client-service] [main] com.netflix.discovery.DiscoveryClient    : Starting heartbeat executor: renew interval is: 30
2026-03-05T18:15:20.849+05:30  INFO 10076 --- [client-service] [main] c.n.discovery.InstanceInfoReplicator     : InstanceInfoReplicator onDemand update allowed rate per min is 4
2026-03-05T18:15:20.851+05:30  INFO 10076 --- [client-service] [main] com.netflix.discovery.DiscoveryClient    : Discovery Client initialized at timestamp 1772714720850 with initial instances count: 1
2026-03-05T18:15:20.857+05:30  INFO 10076 --- [client-service] [main] o.s.c.n.e.s.EurekaServiceRegistry        : Registering application CLIENT-SERVICE with eureka with status UP
2026-03-05T18:15:20.857+05:30  INFO 10076 --- [client-service] [main] com.netflix.discovery.DiscoveryClient    : Saw local status change event StatusChangeEvent [timestamp=1772714720857, current=UP, previous=STARTING]
2026-03-05T18:15:20.859+05:30  INFO 10076 --- [client-service] [DiscoveryClient-InstanceInfoReplicator-%d] com.netflix.discovery.DiscoveryClient    : DiscoveryClient_CLIENT-SERVICE/LTIN656690.cts.com:client-service:8081: registering service...
2026-03-05T18:15:20.890+05:30  INFO 10076 --- [client-service] [main] o.s.boot.tomcat.TomcatWebServer          : Tomcat started on port 8081 (http) with context path '/'
2026-03-05T18:15:20.891+05:30  INFO 10076 --- [client-service] [main] .s.c.n.e.s.EurekaAutoServiceRegistration : Updating port to 8081
2026-03-05T18:15:20.906+05:30  INFO 10076 --- [client-service] [main] c.w.client.ClientServiceApplication      : Started ClientServiceApplication in 7.809 seconds (process running for 9.043)
2026-03-05T18:15:20.917+05:30  INFO 10076 --- [client-service] [DiscoveryClient-InstanceInfoReplicator-%d] com.netflix.discovery.DiscoveryClient    : DiscoveryClient_CLIENT-SERVICE/LTIN656690.cts.com:client-service:8081 - registration status: 204
2026-03-05T18:19:51.776+05:30  INFO 10076 --- [client-service] [http-nio-8081-exec-1] o.a.c.c.C.[Tomcat].[localhost].[/]       : Initializing Spring DispatcherServlet 'dispatcherServlet'
2026-03-05T18:19:51.776+05:30  INFO 10076 --- [client-service] [http-nio-8081-exec-1] o.s.web.servlet.DispatcherServlet        : Initializing Servlet 'dispatcherServlet'
2026-03-05T18:19:51.778+05:30  INFO 10076 --- [client-service] [http-nio-8081-exec-1] o.s.web.servlet.DispatcherServlet        : Completed initialization in 2 ms
2026-03-05T18:19:51.891+05:30  INFO 10076 --- [client-service] [http-nio-8081-exec-1] c.w.client.controller.ClientController   : API Request: GET /api/clients from Advisor ID: 1
2026-03-05T18:19:52.496+05:30 DEBUG 10076 --- [client-service] [http-nio-8081-exec-1] org.hibernate.SQL                        : select c1_0.client_id,c1_0.address,c1_0.advisor_id,c1_0.created_date,c1_0.date_of_birth,c1_0.email_address,c1_0.employer,c1_0.full_name,c1_0.investment_amount,c1_0.investment_goal,c1_0.investment_horizon,c1_0.kyc_document_ref,c1_0.kyc_status,c1_0.liquidity_needs,c1_0.occupation,c1_0.phone_number,c1_0.risk_profile from client c1_0 where c1_0.advisor_id=?
2026-03-05T18:19:53.186+05:30  INFO 10076 --- [client-service] [http-nio-8081-exec-3] c.w.client.controller.ClientController   : API Request: GET /api/clients/1 from Advisor ID: 1
2026-03-05T18:19:53.264+05:30 DEBUG 10076 --- [client-service] [http-nio-8081-exec-3] org.hibernate.SQL                        : select c1_0.client_id,c1_0.address,c1_0.advisor_id,c1_0.created_date,c1_0.date_of_birth,c1_0.email_address,c1_0.employer,c1_0.full_name,c1_0.investment_amount,c1_0.investment_goal,c1_0.investment_horizon,c1_0.kyc_document_ref,c1_0.kyc_status,c1_0.liquidity_needs,c1_0.occupation,c1_0.phone_number,c1_0.risk_profile from client c1_0 where c1_0.client_id=? and c1_0.advisor_id=?
2026-03-05T18:20:20.488+05:30  INFO 10076 --- [client-service] [AsyncResolver-bootstrap-executor-%d] c.n.d.s.r.aws.ConfigClusterResolver      : Resolving eureka endpoints via configuration
2026-03-05T18:25:20.490+05:30  INFO 10076 --- [client-service] [AsyncResolver-bootstrap-executor-%d] c.n.d.s.r.aws.ConfigClusterResolver      : Resolving eureka endpoints via configuration
2026-03-05T18:26:19.444+05:30  INFO 10076 --- [client-service] [http-nio-8081-exec-2] c.w.client.controller.ClientController   : API Request: GET /api/clients from Advisor ID: 1
2026-03-05T18:26:19.448+05:30 DEBUG 10076 --- [client-service] [http-nio-8081-exec-2] org.hibernate.SQL                        : select c1_0.client_id,c1_0.address,c1_0.advisor_id,c1_0.created_date,c1_0.date_of_birth,c1_0.email_address,c1_0.employer,c1_0.full_name,c1_0.investment_amount,c1_0.investment_goal,c1_0.investment_horizon,c1_0.kyc_document_ref,c1_0.kyc_status,c1_0.liquidity_needs,c1_0.occupation,c1_0.phone_number,c1_0.risk_profile from client c1_0 where c1_0.advisor_id=?
2026-03-05T18:32:01.923+05:30  WARN 10076 --- [client-service] [HikariPool-1:housekeeper] com.zaxxer.hikari.pool.HikariPool        : HikariPool-1 - Thread starvation or clock leap detected (housekeeper delta=6m13s593ms756µs).
2026-03-05T19:13:43.517+05:30  INFO 10076 --- [client-service] [http-nio-8081-exec-7] c.w.client.controller.ClientController   : API Request: GET /api/clients from Advisor ID: 1
2026-03-05T19:13:43.521+05:30 DEBUG 10076 --- [client-service] [http-nio-8081-exec-7] org.hibernate.SQL                        : select c1_0.client_id,c1_0.address,c1_0.advisor_id,c1_0.created_date,c1_0.date_of_birth,c1_0.email_address,c1_0.employer,c1_0.full_name,c1_0.investment_amount,c1_0.investment_goal,c1_0.investment_horizon,c1_0.kyc_document_ref,c1_0.kyc_status,c1_0.liquidity_needs,c1_0.occupation,c1_0.phone_number,c1_0.risk_profile from client c1_0 where c1_0.advisor_id=?
2026-03-05T19:13:51.131+05:30  WARN 10076 --- [client-service] [HikariPool-1:housekeeper] com.zaxxer.hikari.pool.HikariPool        : HikariPool-1 - Thread starvation or clock leap detected (housekeeper delta=41m49s209ms88µs).
2026-03-05T19:14:13.828+05:30  INFO 10076 --- [client-service] [http-nio-8081-exec-8] c.w.client.controller.ClientController   : API Request: GET /api/clients/1 from Advisor ID: 1
2026-03-05T19:14:13.830+05:30 DEBUG 10076 --- [client-service] [http-nio-8081-exec-8] org.hibernate.SQL                        : select c1_0.client_id,c1_0.address,c1_0.advisor_id,c1_0.created_date,c1_0.date_of_birth,c1_0.email_address,c1_0.employer,c1_0.full_name,c1_0.investment_amount,c1_0.investment_goal,c1_0.investment_horizon,c1_0.kyc_document_ref,c1_0.kyc_status,c1_0.liquidity_needs,c1_0.occupation,c1_0.phone_number,c1_0.risk_profile from client c1_0 where c1_0.client_id=? and c1_0.advisor_id=?
2026-03-05T19:17:23.281+05:30  INFO 10076 --- [client-service] [AsyncResolver-bootstrap-executor-%d] c.n.d.s.r.aws.ConfigClusterResolver      : Resolving eureka endpoints via configuration
2026-03-05T19:22:23.312+05:30  INFO 10076 --- [client-service] [AsyncResolver-bootstrap-executor-%d] c.n.d.s.r.aws.ConfigClusterResolver      : Resolving eureka endpoints via configuration
2026-03-05T19:27:23.320+05:30  INFO 10076 --- [client-service] [AsyncResolver-bootstrap-executor-%d] c.n.d.s.r.aws.ConfigClusterResolver      : Resolving eureka endpoints via configuration
2026-03-05T19:32:23.335+05:30  INFO 10076 --- [client-service] [AsyncResolver-bootstrap-executor-%d] c.n.d.s.r.aws.ConfigClusterResolver      : Resolving eureka endpoints via configuration
2026-03-05T19:34:07.713+05:30  INFO 10076 --- [client-service] [http-nio-8081-exec-1] c.w.client.controller.ClientController   : API Request: GET /api/clients from Advisor ID: 1
2026-03-05T19:34:07.715+05:30 DEBUG 10076 --- [client-service] [http-nio-8081-exec-1] org.hibernate.SQL                        : select c1_0.client_id,c1_0.address,c1_0.advisor_id,c1_0.created_date,c1_0.date_of_birth,c1_0.email_address,c1_0.employer,c1_0.full_name,c1_0.investment_amount,c1_0.investment_goal,c1_0.investment_horizon,c1_0.kyc_document_ref,c1_0.kyc_status,c1_0.liquidity_needs,c1_0.occupation,c1_0.phone_number,c1_0.risk_profile from client c1_0 where c1_0.advisor_id=?
2026-03-05T19:34:07.810+05:30  WARN 10076 --- [client-service] [http-nio-8081-exec-1] org.hibernate.orm.jdbc.error             : HHH000247: ErrorCode: 1146, SQLState: 42S02
2026-03-05T19:34:07.817+05:30  WARN 10076 --- [client-service] [http-nio-8081-exec-1] org.hibernate.orm.jdbc.error             : Table 'finance_db.client' doesn't exist
2026-03-05T19:34:07.860+05:30 ERROR 10076 --- [client-service] [http-nio-8081-exec-1] c.w.c.exception.GlobalExceptionHandler   : Runtime Exception occurred: 

org.springframework.dao.InvalidDataAccessResourceUsageException: JDBC exception executing SQL [Table 'finance_db.client' doesn't exist] [select c1_0.client_id,c1_0.address,c1_0.advisor_id,c1_0.created_date,c1_0.date_of_birth,c1_0.email_address,c1_0.employer,c1_0.full_name,c1_0.investment_amount,c1_0.investment_goal,c1_0.investment_horizon,c1_0.kyc_document_ref,c1_0.kyc_status,c1_0.liquidity_needs,c1_0.occupation,c1_0.phone_number,c1_0.risk_profile from client c1_0 where c1_0.advisor_id=?]; SQL [select c1_0.client_id,c1_0.address,c1_0.advisor_id,c1_0.created_date,c1_0.date_of_birth,c1_0.email_address,c1_0.employer,c1_0.full_name,c1_0.investment_amount,c1_0.investment_goal,c1_0.investment_horizon,c1_0.kyc_document_ref,c1_0.kyc_status,c1_0.liquidity_needs,c1_0.occupation,c1_0.phone_number,c1_0.risk_profile from client c1_0 where c1_0.advisor_id=?]
	at org.springframework.orm.jpa.hibernate.HibernateExceptionTranslator.convertHibernateAccessException(HibernateExceptionTranslator.java:156) ~[spring-orm-7.0.3.jar:7.0.3]
	at org.springframework.orm.jpa.hibernate.HibernateExceptionTranslator.convertHibernateAccessException(HibernateExceptionTranslator.java:131) ~[spring-orm-7.0.3.jar:7.0.3]
	at org.springframework.orm.jpa.hibernate.HibernateExceptionTranslator.translateExceptionIfPossible(HibernateExceptionTranslator.java:105) ~[spring-orm-7.0.3.jar:7.0.3]
	at org.springframework.orm.jpa.vendor.HibernateJpaDialect.translateExceptionIfPossible(HibernateJpaDialect.java:199) ~[spring-orm-7.0.3.jar:7.0.3]
	at org.springframework.orm.jpa.AbstractEntityManagerFactoryBean.translateExceptionIfPossible(AbstractEntityManagerFactoryBean.java:556) ~[spring-orm-7.0.3.jar:7.0.3]
	at org.springframework.dao.support.ChainedPersistenceExceptionTranslator.translateExceptionIfPossible(ChainedPersistenceExceptionTranslator.java:61) ~[spring-tx-7.0.3.jar:7.0.3]
	at org.springframework.dao.support.DataAccessUtils.translateIfNecessary(DataAccessUtils.java:346) ~[spring-tx-7.0.3.jar:7.0.3]
	at org.springframework.dao.support.PersistenceExceptionTranslationInterceptor.invoke(PersistenceExceptionTranslationInterceptor.java:157) ~[spring-tx-7.0.3.jar:7.0.3]
	at org.springframework.aop.framework.ReflectiveMethodInvocation.proceed(ReflectiveMethodInvocation.java:179) ~[spring-aop-7.0.3.jar:7.0.3]
	at org.springframework.data.jpa.repository.support.CrudMethodMetadataPostProcessor$CrudMethodMetadataPopulatingMethodInterceptor.invoke(CrudMethodMetadataPostProcessor.java:137) ~[spring-data-jpa-4.0.2.jar:4.0.2]
	at org.springframework.aop.framework.ReflectiveMethodInvocation.proceed(ReflectiveMethodInvocation.java:179) ~[spring-aop-7.0.3.jar:7.0.3]
	at org.springframework.aop.framework.JdkDynamicAopProxy.invoke(JdkDynamicAopProxy.java:222) ~[spring-aop-7.0.3.jar:7.0.3]
	at jdk.proxy2/jdk.proxy2.$Proxy140.findByAdvisorId(Unknown Source) ~[na:na]
	at com.wealth.client.service.ClientService.getAllClients(ClientService.java:71) ~[classes/:na]
	at com.wealth.client.controller.ClientController.getMyClients(ClientController.java:46) ~[classes/:na]
	at java.base/jdk.internal.reflect.DirectMethodHandleAccessor.invoke(DirectMethodHandleAccessor.java:104) ~[na:na]
	at java.base/java.lang.reflect.Method.invoke(Method.java:565) ~[na:na]
	at org.springframework.web.method.support.InvocableHandlerMethod.doInvoke(InvocableHandlerMethod.java:258) ~[spring-web-7.0.3.jar:7.0.3]
	at org.springframework.web.method.support.InvocableHandlerMethod.invokeForRequest(InvocableHandlerMethod.java:190) ~[spring-web-7.0.3.jar:7.0.3]
	at org.springframework.web.servlet.mvc.method.annotation.ServletInvocableHandlerMethod.invokeAndHandle(ServletInvocableHandlerMethod.java:117) ~[spring-webmvc-7.0.3.jar:7.0.3]
	at org.springframework.web.servlet.mvc.method.annotation.RequestMappingHandlerAdapter.invokeHandlerMethod(RequestMappingHandlerAdapter.java:934) ~[spring-webmvc-7.0.3.jar:7.0.3]
	at org.springframework.web.servlet.mvc.method.annotation.RequestMappingHandlerAdapter.handleInternal(RequestMappingHandlerAdapter.java:853) ~[spring-webmvc-7.0.3.jar:7.0.3]
	at org.springframework.web.servlet.mvc.method.AbstractHandlerMethodAdapter.handle(AbstractHandlerMethodAdapter.java:86) ~[spring-webmvc-7.0.3.jar:7.0.3]
	at org.springframework.web.servlet.DispatcherServlet.doDispatch(DispatcherServlet.java:963) ~[spring-webmvc-7.0.3.jar:7.0.3]
	at org.springframework.web.servlet.DispatcherServlet.doService(DispatcherServlet.java:866) ~[spring-webmvc-7.0.3.jar:7.0.3]
	at org.springframework.web.servlet.FrameworkServlet.processRequest(FrameworkServlet.java:1003) ~[spring-webmvc-7.0.3.jar:7.0.3]
	at org.springframework.web.servlet.FrameworkServlet.doGet(FrameworkServlet.java:892) ~[spring-webmvc-7.0.3.jar:7.0.3]
	at jakarta.servlet.http.HttpServlet.service(HttpServlet.java:622) ~[tomcat-embed-core-11.0.15.jar:6.1]
	at org.springframework.web.servlet.FrameworkServlet.service(FrameworkServlet.java:874) ~[spring-webmvc-7.0.3.jar:7.0.3]
	at jakarta.servlet.http.HttpServlet.service(HttpServlet.java:710) ~[tomcat-embed-core-11.0.15.jar:6.1]
	at org.apache.catalina.core.ApplicationFilterChain.doFilter(ApplicationFilterChain.java:128) ~[tomcat-embed-core-11.0.15.jar:11.0.15]
	at org.apache.tomcat.websocket.server.WsFilter.doFilter(WsFilter.java:53) ~[tomcat-embed-websocket-11.0.15.jar:11.0.15]
	at org.apache.catalina.core.ApplicationFilterChain.doFilter(ApplicationFilterChain.java:107) ~[tomcat-embed-core-11.0.15.jar:11.0.15]
	at org.springframework.web.filter.RequestContextFilter.doFilterInternal(RequestContextFilter.java:100) ~[spring-web-7.0.3.jar:7.0.3]
	at org.springframework.web.filter.OncePerRequestFilter.doFilter(OncePerRequestFilter.java:116) ~[spring-web-7.0.3.jar:7.0.3]
	at org.apache.catalina.core.ApplicationFilterChain.doFilter(ApplicationFilterChain.java:107) ~[tomcat-embed-core-11.0.15.jar:11.0.15]
	at org.springframework.web.filter.FormContentFilter.doFilterInternal(FormContentFilter.java:93) ~[spring-web-7.0.3.jar:7.0.3]
	at org.springframework.web.filter.OncePerRequestFilter.doFilter(OncePerRequestFilter.java:116) ~[spring-web-7.0.3.jar:7.0.3]
	at org.apache.catalina.core.ApplicationFilterChain.doFilter(ApplicationFilterChain.java:107) ~[tomcat-embed-core-11.0.15.jar:11.0.15]
	at org.springframework.web.filter.CharacterEncodingFilter.doFilterInternal(CharacterEncodingFilter.java:199) ~[spring-web-7.0.3.jar:7.0.3]
	at org.springframework.web.filter.OncePerRequestFilter.doFilter(OncePerRequestFilter.java:116) ~[spring-web-7.0.3.jar:7.0.3]
	at org.apache.catalina.core.ApplicationFilterChain.doFilter(ApplicationFilterChain.java:107) ~[tomcat-embed-core-11.0.15.jar:11.0.15]
	at org.apache.catalina.core.StandardWrapperValve.invoke(StandardWrapperValve.java:165) ~[tomcat-embed-core-11.0.15.jar:11.0.15]
	at org.apache.catalina.core.StandardContextValve.invoke(StandardContextValve.java:77) ~[tomcat-embed-core-11.0.15.jar:11.0.15]
	at org.apache.catalina.authenticator.AuthenticatorBase.invoke(AuthenticatorBase.java:482) ~[tomcat-embed-core-11.0.15.jar:11.0.15]
	at org.apache.catalina.core.StandardHostValve.invoke(StandardHostValve.java:113) ~[tomcat-embed-core-11.0.15.jar:11.0.15]
	at org.apache.catalina.valves.ErrorReportValve.invoke(ErrorReportValve.java:83) ~[tomcat-embed-core-11.0.15.jar:11.0.15]
	at org.apache.catalina.core.StandardEngineValve.invoke(StandardEngineValve.java:72) ~[tomcat-embed-core-11.0.15.jar:11.0.15]
	at org.apache.catalina.connector.CoyoteAdapter.service(CoyoteAdapter.java:341) ~[tomcat-embed-core-11.0.15.jar:11.0.15]
	at org.apache.coyote.http11.Http11Processor.service(Http11Processor.java:397) ~[tomcat-embed-core-11.0.15.jar:11.0.15]
	at org.apache.coyote.AbstractProcessorLight.process(AbstractProcessorLight.java:63) ~[tomcat-embed-core-11.0.15.jar:11.0.15]
	at org.apache.coyote.AbstractProtocol$ConnectionHandler.process(AbstractProtocol.java:903) ~[tomcat-embed-core-11.0.15.jar:11.0.15]
	at org.apache.tomcat.util.net.NioEndpoint$SocketProcessor.doRun(NioEndpoint.java:1778) ~[tomcat-embed-core-11.0.15.jar:11.0.15]
	at org.apache.tomcat.util.net.SocketProcessorBase.run(SocketProcessorBase.java:52) ~[tomcat-embed-core-11.0.15.jar:11.0.15]
	at org.apache.tomcat.util.threads.ThreadPoolExecutor.runWorker(ThreadPoolExecutor.java:946) ~[tomcat-embed-core-11.0.15.jar:11.0.15]
	at org.apache.tomcat.util.threads.ThreadPoolExecutor$Worker.run(ThreadPoolExecutor.java:480) ~[tomcat-embed-core-11.0.15.jar:11.0.15]
	at org.apache.tomcat.util.threads.TaskThread$WrappingRunnable.run(TaskThread.java:57) ~[tomcat-embed-core-11.0.15.jar:11.0.15]
	at java.base/java.lang.Thread.run(Thread.java:1474) ~[na:na]
Caused by: org.hibernate.exception.SQLGrammarException: JDBC exception executing SQL [Table 'finance_db.client' doesn't exist] [select c1_0.client_id,c1_0.address,c1_0.advisor_id,c1_0.created_date,c1_0.date_of_birth,c1_0.email_address,c1_0.employer,c1_0.full_name,c1_0.investment_amount,c1_0.investment_goal,c1_0.investment_horizon,c1_0.kyc_document_ref,c1_0.kyc_status,c1_0.liquidity_needs,c1_0.occupation,c1_0.phone_number,c1_0.risk_profile from client c1_0 where c1_0.advisor_id=?]
	at org.hibernate.exception.internal.SQLExceptionTypeDelegate.convert(SQLExceptionTypeDelegate.java:64) ~[hibernate-core-7.2.1.Final.jar:7.2.1.Final]
	at org.hibernate.exception.internal.StandardSQLExceptionConverter.convert(StandardSQLExceptionConverter.java:34) ~[hibernate-core-7.2.1.Final.jar:7.2.1.Final]
	at org.hibernate.engine.jdbc.spi.SqlExceptionHelper.convert(SqlExceptionHelper.java:115) ~[hibernate-core-7.2.1.Final.jar:7.2.1.Final]
	at org.hibernate.sql.results.jdbc.internal.DeferredResultSetAccess.executeQuery(DeferredResultSetAccess.java:290) ~[hibernate-core-7.2.1.Final.jar:7.2.1.Final]
	at org.hibernate.sql.results.jdbc.internal.DeferredResultSetAccess.getResultSet(DeferredResultSetAccess.java:190) ~[hibernate-core-7.2.1.Final.jar:7.2.1.Final]
	at org.hibernate.sql.results.jdbc.internal.JdbcValuesResultSetImpl.<init>(JdbcValuesResultSetImpl.java:71) ~[hibernate-core-7.2.1.Final.jar:7.2.1.Final]
	at org.hibernate.sql.exec.internal.JdbcSelectExecutorStandardImpl.resolveJdbcValues(JdbcSelectExecutorStandardImpl.java:393) ~[hibernate-core-7.2.1.Final.jar:7.2.1.Final]
	at org.hibernate.sql.exec.internal.JdbcSelectExecutorStandardImpl.resolveJdbcValuesSource(JdbcSelectExecutorStandardImpl.java:354) ~[hibernate-core-7.2.1.Final.jar:7.2.1.Final]
	at org.hibernate.sql.exec.internal.JdbcSelectExecutorStandardImpl.doExecuteQuery(JdbcSelectExecutorStandardImpl.java:135) ~[hibernate-core-7.2.1.Final.jar:7.2.1.Final]
	at org.hibernate.sql.exec.internal.JdbcSelectExecutorStandardImpl.executeQuery(JdbcSelectExecutorStandardImpl.java:100) ~[hibernate-core-7.2.1.Final.jar:7.2.1.Final]
	at org.hibernate.sql.exec.spi.JdbcSelectExecutor.executeQuery(JdbcSelectExecutor.java:63) ~[hibernate-core-7.2.1.Final.jar:7.2.1.Final]
	at org.hibernate.sql.exec.spi.JdbcSelectExecutor.list(JdbcSelectExecutor.java:137) ~[hibernate-core-7.2.1.Final.jar:7.2.1.Final]
	at org.hibernate.query.sqm.internal.ConcreteSqmSelectQueryPlan.lambda$new$1(ConcreteSqmSelectQueryPlan.java:128) ~[hibernate-core-7.2.1.Final.jar:7.2.1.Final]
	at org.hibernate.query.sqm.internal.ConcreteSqmSelectQueryPlan.withCacheableSqmInterpretation(ConcreteSqmSelectQueryPlan.java:427) ~[hibernate-core-7.2.1.Final.jar:7.2.1.Final]
	at org.hibernate.query.sqm.internal.ConcreteSqmSelectQueryPlan.performList(ConcreteSqmSelectQueryPlan.java:355) ~[hibernate-core-7.2.1.Final.jar:7.2.1.Final]
	at org.hibernate.query.sqm.internal.SqmQueryImpl.doList(SqmQueryImpl.java:374) ~[hibernate-core-7.2.1.Final.jar:7.2.1.Final]
	at org.hibernate.query.spi.AbstractSelectionQuery.list(AbstractSelectionQuery.java:153) ~[hibernate-core-7.2.1.Final.jar:7.2.1.Final]
	at org.hibernate.query.Query.getResultList(Query.java:121) ~[hibernate-core-7.2.1.Final.jar:7.2.1.Final]
	at org.springframework.data.jpa.repository.query.JpaQueryExecution$CollectionExecution.doExecute(JpaQueryExecution.java:132) ~[spring-data-jpa-4.0.2.jar:4.0.2]
	at org.springframework.data.jpa.repository.query.JpaQueryExecution.execute(JpaQueryExecution.java:99) ~[spring-data-jpa-4.0.2.jar:4.0.2]
	at org.springframework.data.jpa.repository.query.AbstractJpaQuery.doExecute(AbstractJpaQuery.java:164) ~[spring-data-jpa-4.0.2.jar:4.0.2]
	at org.springframework.data.jpa.repository.query.AbstractJpaQuery.execute(AbstractJpaQuery.java:154) ~[spring-data-jpa-4.0.2.jar:4.0.2]
	at org.springframework.data.repository.core.support.RepositoryMethodInvoker.doInvoke(RepositoryMethodInvoker.java:169) ~[spring-data-commons-4.0.2.jar:4.0.2]
	at org.springframework.data.repository.core.support.RepositoryMethodInvoker.invoke(RepositoryMethodInvoker.java:158) ~[spring-data-commons-4.0.2.jar:4.0.2]
	at org.springframework.data.repository.core.support.QueryExecutorMethodInterceptor.doInvoke(QueryExecutorMethodInterceptor.java:167) ~[spring-data-commons-4.0.2.jar:4.0.2]
	at org.springframework.data.repository.core.support.QueryExecutorMethodInterceptor.invoke(QueryExecutorMethodInterceptor.java:146) ~[spring-data-commons-4.0.2.jar:4.0.2]
	at org.springframework.aop.framework.ReflectiveMethodInvocation.proceed(ReflectiveMethodInvocation.java:179) ~[spring-aop-7.0.3.jar:7.0.3]
	at org.springframework.data.projection.DefaultMethodInvokingMethodInterceptor.invoke(DefaultMethodInvokingMethodInterceptor.java:69) ~[spring-data-commons-4.0.2.jar:4.0.2]
	at org.springframework.aop.framework.ReflectiveMethodInvocation.proceed(ReflectiveMethodInvocation.java:179) ~[spring-aop-7.0.3.jar:7.0.3]
	at org.springframework.transaction.interceptor.TransactionInterceptor$1.proceedWithInvocation(TransactionInterceptor.java:133) ~[spring-tx-7.0.3.jar:7.0.3]
	at org.springframework.transaction.interceptor.TransactionAspectSupport.invokeWithinTransaction(TransactionAspectSupport.java:371) ~[spring-tx-7.0.3.jar:7.0.3]
	at org.springframework.transaction.interceptor.TransactionInterceptor.invoke(TransactionInterceptor.java:130) ~[spring-tx-7.0.3.jar:7.0.3]
	at org.springframework.aop.framework.ReflectiveMethodInvocation.proceed(ReflectiveMethodInvocation.java:179) ~[spring-aop-7.0.3.jar:7.0.3]
	at org.springframework.dao.support.PersistenceExceptionTranslationInterceptor.invoke(PersistenceExceptionTranslationInterceptor.java:135) ~[spring-tx-7.0.3.jar:7.0.3]
	... 50 common frames omitted
Caused by: java.sql.SQLSyntaxErrorException: Table 'finance_db.client' doesn't exist
	at com.mysql.cj.jdbc.exceptions.SQLError.createSQLException(SQLError.java:112) ~[mysql-connector-j-9.5.0.jar:9.5.0]
	at com.mysql.cj.jdbc.exceptions.SQLExceptionsMapping.translateException(SQLExceptionsMapping.java:114) ~[mysql-connector-j-9.5.0.jar:9.5.0]
	at com.mysql.cj.jdbc.ClientPreparedStatement.executeInternal(ClientPreparedStatement.java:988) ~[mysql-connector-j-9.5.0.jar:9.5.0]
	at com.mysql.cj.jdbc.ClientPreparedStatement.executeQuery(ClientPreparedStatement.java:1056) ~[mysql-connector-j-9.5.0.jar:9.5.0]
	at com.zaxxer.hikari.pool.ProxyPreparedStatement.executeQuery(ProxyPreparedStatement.java:52) ~[HikariCP-7.0.2.jar:na]
	at com.zaxxer.hikari.pool.HikariProxyPreparedStatement.executeQuery(HikariProxyPreparedStatement.java) ~[HikariCP-7.0.2.jar:na]
	at org.hibernate.sql.results.jdbc.internal.DeferredResultSetAccess.executeQuery(DeferredResultSetAccess.java:271) ~[hibernate-core-7.2.1.Final.jar:7.2.1.Final]
	... 80 common frames omitted

2026-03-05T19:34:41.591+05:30  INFO 10076 --- [client-service] [http-nio-8081-exec-3] c.w.client.controller.ClientController   : API Request: GET /api/clients from Advisor ID: 1
2026-03-05T19:34:41.593+05:30 DEBUG 10076 --- [client-service] [http-nio-8081-exec-3] org.hibernate.SQL                        : select c1_0.client_id,c1_0.address,c1_0.advisor_id,c1_0.created_date,c1_0.date_of_birth,c1_0.email_address,c1_0.employer,c1_0.full_name,c1_0.investment_amount,c1_0.investment_goal,c1_0.investment_horizon,c1_0.kyc_document_ref,c1_0.kyc_status,c1_0.liquidity_needs,c1_0.occupation,c1_0.phone_number,c1_0.risk_profile from client c1_0 where c1_0.advisor_id=?
2026-03-05T19:34:41.597+05:30  WARN 10076 --- [client-service] [http-nio-8081-exec-3] org.hibernate.orm.jdbc.error             : HHH000247: ErrorCode: 1146, SQLState: 42S02
2026-03-05T19:34:41.597+05:30  WARN 10076 --- [client-service] [http-nio-8081-exec-3] org.hibernate.orm.jdbc.error             : Table 'finance_db.client' doesn't exist
2026-03-05T19:34:41.603+05:30 ERROR 10076 --- [client-service] [http-nio-8081-exec-3] c.w.c.exception.GlobalExceptionHandler   : Runtime Exception occurred: 

org.springframework.dao.InvalidDataAccessResourceUsageException: JDBC exception executing SQL [Table 'finance_db.client' doesn't exist] [select c1_0.client_id,c1_0.address,c1_0.advisor_id,c1_0.created_date,c1_0.date_of_birth,c1_0.email_address,c1_0.employer,c1_0.full_name,c1_0.investment_amount,c1_0.investment_goal,c1_0.investment_horizon,c1_0.kyc_document_ref,c1_0.kyc_status,c1_0.liquidity_needs,c1_0.occupation,c1_0.phone_number,c1_0.risk_profile from client c1_0 where c1_0.advisor_id=?]; SQL [select c1_0.client_id,c1_0.address,c1_0.advisor_id,c1_0.created_date,c1_0.date_of_birth,c1_0.email_address,c1_0.employer,c1_0.full_name,c1_0.investment_amount,c1_0.investment_goal,c1_0.investment_horizon,c1_0.kyc_document_ref,c1_0.kyc_status,c1_0.liquidity_needs,c1_0.occupation,c1_0.phone_number,c1_0.risk_profile from client c1_0 where c1_0.advisor_id=?]
	at org.springframework.orm.jpa.hibernate.HibernateExceptionTranslator.convertHibernateAccessException(HibernateExceptionTranslator.java:156) ~[spring-orm-7.0.3.jar:7.0.3]
	at org.springframework.orm.jpa.hibernate.HibernateExceptionTranslator.convertHibernateAccessException(HibernateExceptionTranslator.java:131) ~[spring-orm-7.0.3.jar:7.0.3]
	at org.springframework.orm.jpa.hibernate.HibernateExceptionTranslator.translateExceptionIfPossible(HibernateExceptionTranslator.java:105) ~[spring-orm-7.0.3.jar:7.0.3]
	at org.springframework.orm.jpa.vendor.HibernateJpaDialect.translateExceptionIfPossible(HibernateJpaDialect.java:199) ~[spring-orm-7.0.3.jar:7.0.3]
	at org.springframework.orm.jpa.AbstractEntityManagerFactoryBean.translateExceptionIfPossible(AbstractEntityManagerFactoryBean.java:556) ~[spring-orm-7.0.3.jar:7.0.3]
	at org.springframework.dao.support.ChainedPersistenceExceptionTranslator.translateExceptionIfPossible(ChainedPersistenceExceptionTranslator.java:61) ~[spring-tx-7.0.3.jar:7.0.3]
	at org.springframework.dao.support.DataAccessUtils.translateIfNecessary(DataAccessUtils.java:346) ~[spring-tx-7.0.3.jar:7.0.3]
	at org.springframework.dao.support.PersistenceExceptionTranslationInterceptor.invoke(PersistenceExceptionTranslationInterceptor.java:157) ~[spring-tx-7.0.3.jar:7.0.3]
	at org.springframework.aop.framework.ReflectiveMethodInvocation.proceed(ReflectiveMethodInvocation.java:179) ~[spring-aop-7.0.3.jar:7.0.3]
	at org.springframework.data.jpa.repository.support.CrudMethodMetadataPostProcessor$CrudMethodMetadataPopulatingMethodInterceptor.invoke(CrudMethodMetadataPostProcessor.java:137) ~[spring-data-jpa-4.0.2.jar:4.0.2]
	at org.springframework.aop.framework.ReflectiveMethodInvocation.proceed(ReflectiveMethodInvocation.java:179) ~[spring-aop-7.0.3.jar:7.0.3]
	at org.springframework.aop.framework.JdkDynamicAopProxy.invoke(JdkDynamicAopProxy.java:222) ~[spring-aop-7.0.3.jar:7.0.3]
	at jdk.proxy2/jdk.proxy2.$Proxy140.findByAdvisorId(Unknown Source) ~[na:na]
	at com.wealth.client.service.ClientService.getAllClients(ClientService.java:71) ~[classes/:na]
	at com.wealth.client.controller.ClientController.getMyClients(ClientController.java:46) ~[classes/:na]
	at java.base/jdk.internal.reflect.DirectMethodHandleAccessor.invoke(DirectMethodHandleAccessor.java:104) ~[na:na]
	at java.base/java.lang.reflect.Method.invoke(Method.java:565) ~[na:na]
	at org.springframework.web.method.support.InvocableHandlerMethod.doInvoke(InvocableHandlerMethod.java:258) ~[spring-web-7.0.3.jar:7.0.3]
	at org.springframework.web.method.support.InvocableHandlerMethod.invokeForRequest(InvocableHandlerMethod.java:190) ~[spring-web-7.0.3.jar:7.0.3]
	at org.springframework.web.servlet.mvc.method.annotation.ServletInvocableHandlerMethod.invokeAndHandle(ServletInvocableHandlerMethod.java:117) ~[spring-webmvc-7.0.3.jar:7.0.3]
	at org.springframework.web.servlet.mvc.method.annotation.RequestMappingHandlerAdapter.invokeHandlerMethod(RequestMappingHandlerAdapter.java:934) ~[spring-webmvc-7.0.3.jar:7.0.3]
	at org.springframework.web.servlet.mvc.method.annotation.RequestMappingHandlerAdapter.handleInternal(RequestMappingHandlerAdapter.java:853) ~[spring-webmvc-7.0.3.jar:7.0.3]
	at org.springframework.web.servlet.mvc.method.AbstractHandlerMethodAdapter.handle(AbstractHandlerMethodAdapter.java:86) ~[spring-webmvc-7.0.3.jar:7.0.3]
	at org.springframework.web.servlet.DispatcherServlet.doDispatch(DispatcherServlet.java:963) ~[spring-webmvc-7.0.3.jar:7.0.3]
	at org.springframework.web.servlet.DispatcherServlet.doService(DispatcherServlet.java:866) ~[spring-webmvc-7.0.3.jar:7.0.3]
	at org.springframework.web.servlet.FrameworkServlet.processRequest(FrameworkServlet.java:1003) ~[spring-webmvc-7.0.3.jar:7.0.3]
	at org.springframework.web.servlet.FrameworkServlet.doGet(FrameworkServlet.java:892) ~[spring-webmvc-7.0.3.jar:7.0.3]
	at jakarta.servlet.http.HttpServlet.service(HttpServlet.java:622) ~[tomcat-embed-core-11.0.15.jar:6.1]
	at org.springframework.web.servlet.FrameworkServlet.service(FrameworkServlet.java:874) ~[spring-webmvc-7.0.3.jar:7.0.3]
	at jakarta.servlet.http.HttpServlet.service(HttpServlet.java:710) ~[tomcat-embed-core-11.0.15.jar:6.1]
	at org.apache.catalina.core.ApplicationFilterChain.doFilter(ApplicationFilterChain.java:128) ~[tomcat-embed-core-11.0.15.jar:11.0.15]
	at org.apache.tomcat.websocket.server.WsFilter.doFilter(WsFilter.java:53) ~[tomcat-embed-websocket-11.0.15.jar:11.0.15]
	at org.apache.catalina.core.ApplicationFilterChain.doFilter(ApplicationFilterChain.java:107) ~[tomcat-embed-core-11.0.15.jar:11.0.15]
	at org.springframework.web.filter.RequestContextFilter.doFilterInternal(RequestContextFilter.java:100) ~[spring-web-7.0.3.jar:7.0.3]
	at org.springframework.web.filter.OncePerRequestFilter.doFilter(OncePerRequestFilter.java:116) ~[spring-web-7.0.3.jar:7.0.3]
	at org.apache.catalina.core.ApplicationFilterChain.doFilter(ApplicationFilterChain.java:107) ~[tomcat-embed-core-11.0.15.jar:11.0.15]
	at org.springframework.web.filter.FormContentFilter.doFilterInternal(FormContentFilter.java:93) ~[spring-web-7.0.3.jar:7.0.3]
	at org.springframework.web.filter.OncePerRequestFilter.doFilter(OncePerRequestFilter.java:116) ~[spring-web-7.0.3.jar:7.0.3]
	at org.apache.catalina.core.ApplicationFilterChain.doFilter(ApplicationFilterChain.java:107) ~[tomcat-embed-core-11.0.15.jar:11.0.15]
	at org.springframework.web.filter.CharacterEncodingFilter.doFilterInternal(CharacterEncodingFilter.java:199) ~[spring-web-7.0.3.jar:7.0.3]
	at org.springframework.web.filter.OncePerRequestFilter.doFilter(OncePerRequestFilter.java:116) ~[spring-web-7.0.3.jar:7.0.3]
	at org.apache.catalina.core.ApplicationFilterChain.doFilter(ApplicationFilterChain.java:107) ~[tomcat-embed-core-11.0.15.jar:11.0.15]
	at org.apache.catalina.core.StandardWrapperValve.invoke(StandardWrapperValve.java:165) ~[tomcat-embed-core-11.0.15.jar:11.0.15]
	at org.apache.catalina.core.StandardContextValve.invoke(StandardContextValve.java:77) ~[tomcat-embed-core-11.0.15.jar:11.0.15]
	at org.apache.catalina.authenticator.AuthenticatorBase.invoke(AuthenticatorBase.java:482) ~[tomcat-embed-core-11.0.15.jar:11.0.15]
	at org.apache.catalina.core.StandardHostValve.invoke(StandardHostValve.java:113) ~[tomcat-embed-core-11.0.15.jar:11.0.15]
	at org.apache.catalina.valves.ErrorReportValve.invoke(ErrorReportValve.java:83) ~[tomcat-embed-core-11.0.15.jar:11.0.15]
	at org.apache.catalina.core.StandardEngineValve.invoke(StandardEngineValve.java:72) ~[tomcat-embed-core-11.0.15.jar:11.0.15]
	at org.apache.catalina.connector.CoyoteAdapter.service(CoyoteAdapter.java:341) ~[tomcat-embed-core-11.0.15.jar:11.0.15]
	at org.apache.coyote.http11.Http11Processor.service(Http11Processor.java:397) ~[tomcat-embed-core-11.0.15.jar:11.0.15]
	at org.apache.coyote.AbstractProcessorLight.process(AbstractProcessorLight.java:63) ~[tomcat-embed-core-11.0.15.jar:11.0.15]
	at org.apache.coyote.AbstractProtocol$ConnectionHandler.process(AbstractProtocol.java:903) ~[tomcat-embed-core-11.0.15.jar:11.0.15]
	at org.apache.tomcat.util.net.NioEndpoint$SocketProcessor.doRun(NioEndpoint.java:1778) ~[tomcat-embed-core-11.0.15.jar:11.0.15]
	at org.apache.tomcat.util.net.SocketProcessorBase.run(SocketProcessorBase.java:52) ~[tomcat-embed-core-11.0.15.jar:11.0.15]
	at org.apache.tomcat.util.threads.ThreadPoolExecutor.runWorker(ThreadPoolExecutor.java:946) ~[tomcat-embed-core-11.0.15.jar:11.0.15]
	at org.apache.tomcat.util.threads.ThreadPoolExecutor$Worker.run(ThreadPoolExecutor.java:480) ~[tomcat-embed-core-11.0.15.jar:11.0.15]
	at org.apache.tomcat.util.threads.TaskThread$WrappingRunnable.run(TaskThread.java:57) ~[tomcat-embed-core-11.0.15.jar:11.0.15]
	at java.base/java.lang.Thread.run(Thread.java:1474) ~[na:na]
Caused by: org.hibernate.exception.SQLGrammarException: JDBC exception executing SQL [Table 'finance_db.client' doesn't exist] [select c1_0.client_id,c1_0.address,c1_0.advisor_id,c1_0.created_date,c1_0.date_of_birth,c1_0.email_address,c1_0.employer,c1_0.full_name,c1_0.investment_amount,c1_0.investment_goal,c1_0.investment_horizon,c1_0.kyc_document_ref,c1_0.kyc_status,c1_0.liquidity_needs,c1_0.occupation,c1_0.phone_number,c1_0.risk_profile from client c1_0 where c1_0.advisor_id=?]
	at org.hibernate.exception.internal.SQLExceptionTypeDelegate.convert(SQLExceptionTypeDelegate.java:64) ~[hibernate-core-7.2.1.Final.jar:7.2.1.Final]
	at org.hibernate.exception.internal.StandardSQLExceptionConverter.convert(StandardSQLExceptionConverter.java:34) ~[hibernate-core-7.2.1.Final.jar:7.2.1.Final]
	at org.hibernate.engine.jdbc.spi.SqlExceptionHelper.convert(SqlExceptionHelper.java:115) ~[hibernate-core-7.2.1.Final.jar:7.2.1.Final]
	at org.hibernate.sql.results.jdbc.internal.DeferredResultSetAccess.executeQuery(DeferredResultSetAccess.java:290) ~[hibernate-core-7.2.1.Final.jar:7.2.1.Final]
	at org.hibernate.sql.results.jdbc.internal.DeferredResultSetAccess.getResultSet(DeferredResultSetAccess.java:190) ~[hibernate-core-7.2.1.Final.jar:7.2.1.Final]
	at org.hibernate.sql.results.jdbc.internal.JdbcValuesResultSetImpl.<init>(JdbcValuesResultSetImpl.java:71) ~[hibernate-core-7.2.1.Final.jar:7.2.1.Final]
	at org.hibernate.sql.exec.internal.JdbcSelectExecutorStandardImpl.resolveJdbcValues(JdbcSelectExecutorStandardImpl.java:393) ~[hibernate-core-7.2.1.Final.jar:7.2.1.Final]
	at org.hibernate.sql.exec.internal.JdbcSelectExecutorStandardImpl.resolveJdbcValuesSource(JdbcSelectExecutorStandardImpl.java:354) ~[hibernate-core-7.2.1.Final.jar:7.2.1.Final]
	at org.hibernate.sql.exec.internal.JdbcSelectExecutorStandardImpl.doExecuteQuery(JdbcSelectExecutorStandardImpl.java:135) ~[hibernate-core-7.2.1.Final.jar:7.2.1.Final]
	at org.hibernate.sql.exec.internal.JdbcSelectExecutorStandardImpl.executeQuery(JdbcSelectExecutorStandardImpl.java:100) ~[hibernate-core-7.2.1.Final.jar:7.2.1.Final]
	at org.hibernate.sql.exec.spi.JdbcSelectExecutor.executeQuery(JdbcSelectExecutor.java:63) ~[hibernate-core-7.2.1.Final.jar:7.2.1.Final]
	at org.hibernate.sql.exec.spi.JdbcSelectExecutor.list(JdbcSelectExecutor.java:137) ~[hibernate-core-7.2.1.Final.jar:7.2.1.Final]
	at org.hibernate.query.sqm.internal.ConcreteSqmSelectQueryPlan.lambda$new$1(ConcreteSqmSelectQueryPlan.java:128) ~[hibernate-core-7.2.1.Final.jar:7.2.1.Final]
	at org.hibernate.query.sqm.internal.ConcreteSqmSelectQueryPlan.withCacheableSqmInterpretation(ConcreteSqmSelectQueryPlan.java:427) ~[hibernate-core-7.2.1.Final.jar:7.2.1.Final]
	at org.hibernate.query.sqm.internal.ConcreteSqmSelectQueryPlan.performList(ConcreteSqmSelectQueryPlan.java:355) ~[hibernate-core-7.2.1.Final.jar:7.2.1.Final]
	at org.hibernate.query.sqm.internal.SqmQueryImpl.doList(SqmQueryImpl.java:374) ~[hibernate-core-7.2.1.Final.jar:7.2.1.Final]
	at org.hibernate.query.spi.AbstractSelectionQuery.list(AbstractSelectionQuery.java:153) ~[hibernate-core-7.2.1.Final.jar:7.2.1.Final]
	at org.hibernate.query.Query.getResultList(Query.java:121) ~[hibernate-core-7.2.1.Final.jar:7.2.1.Final]
	at org.springframework.data.jpa.repository.query.JpaQueryExecution$CollectionExecution.doExecute(JpaQueryExecution.java:132) ~[spring-data-jpa-4.0.2.jar:4.0.2]
	at org.springframework.data.jpa.repository.query.JpaQueryExecution.execute(JpaQueryExecution.java:99) ~[spring-data-jpa-4.0.2.jar:4.0.2]
	at org.springframework.data.jpa.repository.query.AbstractJpaQuery.doExecute(AbstractJpaQuery.java:164) ~[spring-data-jpa-4.0.2.jar:4.0.2]
	at org.springframework.data.jpa.repository.query.AbstractJpaQuery.execute(AbstractJpaQuery.java:154) ~[spring-data-jpa-4.0.2.jar:4.0.2]
	at org.springframework.data.repository.core.support.RepositoryMethodInvoker.doInvoke(RepositoryMethodInvoker.java:169) ~[spring-data-commons-4.0.2.jar:4.0.2]
	at org.springframework.data.repository.core.support.RepositoryMethodInvoker.invoke(RepositoryMethodInvoker.java:158) ~[spring-data-commons-4.0.2.jar:4.0.2]
	at org.springframework.data.repository.core.support.QueryExecutorMethodInterceptor.doInvoke(QueryExecutorMethodInterceptor.java:167) ~[spring-data-commons-4.0.2.jar:4.0.2]
	at org.springframework.data.repository.core.support.QueryExecutorMethodInterceptor.invoke(QueryExecutorMethodInterceptor.java:146) ~[spring-data-commons-4.0.2.jar:4.0.2]
	at org.springframework.aop.framework.ReflectiveMethodInvocation.proceed(ReflectiveMethodInvocation.java:179) ~[spring-aop-7.0.3.jar:7.0.3]
	at org.springframework.data.projection.DefaultMethodInvokingMethodInterceptor.invoke(DefaultMethodInvokingMethodInterceptor.java:69) ~[spring-data-commons-4.0.2.jar:4.0.2]
	at org.springframework.aop.framework.ReflectiveMethodInvocation.proceed(ReflectiveMethodInvocation.java:179) ~[spring-aop-7.0.3.jar:7.0.3]
	at org.springframework.transaction.interceptor.TransactionInterceptor$1.proceedWithInvocation(TransactionInterceptor.java:133) ~[spring-tx-7.0.3.jar:7.0.3]
	at org.springframework.transaction.interceptor.TransactionAspectSupport.invokeWithinTransaction(TransactionAspectSupport.java:371) ~[spring-tx-7.0.3.jar:7.0.3]
	at org.springframework.transaction.interceptor.TransactionInterceptor.invoke(TransactionInterceptor.java:130) ~[spring-tx-7.0.3.jar:7.0.3]
	at org.springframework.aop.framework.ReflectiveMethodInvocation.proceed(ReflectiveMethodInvocation.java:179) ~[spring-aop-7.0.3.jar:7.0.3]
	at org.springframework.dao.support.PersistenceExceptionTranslationInterceptor.invoke(PersistenceExceptionTranslationInterceptor.java:135) ~[spring-tx-7.0.3.jar:7.0.3]
	... 50 common frames omitted
Caused by: java.sql.SQLSyntaxErrorException: Table 'finance_db.client' doesn't exist
	at com.mysql.cj.jdbc.exceptions.SQLError.createSQLException(SQLError.java:112) ~[mysql-connector-j-9.5.0.jar:9.5.0]
	at com.mysql.cj.jdbc.exceptions.SQLExceptionsMapping.translateException(SQLExceptionsMapping.java:114) ~[mysql-connector-j-9.5.0.jar:9.5.0]
	at com.mysql.cj.jdbc.ClientPreparedStatement.executeInternal(ClientPreparedStatement.java:988) ~[mysql-connector-j-9.5.0.jar:9.5.0]
	at com.mysql.cj.jdbc.ClientPreparedStatement.executeQuery(ClientPreparedStatement.java:1056) ~[mysql-connector-j-9.5.0.jar:9.5.0]
	at com.zaxxer.hikari.pool.ProxyPreparedStatement.executeQuery(ProxyPreparedStatement.java:52) ~[HikariCP-7.0.2.jar:na]
	at com.zaxxer.hikari.pool.HikariProxyPreparedStatement.executeQuery(HikariProxyPreparedStatement.java) ~[HikariCP-7.0.2.jar:na]
	at org.hibernate.sql.results.jdbc.internal.DeferredResultSetAccess.executeQuery(DeferredResultSetAccess.java:271) ~[hibernate-core-7.2.1.Final.jar:7.2.1.Final]
	... 80 common frames omitted

2026-03-05T19:35:13.981+05:30  INFO 10076 --- [client-service] [http-nio-8081-exec-4] c.w.client.controller.ClientController   : API Request: POST /api/clients from Advisor ID: 1
2026-03-05T19:35:13.983+05:30  INFO 10076 --- [client-service] [http-nio-8081-exec-4] c.wealth.client.service.ClientService    : Attempting to onboard client: Sharat for Advisor ID: 1
2026-03-05T19:35:14.044+05:30 DEBUG 10076 --- [client-service] [http-nio-8081-exec-4] org.hibernate.SQL                        : select c1_0.client_id from client c1_0 where c1_0.email_address=? limit ?
2026-03-05T19:35:14.048+05:30  WARN 10076 --- [client-service] [http-nio-8081-exec-4] org.hibernate.orm.jdbc.error             : HHH000247: ErrorCode: 1146, SQLState: 42S02
2026-03-05T19:35:14.048+05:30  WARN 10076 --- [client-service] [http-nio-8081-exec-4] org.hibernate.orm.jdbc.error             : Table 'finance_db.client' doesn't exist
2026-03-05T19:35:14.048+05:30 ERROR 10076 --- [client-service] [http-nio-8081-exec-4] c.w.c.exception.GlobalExceptionHandler   : Runtime Exception occurred: 

org.springframework.dao.InvalidDataAccessResourceUsageException: JDBC exception executing SQL [Table 'finance_db.client' doesn't exist] [select c1_0.client_id from client c1_0 where c1_0.email_address=? limit ?]; SQL [select c1_0.client_id from client c1_0 where c1_0.email_address=? limit ?]
	at org.springframework.orm.jpa.hibernate.HibernateExceptionTranslator.convertHibernateAccessException(HibernateExceptionTranslator.java:156) ~[spring-orm-7.0.3.jar:7.0.3]
	at org.springframework.orm.jpa.hibernate.HibernateExceptionTranslator.convertHibernateAccessException(HibernateExceptionTranslator.java:131) ~[spring-orm-7.0.3.jar:7.0.3]
	at org.springframework.orm.jpa.hibernate.HibernateExceptionTranslator.translateExceptionIfPossible(HibernateExceptionTranslator.java:105) ~[spring-orm-7.0.3.jar:7.0.3]
	at org.springframework.orm.jpa.vendor.HibernateJpaDialect.translateExceptionIfPossible(HibernateJpaDialect.java:199) ~[spring-orm-7.0.3.jar:7.0.3]
	at org.springframework.orm.jpa.AbstractEntityManagerFactoryBean.translateExceptionIfPossible(AbstractEntityManagerFactoryBean.java:556) ~[spring-orm-7.0.3.jar:7.0.3]
	at org.springframework.dao.support.ChainedPersistenceExceptionTranslator.translateExceptionIfPossible(ChainedPersistenceExceptionTranslator.java:61) ~[spring-tx-7.0.3.jar:7.0.3]
	at org.springframework.dao.support.DataAccessUtils.translateIfNecessary(DataAccessUtils.java:346) ~[spring-tx-7.0.3.jar:7.0.3]
	at org.springframework.dao.support.PersistenceExceptionTranslationInterceptor.invoke(PersistenceExceptionTranslationInterceptor.java:157) ~[spring-tx-7.0.3.jar:7.0.3]
	at org.springframework.aop.framework.ReflectiveMethodInvocation.proceed(ReflectiveMethodInvocation.java:179) ~[spring-aop-7.0.3.jar:7.0.3]
	at org.springframework.data.jpa.repository.support.CrudMethodMetadataPostProcessor$CrudMethodMetadataPopulatingMethodInterceptor.invoke(CrudMethodMetadataPostProcessor.java:137) ~[spring-data-jpa-4.0.2.jar:4.0.2]
	at org.springframework.aop.framework.ReflectiveMethodInvocation.proceed(ReflectiveMethodInvocation.java:179) ~[spring-aop-7.0.3.jar:7.0.3]
	at org.springframework.aop.framework.JdkDynamicAopProxy.invoke(JdkDynamicAopProxy.java:222) ~[spring-aop-7.0.3.jar:7.0.3]
	at jdk.proxy2/jdk.proxy2.$Proxy140.existsByEmailAddress(Unknown Source) ~[na:na]
	at com.wealth.client.service.ClientService.onboardClient(ClientService.java:32) ~[classes/:na]
	at com.wealth.client.controller.ClientController.createClient(ClientController.java:59) ~[classes/:na]
	at java.base/jdk.internal.reflect.DirectMethodHandleAccessor.invoke(DirectMethodHandleAccessor.java:104) ~[na:na]
	at java.base/java.lang.reflect.Method.invoke(Method.java:565) ~[na:na]
	at org.springframework.web.method.support.InvocableHandlerMethod.doInvoke(InvocableHandlerMethod.java:258) ~[spring-web-7.0.3.jar:7.0.3]
	at org.springframework.web.method.support.InvocableHandlerMethod.invokeForRequest(InvocableHandlerMethod.java:190) ~[spring-web-7.0.3.jar:7.0.3]
	at org.springframework.web.servlet.mvc.method.annotation.ServletInvocableHandlerMethod.invokeAndHandle(ServletInvocableHandlerMethod.java:117) ~[spring-webmvc-7.0.3.jar:7.0.3]
	at org.springframework.web.servlet.mvc.method.annotation.RequestMappingHandlerAdapter.invokeHandlerMethod(RequestMappingHandlerAdapter.java:934) ~[spring-webmvc-7.0.3.jar:7.0.3]
	at org.springframework.web.servlet.mvc.method.annotation.RequestMappingHandlerAdapter.handleInternal(RequestMappingHandlerAdapter.java:853) ~[spring-webmvc-7.0.3.jar:7.0.3]
	at org.springframework.web.servlet.mvc.method.AbstractHandlerMethodAdapter.handle(AbstractHandlerMethodAdapter.java:86) ~[spring-webmvc-7.0.3.jar:7.0.3]
	at org.springframework.web.servlet.DispatcherServlet.doDispatch(DispatcherServlet.java:963) ~[spring-webmvc-7.0.3.jar:7.0.3]
	at org.springframework.web.servlet.DispatcherServlet.doService(DispatcherServlet.java:866) ~[spring-webmvc-7.0.3.jar:7.0.3]
	at org.springframework.web.servlet.FrameworkServlet.processRequest(FrameworkServlet.java:1003) ~[spring-webmvc-7.0.3.jar:7.0.3]
	at org.springframework.web.servlet.FrameworkServlet.doPost(FrameworkServlet.java:903) ~[spring-webmvc-7.0.3.jar:7.0.3]
	at jakarta.servlet.http.HttpServlet.service(HttpServlet.java:649) ~[tomcat-embed-core-11.0.15.jar:6.1]
	at org.springframework.web.servlet.FrameworkServlet.service(FrameworkServlet.java:874) ~[spring-webmvc-7.0.3.jar:7.0.3]
	at jakarta.servlet.http.HttpServlet.service(HttpServlet.java:710) ~[tomcat-embed-core-11.0.15.jar:6.1]
	at org.apache.catalina.core.ApplicationFilterChain.doFilter(ApplicationFilterChain.java:128) ~[tomcat-embed-core-11.0.15.jar:11.0.15]
	at org.apache.tomcat.websocket.server.WsFilter.doFilter(WsFilter.java:53) ~[tomcat-embed-websocket-11.0.15.jar:11.0.15]
	at org.apache.catalina.core.ApplicationFilterChain.doFilter(ApplicationFilterChain.java:107) ~[tomcat-embed-core-11.0.15.jar:11.0.15]
	at org.springframework.web.filter.RequestContextFilter.doFilterInternal(RequestContextFilter.java:100) ~[spring-web-7.0.3.jar:7.0.3]
	at org.springframework.web.filter.OncePerRequestFilter.doFilter(OncePerRequestFilter.java:116) ~[spring-web-7.0.3.jar:7.0.3]
	at org.apache.catalina.core.ApplicationFilterChain.doFilter(ApplicationFilterChain.java:107) ~[tomcat-embed-core-11.0.15.jar:11.0.15]
	at org.springframework.web.filter.FormContentFilter.doFilterInternal(FormContentFilter.java:93) ~[spring-web-7.0.3.jar:7.0.3]
	at org.springframework.web.filter.OncePerRequestFilter.doFilter(OncePerRequestFilter.java:116) ~[spring-web-7.0.3.jar:7.0.3]
	at org.apache.catalina.core.ApplicationFilterChain.doFilter(ApplicationFilterChain.java:107) ~[tomcat-embed-core-11.0.15.jar:11.0.15]
	at org.springframework.web.filter.CharacterEncodingFilter.doFilterInternal(CharacterEncodingFilter.java:199) ~[spring-web-7.0.3.jar:7.0.3]
	at org.springframework.web.filter.OncePerRequestFilter.doFilter(OncePerRequestFilter.java:116) ~[spring-web-7.0.3.jar:7.0.3]
	at org.apache.catalina.core.ApplicationFilterChain.doFilter(ApplicationFilterChain.java:107) ~[tomcat-embed-core-11.0.15.jar:11.0.15]
	at org.apache.catalina.core.StandardWrapperValve.invoke(StandardWrapperValve.java:165) ~[tomcat-embed-core-11.0.15.jar:11.0.15]
	at org.apache.catalina.core.StandardContextValve.invoke(StandardContextValve.java:77) ~[tomcat-embed-core-11.0.15.jar:11.0.15]
	at org.apache.catalina.authenticator.AuthenticatorBase.invoke(AuthenticatorBase.java:482) ~[tomcat-embed-core-11.0.15.jar:11.0.15]
	at org.apache.catalina.core.StandardHostValve.invoke(StandardHostValve.java:113) ~[tomcat-embed-core-11.0.15.jar:11.0.15]
	at org.apache.catalina.valves.ErrorReportValve.invoke(ErrorReportValve.java:83) ~[tomcat-embed-core-11.0.15.jar:11.0.15]
	at org.apache.catalina.core.StandardEngineValve.invoke(StandardEngineValve.java:72) ~[tomcat-embed-core-11.0.15.jar:11.0.15]
	at org.apache.catalina.connector.CoyoteAdapter.service(CoyoteAdapter.java:341) ~[tomcat-embed-core-11.0.15.jar:11.0.15]
	at org.apache.coyote.http11.Http11Processor.service(Http11Processor.java:397) ~[tomcat-embed-core-11.0.15.jar:11.0.15]
	at org.apache.coyote.AbstractProcessorLight.process(AbstractProcessorLight.java:63) ~[tomcat-embed-core-11.0.15.jar:11.0.15]
	at org.apache.coyote.AbstractProtocol$ConnectionHandler.process(AbstractProtocol.java:903) ~[tomcat-embed-core-11.0.15.jar:11.0.15]
	at org.apache.tomcat.util.net.NioEndpoint$SocketProcessor.doRun(NioEndpoint.java:1778) ~[tomcat-embed-core-11.0.15.jar:11.0.15]
	at org.apache.tomcat.util.net.SocketProcessorBase.run(SocketProcessorBase.java:52) ~[tomcat-embed-core-11.0.15.jar:11.0.15]
	at org.apache.tomcat.util.threads.ThreadPoolExecutor.runWorker(ThreadPoolExecutor.java:946) ~[tomcat-embed-core-11.0.15.jar:11.0.15]
	at org.apache.tomcat.util.threads.ThreadPoolExecutor$Worker.run(ThreadPoolExecutor.java:480) ~[tomcat-embed-core-11.0.15.jar:11.0.15]
	at org.apache.tomcat.util.threads.TaskThread$WrappingRunnable.run(TaskThread.java:57) ~[tomcat-embed-core-11.0.15.jar:11.0.15]
	at java.base/java.lang.Thread.run(Thread.java:1474) ~[na:na]
Caused by: org.hibernate.exception.SQLGrammarException: JDBC exception executing SQL [Table 'finance_db.client' doesn't exist] [select c1_0.client_id from client c1_0 where c1_0.email_address=? limit ?]
	at org.hibernate.exception.internal.SQLExceptionTypeDelegate.convert(SQLExceptionTypeDelegate.java:64) ~[hibernate-core-7.2.1.Final.jar:7.2.1.Final]
	at org.hibernate.exception.internal.StandardSQLExceptionConverter.convert(StandardSQLExceptionConverter.java:34) ~[hibernate-core-7.2.1.Final.jar:7.2.1.Final]
	at org.hibernate.engine.jdbc.spi.SqlExceptionHelper.convert(SqlExceptionHelper.java:115) ~[hibernate-core-7.2.1.Final.jar:7.2.1.Final]
	at org.hibernate.sql.results.jdbc.internal.DeferredResultSetAccess.executeQuery(DeferredResultSetAccess.java:290) ~[hibernate-core-7.2.1.Final.jar:7.2.1.Final]
	at org.hibernate.sql.results.jdbc.internal.DeferredResultSetAccess.getResultSet(DeferredResultSetAccess.java:190) ~[hibernate-core-7.2.1.Final.jar:7.2.1.Final]
	at org.hibernate.sql.results.jdbc.internal.JdbcValuesResultSetImpl.<init>(JdbcValuesResultSetImpl.java:71) ~[hibernate-core-7.2.1.Final.jar:7.2.1.Final]
	at org.hibernate.sql.exec.internal.JdbcSelectExecutorStandardImpl.resolveJdbcValues(JdbcSelectExecutorStandardImpl.java:393) ~[hibernate-core-7.2.1.Final.jar:7.2.1.Final]
	at org.hibernate.sql.exec.internal.JdbcSelectExecutorStandardImpl.resolveJdbcValuesSource(JdbcSelectExecutorStandardImpl.java:354) ~[hibernate-core-7.2.1.Final.jar:7.2.1.Final]
	at org.hibernate.sql.exec.internal.JdbcSelectExecutorStandardImpl.doExecuteQuery(JdbcSelectExecutorStandardImpl.java:135) ~[hibernate-core-7.2.1.Final.jar:7.2.1.Final]
	at org.hibernate.sql.exec.internal.JdbcSelectExecutorStandardImpl.executeQuery(JdbcSelectExecutorStandardImpl.java:100) ~[hibernate-core-7.2.1.Final.jar:7.2.1.Final]
	at org.hibernate.sql.exec.spi.JdbcSelectExecutor.executeQuery(JdbcSelectExecutor.java:63) ~[hibernate-core-7.2.1.Final.jar:7.2.1.Final]
	at org.hibernate.sql.exec.spi.JdbcSelectExecutor.list(JdbcSelectExecutor.java:137) ~[hibernate-core-7.2.1.Final.jar:7.2.1.Final]
	at org.hibernate.query.sqm.internal.ConcreteSqmSelectQueryPlan.lambda$new$1(ConcreteSqmSelectQueryPlan.java:128) ~[hibernate-core-7.2.1.Final.jar:7.2.1.Final]
	at org.hibernate.query.sqm.internal.ConcreteSqmSelectQueryPlan.withCacheableSqmInterpretation(ConcreteSqmSelectQueryPlan.java:427) ~[hibernate-core-7.2.1.Final.jar:7.2.1.Final]
	at org.hibernate.query.sqm.internal.ConcreteSqmSelectQueryPlan.performList(ConcreteSqmSelectQueryPlan.java:355) ~[hibernate-core-7.2.1.Final.jar:7.2.1.Final]
	at org.hibernate.query.sqm.internal.SqmQueryImpl.doList(SqmQueryImpl.java:374) ~[hibernate-core-7.2.1.Final.jar:7.2.1.Final]
	at org.hibernate.query.spi.AbstractSelectionQuery.list(AbstractSelectionQuery.java:153) ~[hibernate-core-7.2.1.Final.jar:7.2.1.Final]
	at org.hibernate.query.Query.getResultList(Query.java:121) ~[hibernate-core-7.2.1.Final.jar:7.2.1.Final]
	at org.springframework.data.jpa.repository.query.JpaQueryExecution$ExistsExecution.doExecute(JpaQueryExecution.java:440) ~[spring-data-jpa-4.0.2.jar:4.0.2]
	at org.springframework.data.jpa.repository.query.JpaQueryExecution.execute(JpaQueryExecution.java:99) ~[spring-data-jpa-4.0.2.jar:4.0.2]
	at org.springframework.data.jpa.repository.query.AbstractJpaQuery.doExecute(AbstractJpaQuery.java:164) ~[spring-data-jpa-4.0.2.jar:4.0.2]
	at org.springframework.data.jpa.repository.query.AbstractJpaQuery.execute(AbstractJpaQuery.java:154) ~[spring-data-jpa-4.0.2.jar:4.0.2]
	at org.springframework.data.repository.core.support.RepositoryMethodInvoker.doInvoke(RepositoryMethodInvoker.java:169) ~[spring-data-commons-4.0.2.jar:4.0.2]
	at org.springframework.data.repository.core.support.RepositoryMethodInvoker.invoke(RepositoryMethodInvoker.java:158) ~[spring-data-commons-4.0.2.jar:4.0.2]
	at org.springframework.data.repository.core.support.QueryExecutorMethodInterceptor.doInvoke(QueryExecutorMethodInterceptor.java:167) ~[spring-data-commons-4.0.2.jar:4.0.2]
	at org.springframework.data.repository.core.support.QueryExecutorMethodInterceptor.invoke(QueryExecutorMethodInterceptor.java:146) ~[spring-data-commons-4.0.2.jar:4.0.2]
	at org.springframework.aop.framework.ReflectiveMethodInvocation.proceed(ReflectiveMethodInvocation.java:179) ~[spring-aop-7.0.3.jar:7.0.3]
	at org.springframework.data.projection.DefaultMethodInvokingMethodInterceptor.invoke(DefaultMethodInvokingMethodInterceptor.java:69) ~[spring-data-commons-4.0.2.jar:4.0.2]
	at org.springframework.aop.framework.ReflectiveMethodInvocation.proceed(ReflectiveMethodInvocation.java:179) ~[spring-aop-7.0.3.jar:7.0.3]
	at org.springframework.transaction.interceptor.TransactionInterceptor$1.proceedWithInvocation(TransactionInterceptor.java:133) ~[spring-tx-7.0.3.jar:7.0.3]
	at org.springframework.transaction.interceptor.TransactionAspectSupport.invokeWithinTransaction(TransactionAspectSupport.java:371) ~[spring-tx-7.0.3.jar:7.0.3]
	at org.springframework.transaction.interceptor.TransactionInterceptor.invoke(TransactionInterceptor.java:130) ~[spring-tx-7.0.3.jar:7.0.3]
	at org.springframework.aop.framework.ReflectiveMethodInvocation.proceed(ReflectiveMethodInvocation.java:179) ~[spring-aop-7.0.3.jar:7.0.3]
	at org.springframework.dao.support.PersistenceExceptionTranslationInterceptor.invoke(PersistenceExceptionTranslationInterceptor.java:135) ~[spring-tx-7.0.3.jar:7.0.3]
	... 50 common frames omitted
Caused by: java.sql.SQLSyntaxErrorException: Table 'finance_db.client' doesn't exist
	at com.mysql.cj.jdbc.exceptions.SQLError.createSQLException(SQLError.java:112) ~[mysql-connector-j-9.5.0.jar:9.5.0]
	at com.mysql.cj.jdbc.exceptions.SQLExceptionsMapping.translateException(SQLExceptionsMapping.java:114) ~[mysql-connector-j-9.5.0.jar:9.5.0]
	at com.mysql.cj.jdbc.ClientPreparedStatement.executeInternal(ClientPreparedStatement.java:988) ~[mysql-connector-j-9.5.0.jar:9.5.0]
	at com.mysql.cj.jdbc.ClientPreparedStatement.executeQuery(ClientPreparedStatement.java:1056) ~[mysql-connector-j-9.5.0.jar:9.5.0]
	at com.zaxxer.hikari.pool.ProxyPreparedStatement.executeQuery(ProxyPreparedStatement.java:52) ~[HikariCP-7.0.2.jar:na]
	at com.zaxxer.hikari.pool.HikariProxyPreparedStatement.executeQuery(HikariProxyPreparedStatement.java) ~[HikariCP-7.0.2.jar:na]
	at org.hibernate.sql.results.jdbc.internal.DeferredResultSetAccess.executeQuery(DeferredResultSetAccess.java:271) ~[hibernate-core-7.2.1.Final.jar:7.2.1.Final]
	... 80 common frames omitted

2026-03-05T19:35:49.483+05:30  INFO 10076 --- [client-service] [SpringApplicationShutdownHook] o.s.c.n.e.s.EurekaServiceRegistry        : Unregistering application CLIENT-SERVICE with eureka with status DOWN
2026-03-05T19:35:49.485+05:30  INFO 10076 --- [client-service] [SpringApplicationShutdownHook] com.netflix.discovery.DiscoveryClient    : Saw local status change event StatusChangeEvent [timestamp=1772719549485, current=DOWN, previous=UP]
2026-03-05T19:35:49.485+05:30  INFO 10076 --- [client-service] [DiscoveryClient-InstanceInfoReplicator-%d] com.netflix.discovery.DiscoveryClient    : DiscoveryClient_CLIENT-SERVICE/LTIN656690.cts.com:client-service:8081: registering service...
2026-03-05T19:35:49.500+05:30  INFO 10076 --- [client-service] [SpringApplicationShutdownHook] o.s.boot.tomcat.GracefulShutdown         : Commencing graceful shutdown. Waiting for active requests to complete
2026-03-05T19:35:49.510+05:30  INFO 10076 --- [client-service] [DiscoveryClient-InstanceInfoReplicator-%d] com.netflix.discovery.DiscoveryClient    : DiscoveryClient_CLIENT-SERVICE/LTIN656690.cts.com:client-service:8081 - registration status: 204
2026-03-05T19:35:49.529+05:30  INFO 10076 --- [client-service] [tomcat-shutdown] o.s.boot.tomcat.GracefulShutdown         : Graceful shutdown complete
2026-03-05T19:35:49.547+05:30  INFO 10076 --- [client-service] [SpringApplicationShutdownHook] j.LocalContainerEntityManagerFactoryBean : Closing JPA EntityManagerFactory for persistence unit 'default'
2026-03-05T19:35:49.559+05:30  INFO 10076 --- [client-service] [SpringApplicationShutdownHook] com.zaxxer.hikari.HikariDataSource       : HikariPool-1 - Shutdown initiated...
2026-03-05T19:35:49.568+05:30  INFO 10076 --- [client-service] [SpringApplicationShutdownHook] com.zaxxer.hikari.HikariDataSource       : HikariPool-1 - Shutdown completed.
2026-03-05T19:35:49.570+05:30  INFO 10076 --- [client-service] [SpringApplicationShutdownHook] com.netflix.discovery.DiscoveryClient    : Shutting down DiscoveryClient ...
2026-03-05T19:35:52.571+05:30  INFO 10076 --- [client-service] [SpringApplicationShutdownHook] com.netflix.discovery.DiscoveryClient    : Unregistering ...
2026-03-05T19:35:52.577+05:30  INFO 10076 --- [client-service] [SpringApplicationShutdownHook] com.netflix.discovery.DiscoveryClient    : DiscoveryClient_CLIENT-SERVICE/LTIN656690.cts.com:client-service:8081 - deregister  status: 200
2026-03-05T19:35:52.579+05:30  INFO 10076 --- [client-service] [SpringApplicationShutdownHook] com.netflix.discovery.DiscoveryClient    : Completed shut down of DiscoveryClient
2026-03-05T19:35:56.540+05:30  INFO 23024 --- [client-service] [main] c.w.client.ClientServiceApplication      : Starting ClientServiceApplication using Java 25 with PID 23024 (C:\Users\2463681\Downloads\final_Project\Wealth-Wise-Management-Portfoilio-Advisory-System\Backend\client-service\client-service\target\classes started by 2463681 in C:\Users\2463681\Downloads\final_Project\Wealth-Wise-Management-Portfoilio-Advisory-System\Backend)
2026-03-05T19:35:56.545+05:30  INFO 23024 --- [client-service] [main] c.w.client.ClientServiceApplication      : No active profile set, falling back to 1 default profile: "default"
2026-03-05T19:35:57.793+05:30  INFO 23024 --- [client-service] [main] .s.d.r.c.RepositoryConfigurationDelegate : Bootstrapping Spring Data JPA repositories in DEFAULT mode.
2026-03-05T19:35:57.969+05:30  INFO 23024 --- [client-service] [main] .s.d.r.c.RepositoryConfigurationDelegate : Finished Spring Data repository scanning in 162 ms. Found 1 JPA repository interface.
2026-03-05T19:35:58.196+05:30  INFO 23024 --- [client-service] [main] o.s.cloud.context.scope.GenericScope     : BeanFactory id=ec5c0d43-0339-3e3a-a9ea-0dfc89d70fb0
2026-03-05T19:35:58.777+05:30  INFO 23024 --- [client-service] [main] o.s.boot.tomcat.TomcatWebServer          : Tomcat initialized with port 8081 (http)
2026-03-05T19:35:58.807+05:30  INFO 23024 --- [client-service] [main] o.apache.catalina.core.StandardService   : Starting service [Tomcat]
2026-03-05T19:35:58.807+05:30  INFO 23024 --- [client-service] [main] o.apache.catalina.core.StandardEngine    : Starting Servlet engine: [Apache Tomcat/11.0.15]
2026-03-05T19:35:58.956+05:30  INFO 23024 --- [client-service] [main] b.w.c.s.WebApplicationContextInitializer : Root WebApplicationContext: initialization completed in 2334 ms
2026-03-05T19:35:59.264+05:30  INFO 23024 --- [client-service] [main] org.hibernate.orm.jpa                    : HHH008540: Processing PersistenceUnitInfo [name: default]
2026-03-05T19:35:59.327+05:30  INFO 23024 --- [client-service] [main] org.hibernate.orm.core                   : HHH000001: Hibernate ORM core version 7.2.1.Final
2026-03-05T19:35:59.979+05:30  INFO 23024 --- [client-service] [main] o.s.o.j.p.SpringPersistenceUnitInfo      : No LoadTimeWeaver setup: ignoring JPA class transformer
2026-03-05T19:36:00.022+05:30  INFO 23024 --- [client-service] [main] com.zaxxer.hikari.HikariDataSource       : HikariPool-1 - Starting...
2026-03-05T19:36:00.364+05:30  INFO 23024 --- [client-service] [main] com.zaxxer.hikari.pool.HikariPool        : HikariPool-1 - Added connection com.mysql.cj.jdbc.ConnectionImpl@74d53d63
2026-03-05T19:36:00.366+05:30  INFO 23024 --- [client-service] [main] com.zaxxer.hikari.HikariDataSource       : HikariPool-1 - Start completed.
2026-03-05T19:36:00.463+05:30  INFO 23024 --- [client-service] [main] org.hibernate.orm.connections.pooling    : HHH10001005: Database info:
	Database JDBC URL [jdbc:mysql://localhost:3306/finance_db]
	Database driver: MySQL Connector/J
	Database dialect: MySQLDialect
	Database version: 8.0.44
	Default catalog/schema: finance_db/undefined
	Autocommit mode: undefined/unknown
	Isolation level: REPEATABLE_READ [default REPEATABLE_READ]
	JDBC fetch size: none
	Pool: DataSourceConnectionProvider
	Minimum pool size: undefined/unknown
	Maximum pool size: undefined/unknown
2026-03-05T19:36:01.611+05:30  INFO 23024 --- [client-service] [main] org.hibernate.orm.core                   : HHH000489: No JTA platform available (set 'hibernate.transaction.jta.platform' to enable JTA platform integration)
2026-03-05T19:36:01.691+05:30 DEBUG 23024 --- [client-service] [main] org.hibernate.SQL                        : create table client (client_id bigint not null auto_increment, address TEXT, advisor_id bigint not null, created_date datetime(6), date_of_birth date, email_address varchar(255) not null, employer varchar(255), full_name varchar(255) not null, investment_amount decimal(38,2) not null, investment_goal enum ('CAPITAL_PRESERVATION','INCOME_GENERATION','RETIREMENT_PLANNING','WEALTH_ACCUMULATION') not null, investment_horizon enum ('LONG_TERM','MEDIUM_TERM','SHORT_TERM','VERY_LONG_TERM') not null, kyc_document_ref varchar(255), kyc_status enum ('NOT_VERIFIED','PENDING','VERIFIED') not null, liquidity_needs enum ('HIGH','LOW','MEDIUM') not null, occupation varchar(255), phone_number varchar(255) not null, risk_profile enum ('AGGRESSIVE','CONSERVATIVE','MODERATE') not null, primary key (client_id)) engine=InnoDB
2026-03-05T19:36:01.729+05:30 DEBUG 23024 --- [client-service] [main] org.hibernate.SQL                        : alter table client drop index UKy9tpsigghlujk5ubuuuse769
2026-03-05T19:36:01.761+05:30 DEBUG 23024 --- [client-service] [main] org.hibernate.SQL                        : alter table client add constraint UKy9tpsigghlujk5ubuuuse769 unique (email_address)
2026-03-05T19:36:01.789+05:30  INFO 23024 --- [client-service] [main] j.LocalContainerEntityManagerFactoryBean : Initialized JPA EntityManagerFactory for persistence unit 'default'
2026-03-05T19:36:01.941+05:30  INFO 23024 --- [client-service] [main] o.s.d.j.r.query.QueryEnhancerFactories   : Hibernate is in classpath; If applicable, HQL parser will be used.
2026-03-05T19:36:02.314+05:30  WARN 23024 --- [client-service] [main] JpaBaseConfiguration$JpaWebConfiguration : spring.jpa.open-in-view is enabled by default. Therefore, database queries may be performed during view rendering. Explicitly configure spring.jpa.open-in-view to disable this warning
2026-03-05T19:36:02.944+05:30  INFO 23024 --- [client-service] [main] DiscoveryClientOptionalArgsConfiguration : Eureka HTTP Client uses RestClient.
2026-03-05T19:36:02.992+05:30  WARN 23024 --- [client-service] [main] iguration$LoadBalancerCaffeineWarnLogger : Spring Cloud LoadBalancer is currently working with the default cache. While this cache implementation is useful for development and tests, it's recommended to use Caffeine cache in production.You can switch to using Caffeine cache, by adding it and org.springframework.cache.caffeine.CaffeineCacheManager to the classpath.
2026-03-05T19:36:03.027+05:30  INFO 23024 --- [client-service] [main] o.s.c.n.eureka.InstanceInfoFactory       : Setting initial instance status as: STARTING
2026-03-05T19:36:03.058+05:30  INFO 23024 --- [client-service] [main] com.netflix.discovery.DiscoveryClient    : Initializing Eureka in region us-east-1
2026-03-05T19:36:03.063+05:30  INFO 23024 --- [client-service] [main] c.n.d.s.r.aws.ConfigClusterResolver      : Resolving eureka endpoints via configuration
2026-03-05T19:36:03.072+05:30  INFO 23024 --- [client-service] [main] com.netflix.discovery.DiscoveryClient    : Disable delta property : false
2026-03-05T19:36:03.073+05:30  INFO 23024 --- [client-service] [main] com.netflix.discovery.DiscoveryClient    : Single vip registry refresh property : null
2026-03-05T19:36:03.073+05:30  INFO 23024 --- [client-service] [main] com.netflix.discovery.DiscoveryClient    : Force full registry fetch : false
2026-03-05T19:36:03.073+05:30  INFO 23024 --- [client-service] [main] com.netflix.discovery.DiscoveryClient    : Application is null : false
2026-03-05T19:36:03.073+05:30  INFO 23024 --- [client-service] [main] com.netflix.discovery.DiscoveryClient    : Registered Applications size is zero : true
2026-03-05T19:36:03.073+05:30  INFO 23024 --- [client-service] [main] com.netflix.discovery.DiscoveryClient    : Application version is -1: true
2026-03-05T19:36:03.073+05:30  INFO 23024 --- [client-service] [main] com.netflix.discovery.DiscoveryClient    : Getting all instance registry info from the eureka server
2026-03-05T19:36:03.496+05:30  INFO 23024 --- [client-service] [main] com.netflix.discovery.DiscoveryClient    : The response status is 200
2026-03-05T19:36:03.498+05:30  INFO 23024 --- [client-service] [main] com.netflix.discovery.DiscoveryClient    : Starting heartbeat executor: renew interval is: 30
2026-03-05T19:36:03.501+05:30  INFO 23024 --- [client-service] [main] c.n.discovery.InstanceInfoReplicator     : InstanceInfoReplicator onDemand update allowed rate per min is 4
2026-03-05T19:36:03.503+05:30  INFO 23024 --- [client-service] [main] com.netflix.discovery.DiscoveryClient    : Discovery Client initialized at timestamp 1772719563502 with initial instances count: 5
2026-03-05T19:36:03.506+05:30  INFO 23024 --- [client-service] [main] o.s.c.n.e.s.EurekaServiceRegistry        : Registering application CLIENT-SERVICE with eureka with status UP
2026-03-05T19:36:03.507+05:30  INFO 23024 --- [client-service] [main] com.netflix.discovery.DiscoveryClient    : Saw local status change event StatusChangeEvent [timestamp=1772719563507, current=UP, previous=STARTING]
2026-03-05T19:36:03.509+05:30  INFO 23024 --- [client-service] [DiscoveryClient-InstanceInfoReplicator-%d] com.netflix.discovery.DiscoveryClient    : DiscoveryClient_CLIENT-SERVICE/LTIN656690.cts.com:client-service:8081: registering service...
2026-03-05T19:36:03.534+05:30  INFO 23024 --- [client-service] [main] o.s.boot.tomcat.TomcatWebServer          : Tomcat started on port 8081 (http) with context path '/'
2026-03-05T19:36:03.535+05:30  INFO 23024 --- [client-service] [main] .s.c.n.e.s.EurekaAutoServiceRegistration : Updating port to 8081
2026-03-05T19:36:03.547+05:30  INFO 23024 --- [client-service] [main] c.w.client.ClientServiceApplication      : Started ClientServiceApplication in 7.841 seconds (process running for 8.849)
2026-03-05T19:36:03.553+05:30  INFO 23024 --- [client-service] [DiscoveryClient-InstanceInfoReplicator-%d] com.netflix.discovery.DiscoveryClient    : DiscoveryClient_CLIENT-SERVICE/LTIN656690.cts.com:client-service:8081 - registration status: 204
2026-03-05T19:41:03.076+05:30  INFO 23024 --- [client-service] [AsyncResolver-bootstrap-executor-%d] c.n.d.s.r.aws.ConfigClusterResolver      : Resolving eureka endpoints via configuration
2026-03-05T19:46:03.079+05:30  INFO 23024 --- [client-service] [AsyncResolver-bootstrap-executor-%d] c.n.d.s.r.aws.ConfigClusterResolver      : Resolving eureka endpoints via configuration
2026-03-05T19:51:03.081+05:30  INFO 23024 --- [client-service] [AsyncResolver-bootstrap-executor-%d] c.n.d.s.r.aws.ConfigClusterResolver      : Resolving eureka endpoints via configuration
2026-03-05T19:56:03.082+05:30  INFO 23024 --- [client-service] [AsyncResolver-bootstrap-executor-%d] c.n.d.s.r.aws.ConfigClusterResolver      : Resolving eureka endpoints via configuration
2026-03-05T20:01:03.083+05:30  INFO 23024 --- [client-service] [AsyncResolver-bootstrap-executor-%d] c.n.d.s.r.aws.ConfigClusterResolver      : Resolving eureka endpoints via configuration
2026-03-05T20:06:03.085+05:30  INFO 23024 --- [client-service] [AsyncResolver-bootstrap-executor-%d] c.n.d.s.r.aws.ConfigClusterResolver      : Resolving eureka endpoints via configuration
2026-03-05T20:11:03.088+05:30  INFO 23024 --- [client-service] [AsyncResolver-bootstrap-executor-%d] c.n.d.s.r.aws.ConfigClusterResolver      : Resolving eureka endpoints via configuration
2026-03-05T20:16:03.090+05:30  INFO 23024 --- [client-service] [AsyncResolver-bootstrap-executor-%d] c.n.d.s.r.aws.ConfigClusterResolver      : Resolving eureka endpoints via configuration
2026-03-05T20:21:03.092+05:30  INFO 23024 --- [client-service] [AsyncResolver-bootstrap-executor-%d] c.n.d.s.r.aws.ConfigClusterResolver      : Resolving eureka endpoints via configuration
2026-03-05T20:26:03.094+05:30  INFO 23024 --- [client-service] [AsyncResolver-bootstrap-executor-%d] c.n.d.s.r.aws.ConfigClusterResolver      : Resolving eureka endpoints via configuration
2026-03-05T20:31:03.096+05:30  INFO 23024 --- [client-service] [AsyncResolver-bootstrap-executor-%d] c.n.d.s.r.aws.ConfigClusterResolver      : Resolving eureka endpoints via configuration
2026-03-05T20:43:31.786+05:30  WARN 23024 --- [client-service] [HikariPool-1:housekeeper] com.zaxxer.hikari.pool.HikariPool        : HikariPool-1 - Thread starvation or clock leap detected (housekeeper delta=8m1s216ms38µs500ns).
2026-03-05T21:18:27.644+05:30  INFO 23024 --- [client-service] [AsyncResolver-bootstrap-executor-%d] c.n.d.s.r.aws.ConfigClusterResolver      : Resolving eureka endpoints via configuration
2026-03-05T22:01:01.016+05:30  WARN 23024 --- [client-service] [HikariPool-1:housekeeper] com.zaxxer.hikari.pool.HikariPool        : HikariPool-1 - Thread starvation or clock leap detected (housekeeper delta=1h17m33s479ms873µs400ns).
2026-03-05T22:01:17.086+05:30  INFO 23024 --- [client-service] [http-nio-8081-exec-1] o.a.c.c.C.[Tomcat].[localhost].[/]       : Initializing Spring DispatcherServlet 'dispatcherServlet'
2026-03-05T22:01:17.088+05:30  INFO 23024 --- [client-service] [http-nio-8081-exec-1] o.s.web.servlet.DispatcherServlet        : Initializing Servlet 'dispatcherServlet'
2026-03-05T22:01:17.090+05:30  INFO 23024 --- [client-service] [http-nio-8081-exec-1] o.s.web.servlet.DispatcherServlet        : Completed initialization in 2 ms
2026-03-05T22:01:17.384+05:30  INFO 23024 --- [client-service] [http-nio-8081-exec-1] c.w.client.controller.ClientController   : API Request: GET /api/clients from Advisor ID: 1
2026-03-05T22:01:18.718+05:30 DEBUG 23024 --- [client-service] [http-nio-8081-exec-1] org.hibernate.SQL                        : select c1_0.client_id,c1_0.address,c1_0.advisor_id,c1_0.created_date,c1_0.date_of_birth,c1_0.email_address,c1_0.employer,c1_0.full_name,c1_0.investment_amount,c1_0.investment_goal,c1_0.investment_horizon,c1_0.kyc_document_ref,c1_0.kyc_status,c1_0.liquidity_needs,c1_0.occupation,c1_0.phone_number,c1_0.risk_profile from client c1_0 where c1_0.advisor_id=?
2026-03-05T22:01:33.610+05:30  INFO 23024 --- [client-service] [http-nio-8081-exec-2] c.w.client.controller.ClientController   : API Request: GET /api/clients from Advisor ID: 1
2026-03-05T22:01:33.614+05:30 DEBUG 23024 --- [client-service] [http-nio-8081-exec-2] org.hibernate.SQL                        : select c1_0.client_id,c1_0.address,c1_0.advisor_id,c1_0.created_date,c1_0.date_of_birth,c1_0.email_address,c1_0.employer,c1_0.full_name,c1_0.investment_amount,c1_0.investment_goal,c1_0.investment_horizon,c1_0.kyc_document_ref,c1_0.kyc_status,c1_0.liquidity_needs,c1_0.occupation,c1_0.phone_number,c1_0.risk_profile from client c1_0 where c1_0.advisor_id=?
2026-03-05T22:02:32.252+05:30  INFO 23024 --- [client-service] [http-nio-8081-exec-3] c.w.client.controller.ClientController   : API Request: POST /api/clients from Advisor ID: 1
2026-03-05T22:02:32.252+05:30  INFO 23024 --- [client-service] [http-nio-8081-exec-3] c.wealth.client.service.ClientService    : Attempting to onboard client: sharat for Advisor ID: 1
2026-03-05T22:02:32.268+05:30 DEBUG 23024 --- [client-service] [http-nio-8081-exec-3] org.hibernate.SQL                        : select c1_0.client_id from client c1_0 where c1_0.email_address=? limit ?
2026-03-05T22:02:32.354+05:30 DEBUG 23024 --- [client-service] [http-nio-8081-exec-3] org.hibernate.SQL                        : insert into client (address,advisor_id,created_date,date_of_birth,email_address,employer,full_name,investment_amount,investment_goal,investment_horizon,kyc_document_ref,kyc_status,liquidity_needs,occupation,phone_number,risk_profile) values (?,?,?,?,?,?,?,?,?,?,?,?,?,?,?,?)
2026-03-05T22:02:32.429+05:30  INFO 23024 --- [client-service] [http-nio-8081-exec-3] c.wealth.client.service.ClientService    : Client onboarded successfully. New Client ID: 1
2026-03-05T22:02:32.554+05:30  INFO 23024 --- [client-service] [http-nio-8081-exec-6] c.w.client.controller.ClientController   : API Request: GET /api/clients/1 from Advisor ID: 1
2026-03-05T22:02:32.635+05:30 DEBUG 23024 --- [client-service] [http-nio-8081-exec-6] org.hibernate.SQL                        : select c1_0.client_id,c1_0.address,c1_0.advisor_id,c1_0.created_date,c1_0.date_of_birth,c1_0.email_address,c1_0.employer,c1_0.full_name,c1_0.investment_amount,c1_0.investment_goal,c1_0.investment_horizon,c1_0.kyc_document_ref,c1_0.kyc_status,c1_0.liquidity_needs,c1_0.occupation,c1_0.phone_number,c1_0.risk_profile from client c1_0 where c1_0.client_id=? and c1_0.advisor_id=?
2026-03-05T22:02:44.371+05:30  INFO 23024 --- [client-service] [http-nio-8081-exec-5] c.w.client.controller.ClientController   : API Request: GET /api/clients/1 from Advisor ID: 1
2026-03-05T22:02:44.380+05:30 DEBUG 23024 --- [client-service] [http-nio-8081-exec-5] org.hibernate.SQL                        : select c1_0.client_id,c1_0.address,c1_0.advisor_id,c1_0.created_date,c1_0.date_of_birth,c1_0.email_address,c1_0.employer,c1_0.full_name,c1_0.investment_amount,c1_0.investment_goal,c1_0.investment_horizon,c1_0.kyc_document_ref,c1_0.kyc_status,c1_0.liquidity_needs,c1_0.occupation,c1_0.phone_number,c1_0.risk_profile from client c1_0 where c1_0.client_id=? and c1_0.advisor_id=?
2026-03-05T22:05:34.097+05:30  INFO 23024 --- [client-service] [AsyncResolver-bootstrap-executor-%d] c.n.d.s.r.aws.ConfigClusterResolver      : Resolving eureka endpoints via configuration
2026-03-05T22:10:34.105+05:30  INFO 23024 --- [client-service] [AsyncResolver-bootstrap-executor-%d] c.n.d.s.r.aws.ConfigClusterResolver      : Resolving eureka endpoints via configuration
2026-03-05T22:15:34.109+05:30  INFO 23024 --- [client-service] [AsyncResolver-bootstrap-executor-%d] c.n.d.s.r.aws.ConfigClusterResolver      : Resolving eureka endpoints via configuration
2026-03-05T22:20:34.126+05:30  INFO 23024 --- [client-service] [AsyncResolver-bootstrap-executor-%d] c.n.d.s.r.aws.ConfigClusterResolver      : Resolving eureka endpoints via configuration
2026-03-05T22:25:34.138+05:30  INFO 23024 --- [client-service] [AsyncResolver-bootstrap-executor-%d] c.n.d.s.r.aws.ConfigClusterResolver      : Resolving eureka endpoints via configuration
2026-03-05T22:30:34.144+05:30  INFO 23024 --- [client-service] [AsyncResolver-bootstrap-executor-%d] c.n.d.s.r.aws.ConfigClusterResolver      : Resolving eureka endpoints via configuration
2026-03-05T22:35:34.151+05:30  INFO 23024 --- [client-service] [AsyncResolver-bootstrap-executor-%d] c.n.d.s.r.aws.ConfigClusterResolver      : Resolving eureka endpoints via configuration
2026-03-05T22:37:41.681+05:30  INFO 23024 --- [client-service] [http-nio-8081-exec-9] c.w.client.controller.ClientController   : API Request: GET /api/clients from Advisor ID: 1
2026-03-05T22:37:41.693+05:30 DEBUG 23024 --- [client-service] [http-nio-8081-exec-9] org.hibernate.SQL                        : select c1_0.client_id,c1_0.address,c1_0.advisor_id,c1_0.created_date,c1_0.date_of_birth,c1_0.email_address,c1_0.employer,c1_0.full_name,c1_0.investment_amount,c1_0.investment_goal,c1_0.investment_horizon,c1_0.kyc_document_ref,c1_0.kyc_status,c1_0.liquidity_needs,c1_0.occupation,c1_0.phone_number,c1_0.risk_profile from client c1_0 where c1_0.advisor_id=?
2026-03-05T22:38:27.421+05:30  INFO 23024 --- [client-service] [http-nio-8081-exec-10] c.w.client.controller.ClientController   : API Request: GET /api/clients from Advisor ID: 1
2026-03-05T22:38:27.421+05:30 DEBUG 23024 --- [client-service] [http-nio-8081-exec-10] org.hibernate.SQL                        : select c1_0.client_id,c1_0.address,c1_0.advisor_id,c1_0.created_date,c1_0.date_of_birth,c1_0.email_address,c1_0.employer,c1_0.full_name,c1_0.investment_amount,c1_0.investment_goal,c1_0.investment_horizon,c1_0.kyc_document_ref,c1_0.kyc_status,c1_0.liquidity_needs,c1_0.occupation,c1_0.phone_number,c1_0.risk_profile from client c1_0 where c1_0.advisor_id=?
2026-03-05T22:39:23.122+05:30  INFO 23024 --- [client-service] [http-nio-8081-exec-1] c.w.client.controller.ClientController   : API Request: GET /api/clients from Advisor ID: 1
2026-03-05T22:39:23.125+05:30 DEBUG 23024 --- [client-service] [http-nio-8081-exec-1] org.hibernate.SQL                        : select c1_0.client_id,c1_0.address,c1_0.advisor_id,c1_0.created_date,c1_0.date_of_birth,c1_0.email_address,c1_0.employer,c1_0.full_name,c1_0.investment_amount,c1_0.investment_goal,c1_0.investment_horizon,c1_0.kyc_document_ref,c1_0.kyc_status,c1_0.liquidity_needs,c1_0.occupation,c1_0.phone_number,c1_0.risk_profile from client c1_0 where c1_0.advisor_id=?
2026-03-05T22:39:38.830+05:30  INFO 23024 --- [client-service] [http-nio-8081-exec-2] c.w.client.controller.ClientController   : API Request: GET /api/clients from Advisor ID: 1
2026-03-05T22:39:38.831+05:30 DEBUG 23024 --- [client-service] [http-nio-8081-exec-2] org.hibernate.SQL                        : select c1_0.client_id,c1_0.address,c1_0.advisor_id,c1_0.created_date,c1_0.date_of_birth,c1_0.email_address,c1_0.employer,c1_0.full_name,c1_0.investment_amount,c1_0.investment_goal,c1_0.investment_horizon,c1_0.kyc_document_ref,c1_0.kyc_status,c1_0.liquidity_needs,c1_0.occupation,c1_0.phone_number,c1_0.risk_profile from client c1_0 where c1_0.advisor_id=?
2026-03-05T22:40:08.816+05:30  INFO 23024 --- [client-service] [http-nio-8081-exec-3] c.w.client.controller.ClientController   : API Request: POST /api/clients/1/kyc from Advisor ID: 1
2026-03-05T22:40:08.816+05:30  INFO 23024 --- [client-service] [http-nio-8081-exec-3] c.wealth.client.service.ClientService    : Attempting to upload KYC document for Client ID: 1 by Advisor ID: 1
2026-03-05T22:40:08.820+05:30 DEBUG 23024 --- [client-service] [http-nio-8081-exec-3] org.hibernate.SQL                        : select c1_0.client_id,c1_0.address,c1_0.advisor_id,c1_0.created_date,c1_0.date_of_birth,c1_0.email_address,c1_0.employer,c1_0.full_name,c1_0.investment_amount,c1_0.investment_goal,c1_0.investment_horizon,c1_0.kyc_document_ref,c1_0.kyc_status,c1_0.liquidity_needs,c1_0.occupation,c1_0.phone_number,c1_0.risk_profile from client c1_0 where c1_0.client_id=? and c1_0.advisor_id=?
2026-03-05T22:40:08.865+05:30  INFO 23024 --- [client-service] [http-nio-8081-exec-3] c.wealth.client.service.ClientService    : Successfully saved new KYC document at: uploads\kyc-docs\c7a357f4-cf7b-4c01-a86c-f09f39fee3a4.png
2026-03-05T22:40:08.937+05:30 DEBUG 23024 --- [client-service] [http-nio-8081-exec-3] org.hibernate.SQL                        : update client set address=?,advisor_id=?,date_of_birth=?,email_address=?,employer=?,full_name=?,investment_amount=?,investment_goal=?,investment_horizon=?,kyc_document_ref=?,kyc_status=?,liquidity_needs=?,occupation=?,phone_number=?,risk_profile=? where client_id=?
2026-03-05T22:40:12.047+05:30  INFO 23024 --- [client-service] [http-nio-8081-exec-6] c.w.client.controller.ClientController   : API Request: PUT /api/clients/1/kyc-status
2026-03-05T22:40:12.049+05:30  INFO 23024 --- [client-service] [http-nio-8081-exec-6] c.wealth.client.service.ClientService    : Updating KYC status for Client ID: 1 to VERIFIED
2026-03-05T22:40:12.049+05:30 DEBUG 23024 --- [client-service] [http-nio-8081-exec-6] org.hibernate.SQL                        : select c1_0.client_id,c1_0.address,c1_0.advisor_id,c1_0.created_date,c1_0.date_of_birth,c1_0.email_address,c1_0.employer,c1_0.full_name,c1_0.investment_amount,c1_0.investment_goal,c1_0.investment_horizon,c1_0.kyc_document_ref,c1_0.kyc_status,c1_0.liquidity_needs,c1_0.occupation,c1_0.phone_number,c1_0.risk_profile from client c1_0 where c1_0.client_id=? and c1_0.advisor_id=?
2026-03-05T22:40:12.056+05:30 DEBUG 23024 --- [client-service] [http-nio-8081-exec-6] org.hibernate.SQL                        : update client set address=?,advisor_id=?,date_of_birth=?,email_address=?,employer=?,full_name=?,investment_amount=?,investment_goal=?,investment_horizon=?,kyc_document_ref=?,kyc_status=?,liquidity_needs=?,occupation=?,phone_number=?,risk_profile=? where client_id=?
2026-03-05T22:40:18.080+05:30  INFO 23024 --- [client-service] [http-nio-8081-exec-5] c.w.client.controller.ClientController   : API Request: GET /api/clients/1/kyc-document from Advisor ID: 1
2026-03-05T22:40:18.081+05:30 DEBUG 23024 --- [client-service] [http-nio-8081-exec-5] org.hibernate.SQL                        : select c1_0.client_id,c1_0.address,c1_0.advisor_id,c1_0.created_date,c1_0.date_of_birth,c1_0.email_address,c1_0.employer,c1_0.full_name,c1_0.investment_amount,c1_0.investment_goal,c1_0.investment_horizon,c1_0.kyc_document_ref,c1_0.kyc_status,c1_0.liquidity_needs,c1_0.occupation,c1_0.phone_number,c1_0.risk_profile from client c1_0 where c1_0.client_id=? and c1_0.advisor_id=?
2026-03-05T22:40:34.166+05:30  INFO 23024 --- [client-service] [AsyncResolver-bootstrap-executor-%d] c.n.d.s.r.aws.ConfigClusterResolver      : Resolving eureka endpoints via configuration
2026-03-05T22:41:08.152+05:30  INFO 23024 --- [client-service] [http-nio-8081-exec-4] c.w.client.controller.ClientController   : API Request: POST /api/clients from Advisor ID: 1
2026-03-05T22:41:08.153+05:30  INFO 23024 --- [client-service] [http-nio-8081-exec-4] c.wealth.client.service.ClientService    : Attempting to onboard client: Veer for Advisor ID: 1
2026-03-05T22:41:08.155+05:30 DEBUG 23024 --- [client-service] [http-nio-8081-exec-4] org.hibernate.SQL                        : select c1_0.client_id from client c1_0 where c1_0.email_address=? limit ?
2026-03-05T22:41:08.160+05:30 DEBUG 23024 --- [client-service] [http-nio-8081-exec-4] org.hibernate.SQL                        : insert into client (address,advisor_id,created_date,date_of_birth,email_address,employer,full_name,investment_amount,investment_goal,investment_horizon,kyc_document_ref,kyc_status,liquidity_needs,occupation,phone_number,risk_profile) values (?,?,?,?,?,?,?,?,?,?,?,?,?,?,?,?)
2026-03-05T22:41:08.170+05:30  INFO 23024 --- [client-service] [http-nio-8081-exec-4] c.wealth.client.service.ClientService    : Client onboarded successfully. New Client ID: 2
2026-03-05T22:41:50.024+05:30  INFO 23024 --- [client-service] [http-nio-8081-exec-7] c.w.client.controller.ClientController   : API Request: PUT /api/clients/2 from Advisor ID: 1
2026-03-05T22:41:50.024+05:30  INFO 23024 --- [client-service] [http-nio-8081-exec-7] c.wealth.client.service.ClientService    : Attempting to update Client ID: 2 for Advisor ID: 1
2026-03-05T22:41:50.024+05:30 DEBUG 23024 --- [client-service] [http-nio-8081-exec-7] org.hibernate.SQL                        : select c1_0.client_id,c1_0.address,c1_0.advisor_id,c1_0.created_date,c1_0.date_of_birth,c1_0.email_address,c1_0.employer,c1_0.full_name,c1_0.investment_amount,c1_0.investment_goal,c1_0.investment_horizon,c1_0.kyc_document_ref,c1_0.kyc_status,c1_0.liquidity_needs,c1_0.occupation,c1_0.phone_number,c1_0.risk_profile from client c1_0 where c1_0.client_id=? and c1_0.advisor_id=?
2026-03-05T22:41:50.032+05:30 DEBUG 23024 --- [client-service] [http-nio-8081-exec-7] org.hibernate.SQL                        : update client set address=?,advisor_id=?,date_of_birth=?,email_address=?,employer=?,full_name=?,investment_amount=?,investment_goal=?,investment_horizon=?,kyc_document_ref=?,kyc_status=?,liquidity_needs=?,occupation=?,phone_number=?,risk_profile=? where client_id=?
2026-03-05T22:42:11.052+05:30  INFO 23024 --- [client-service] [http-nio-8081-exec-8] c.w.client.controller.ClientController   : API Request: POST /api/clients/2/kyc from Advisor ID: 1
2026-03-05T22:42:11.052+05:30  INFO 23024 --- [client-service] [http-nio-8081-exec-8] c.wealth.client.service.ClientService    : Attempting to upload KYC document for Client ID: 2 by Advisor ID: 1
2026-03-05T22:42:11.055+05:30 DEBUG 23024 --- [client-service] [http-nio-8081-exec-8] org.hibernate.SQL                        : select c1_0.client_id,c1_0.address,c1_0.advisor_id,c1_0.created_date,c1_0.date_of_birth,c1_0.email_address,c1_0.employer,c1_0.full_name,c1_0.investment_amount,c1_0.investment_goal,c1_0.investment_horizon,c1_0.kyc_document_ref,c1_0.kyc_status,c1_0.liquidity_needs,c1_0.occupation,c1_0.phone_number,c1_0.risk_profile from client c1_0 where c1_0.client_id=? and c1_0.advisor_id=?
2026-03-05T22:42:11.063+05:30  INFO 23024 --- [client-service] [http-nio-8081-exec-8] c.wealth.client.service.ClientService    : Successfully saved new KYC document at: uploads\kyc-docs\0d95b064-99ea-411e-8284-1017252b1b53.png
2026-03-05T22:42:11.066+05:30 DEBUG 23024 --- [client-service] [http-nio-8081-exec-8] org.hibernate.SQL                        : update client set address=?,advisor_id=?,date_of_birth=?,email_address=?,employer=?,full_name=?,investment_amount=?,investment_goal=?,investment_horizon=?,kyc_document_ref=?,kyc_status=?,liquidity_needs=?,occupation=?,phone_number=?,risk_profile=? where client_id=?
2026-03-05T22:42:14.107+05:30  INFO 23024 --- [client-service] [http-nio-8081-exec-9] c.w.client.controller.ClientController   : API Request: PUT /api/clients/2/kyc-status
2026-03-05T22:42:14.110+05:30  INFO 23024 --- [client-service] [http-nio-8081-exec-9] c.wealth.client.service.ClientService    : Updating KYC status for Client ID: 2 to VERIFIED
2026-03-05T22:42:14.110+05:30 DEBUG 23024 --- [client-service] [http-nio-8081-exec-9] org.hibernate.SQL                        : select c1_0.client_id,c1_0.address,c1_0.advisor_id,c1_0.created_date,c1_0.date_of_birth,c1_0.email_address,c1_0.employer,c1_0.full_name,c1_0.investment_amount,c1_0.investment_goal,c1_0.investment_horizon,c1_0.kyc_document_ref,c1_0.kyc_status,c1_0.liquidity_needs,c1_0.occupation,c1_0.phone_number,c1_0.risk_profile from client c1_0 where c1_0.client_id=? and c1_0.advisor_id=?
2026-03-05T22:42:14.114+05:30 DEBUG 23024 --- [client-service] [http-nio-8081-exec-9] org.hibernate.SQL                        : update client set address=?,advisor_id=?,date_of_birth=?,email_address=?,employer=?,full_name=?,investment_amount=?,investment_goal=?,investment_horizon=?,kyc_document_ref=?,kyc_status=?,liquidity_needs=?,occupation=?,phone_number=?,risk_profile=? where client_id=?
2026-03-05T22:42:17.744+05:30  INFO 23024 --- [client-service] [http-nio-8081-exec-10] c.w.client.controller.ClientController   : API Request: GET /api/clients/2/kyc-document from Advisor ID: 1
2026-03-05T22:42:17.744+05:30 DEBUG 23024 --- [client-service] [http-nio-8081-exec-10] org.hibernate.SQL                        : select c1_0.client_id,c1_0.address,c1_0.advisor_id,c1_0.created_date,c1_0.date_of_birth,c1_0.email_address,c1_0.employer,c1_0.full_name,c1_0.investment_amount,c1_0.investment_goal,c1_0.investment_horizon,c1_0.kyc_document_ref,c1_0.kyc_status,c1_0.liquidity_needs,c1_0.occupation,c1_0.phone_number,c1_0.risk_profile from client c1_0 where c1_0.client_id=? and c1_0.advisor_id=?
2026-03-05T22:45:34.173+05:30  INFO 23024 --- [client-service] [AsyncResolver-bootstrap-executor-%d] c.n.d.s.r.aws.ConfigClusterResolver      : Resolving eureka endpoints via configuration
2026-03-05T22:49:15.278+05:30  INFO 23024 --- [client-service] [http-nio-8081-exec-2] c.w.client.controller.ClientController   : API Request: GET /api/clients from Advisor ID: 1
2026-03-05T22:49:15.278+05:30 DEBUG 23024 --- [client-service] [http-nio-8081-exec-2] org.hibernate.SQL                        : select c1_0.client_id,c1_0.address,c1_0.advisor_id,c1_0.created_date,c1_0.date_of_birth,c1_0.email_address,c1_0.employer,c1_0.full_name,c1_0.investment_amount,c1_0.investment_goal,c1_0.investment_horizon,c1_0.kyc_document_ref,c1_0.kyc_status,c1_0.liquidity_needs,c1_0.occupation,c1_0.phone_number,c1_0.risk_profile from client c1_0 where c1_0.advisor_id=?
2026-03-05T22:49:22.592+05:30  INFO 23024 --- [client-service] [http-nio-8081-exec-3] c.w.client.controller.ClientController   : API Request: GET /api/clients/1/kyc-document from Advisor ID: 1
2026-03-05T22:49:22.592+05:30 DEBUG 23024 --- [client-service] [http-nio-8081-exec-3] org.hibernate.SQL                        : select c1_0.client_id,c1_0.address,c1_0.advisor_id,c1_0.created_date,c1_0.date_of_birth,c1_0.email_address,c1_0.employer,c1_0.full_name,c1_0.investment_amount,c1_0.investment_goal,c1_0.investment_horizon,c1_0.kyc_document_ref,c1_0.kyc_status,c1_0.liquidity_needs,c1_0.occupation,c1_0.phone_number,c1_0.risk_profile from client c1_0 where c1_0.client_id=? and c1_0.advisor_id=?
2026-03-05T22:50:34.184+05:30  INFO 23024 --- [client-service] [AsyncResolver-bootstrap-executor-%d] c.n.d.s.r.aws.ConfigClusterResolver      : Resolving eureka endpoints via configuration
2026-03-05T22:52:00.693+05:30  INFO 23024 --- [client-service] [http-nio-8081-exec-5] c.w.client.controller.ClientController   : API Request: GET /api/clients from Advisor ID: 1
2026-03-05T22:52:00.694+05:30 DEBUG 23024 --- [client-service] [http-nio-8081-exec-5] org.hibernate.SQL                        : select c1_0.client_id,c1_0.address,c1_0.advisor_id,c1_0.created_date,c1_0.date_of_birth,c1_0.email_address,c1_0.employer,c1_0.full_name,c1_0.investment_amount,c1_0.investment_goal,c1_0.investment_horizon,c1_0.kyc_document_ref,c1_0.kyc_status,c1_0.liquidity_needs,c1_0.occupation,c1_0.phone_number,c1_0.risk_profile from client c1_0 where c1_0.advisor_id=?
2026-03-05T22:52:35.242+05:30  INFO 23024 --- [client-service] [http-nio-8081-exec-4] c.w.client.controller.ClientController   : API Request: GET /api/clients from Advisor ID: 1
2026-03-05T22:52:35.245+05:30 DEBUG 23024 --- [client-service] [http-nio-8081-exec-4] org.hibernate.SQL                        : select c1_0.client_id,c1_0.address,c1_0.advisor_id,c1_0.created_date,c1_0.date_of_birth,c1_0.email_address,c1_0.employer,c1_0.full_name,c1_0.investment_amount,c1_0.investment_goal,c1_0.investment_horizon,c1_0.kyc_document_ref,c1_0.kyc_status,c1_0.liquidity_needs,c1_0.occupation,c1_0.phone_number,c1_0.risk_profile from client c1_0 where c1_0.advisor_id=?
2026-03-05T22:53:09.746+05:30  INFO 23024 --- [client-service] [SpringApplicationShutdownHook] o.s.c.n.e.s.EurekaServiceRegistry        : Unregistering application CLIENT-SERVICE with eureka with status DOWN
2026-03-05T22:53:09.746+05:30  INFO 23024 --- [client-service] [SpringApplicationShutdownHook] com.netflix.discovery.DiscoveryClient    : Saw local status change event StatusChangeEvent [timestamp=1772731389746, current=DOWN, previous=UP]
2026-03-05T22:53:09.746+05:30  INFO 23024 --- [client-service] [DiscoveryClient-InstanceInfoReplicator-%d] com.netflix.discovery.DiscoveryClient    : DiscoveryClient_CLIENT-SERVICE/LTIN656690.cts.com:client-service:8081: registering service...
2026-03-05T22:53:09.753+05:30  INFO 23024 --- [client-service] [SpringApplicationShutdownHook] o.s.boot.tomcat.GracefulShutdown         : Commencing graceful shutdown. Waiting for active requests to complete
2026-03-05T22:53:09.759+05:30  INFO 23024 --- [client-service] [DiscoveryClient-InstanceInfoReplicator-%d] com.netflix.discovery.DiscoveryClient    : DiscoveryClient_CLIENT-SERVICE/LTIN656690.cts.com:client-service:8081 - registration status: 204
2026-03-05T22:53:09.765+05:30  INFO 23024 --- [client-service] [tomcat-shutdown] o.s.boot.tomcat.GracefulShutdown         : Graceful shutdown complete
2026-03-05T22:53:09.774+05:30  INFO 23024 --- [client-service] [SpringApplicationShutdownHook] j.LocalContainerEntityManagerFactoryBean : Closing JPA EntityManagerFactory for persistence unit 'default'
2026-03-05T22:53:09.778+05:30  INFO 23024 --- [client-service] [SpringApplicationShutdownHook] com.zaxxer.hikari.HikariDataSource       : HikariPool-1 - Shutdown initiated...
2026-03-05T22:53:09.786+05:30  INFO 23024 --- [client-service] [SpringApplicationShutdownHook] com.zaxxer.hikari.HikariDataSource       : HikariPool-1 - Shutdown completed.
2026-03-05T22:53:09.787+05:30  INFO 23024 --- [client-service] [SpringApplicationShutdownHook] com.netflix.discovery.DiscoveryClient    : Shutting down DiscoveryClient ...
2026-03-05T22:53:12.788+05:30  INFO 23024 --- [client-service] [SpringApplicationShutdownHook] com.netflix.discovery.DiscoveryClient    : Unregistering ...
2026-03-05T22:53:12.797+05:30  INFO 23024 --- [client-service] [SpringApplicationShutdownHook] com.netflix.discovery.DiscoveryClient    : DiscoveryClient_CLIENT-SERVICE/LTIN656690.cts.com:client-service:8081 - deregister  status: 200
2026-03-05T22:53:12.798+05:30  INFO 23024 --- [client-service] [SpringApplicationShutdownHook] com.netflix.discovery.DiscoveryClient    : Completed shut down of DiscoveryClient
2026-03-05T22:53:19.225+05:30  INFO 36324 --- [client-service] [main] c.w.client.ClientServiceApplication      : Starting ClientServiceApplication using Java 25 with PID 36324 (C:\Users\2463681\Downloads\final_Project\Wealth-Wise-Management-Portfoilio-Advisory-System\Backend\client-service\client-service\target\classes started by 2463681 in C:\Users\2463681\Downloads\final_Project\Wealth-Wise-Management-Portfoilio-Advisory-System\Backend)
2026-03-05T22:53:19.230+05:30  INFO 36324 --- [client-service] [main] c.w.client.ClientServiceApplication      : No active profile set, falling back to 1 default profile: "default"
2026-03-05T22:53:20.636+05:30  INFO 36324 --- [client-service] [main] .s.d.r.c.RepositoryConfigurationDelegate : Bootstrapping Spring Data JPA repositories in DEFAULT mode.
2026-03-05T22:53:20.848+05:30  INFO 36324 --- [client-service] [main] .s.d.r.c.RepositoryConfigurationDelegate : Finished Spring Data repository scanning in 182 ms. Found 1 JPA repository interface.
2026-03-05T22:53:21.082+05:30  INFO 36324 --- [client-service] [main] o.s.cloud.context.scope.GenericScope     : BeanFactory id=ec5c0d43-0339-3e3a-a9ea-0dfc89d70fb0
2026-03-05T22:53:21.704+05:30  INFO 36324 --- [client-service] [main] o.s.boot.tomcat.TomcatWebServer          : Tomcat initialized with port 8081 (http)
2026-03-05T22:53:21.721+05:30  INFO 36324 --- [client-service] [main] o.apache.catalina.core.StandardService   : Starting service [Tomcat]
2026-03-05T22:53:21.721+05:30  INFO 36324 --- [client-service] [main] o.apache.catalina.core.StandardEngine    : Starting Servlet engine: [Apache Tomcat/11.0.15]
2026-03-05T22:53:21.821+05:30  INFO 36324 --- [client-service] [main] b.w.c.s.WebApplicationContextInitializer : Root WebApplicationContext: initialization completed in 2514 ms
2026-03-05T22:53:22.103+05:30  INFO 36324 --- [client-service] [main] org.hibernate.orm.jpa                    : HHH008540: Processing PersistenceUnitInfo [name: default]
2026-03-05T22:53:22.214+05:30  INFO 36324 --- [client-service] [main] org.hibernate.orm.core                   : HHH000001: Hibernate ORM core version 7.2.1.Final
2026-03-05T22:53:23.117+05:30  INFO 36324 --- [client-service] [main] o.s.o.j.p.SpringPersistenceUnitInfo      : No LoadTimeWeaver setup: ignoring JPA class transformer
2026-03-05T22:53:23.164+05:30  INFO 36324 --- [client-service] [main] com.zaxxer.hikari.HikariDataSource       : HikariPool-1 - Starting...
2026-03-05T22:53:23.627+05:30  INFO 36324 --- [client-service] [main] com.zaxxer.hikari.pool.HikariPool        : HikariPool-1 - Added connection com.mysql.cj.jdbc.ConnectionImpl@38af386e
2026-03-05T22:53:23.631+05:30  INFO 36324 --- [client-service] [main] com.zaxxer.hikari.HikariDataSource       : HikariPool-1 - Start completed.
2026-03-05T22:53:23.809+05:30  INFO 36324 --- [client-service] [main] org.hibernate.orm.connections.pooling    : HHH10001005: Database info:
	Database JDBC URL [jdbc:mysql://localhost:3306/finance_db]
	Database driver: MySQL Connector/J
	Database dialect: MySQLDialect
	Database version: 8.0.44
	Default catalog/schema: finance_db/undefined
	Autocommit mode: undefined/unknown
	Isolation level: REPEATABLE_READ [default REPEATABLE_READ]
	JDBC fetch size: none
	Pool: DataSourceConnectionProvider
	Minimum pool size: undefined/unknown
	Maximum pool size: undefined/unknown
2026-03-05T22:53:25.024+05:30  INFO 36324 --- [client-service] [main] org.hibernate.orm.core                   : HHH000489: No JTA platform available (set 'hibernate.transaction.jta.platform' to enable JTA platform integration)
2026-03-05T22:53:25.107+05:30  INFO 36324 --- [client-service] [main] j.LocalContainerEntityManagerFactoryBean : Initialized JPA EntityManagerFactory for persistence unit 'default'
2026-03-05T22:53:25.198+05:30  INFO 36324 --- [client-service] [main] o.s.d.j.r.query.QueryEnhancerFactories   : Hibernate is in classpath; If applicable, HQL parser will be used.
2026-03-05T22:53:25.509+05:30  WARN 36324 --- [client-service] [main] JpaBaseConfiguration$JpaWebConfiguration : spring.jpa.open-in-view is enabled by default. Therefore, database queries may be performed during view rendering. Explicitly configure spring.jpa.open-in-view to disable this warning
2026-03-05T22:53:26.206+05:30  INFO 36324 --- [client-service] [main] DiscoveryClientOptionalArgsConfiguration : Eureka HTTP Client uses RestClient.
2026-03-05T22:53:26.257+05:30  WARN 36324 --- [client-service] [main] iguration$LoadBalancerCaffeineWarnLogger : Spring Cloud LoadBalancer is currently working with the default cache. While this cache implementation is useful for development and tests, it's recommended to use Caffeine cache in production.You can switch to using Caffeine cache, by adding it and org.springframework.cache.caffeine.CaffeineCacheManager to the classpath.
2026-03-05T22:53:26.282+05:30  INFO 36324 --- [client-service] [main] o.s.c.n.eureka.InstanceInfoFactory       : Setting initial instance status as: STARTING
2026-03-05T22:53:26.310+05:30  INFO 36324 --- [client-service] [main] com.netflix.discovery.DiscoveryClient    : Initializing Eureka in region us-east-1
2026-03-05T22:53:26.315+05:30  INFO 36324 --- [client-service] [main] c.n.d.s.r.aws.ConfigClusterResolver      : Resolving eureka endpoints via configuration
2026-03-05T22:53:26.326+05:30  INFO 36324 --- [client-service] [main] com.netflix.discovery.DiscoveryClient    : Disable delta property : false
2026-03-05T22:53:26.326+05:30  INFO 36324 --- [client-service] [main] com.netflix.discovery.DiscoveryClient    : Single vip registry refresh property : null
2026-03-05T22:53:26.327+05:30  INFO 36324 --- [client-service] [main] com.netflix.discovery.DiscoveryClient    : Force full registry fetch : false
2026-03-05T22:53:26.327+05:30  INFO 36324 --- [client-service] [main] com.netflix.discovery.DiscoveryClient    : Application is null : false
2026-03-05T22:53:26.327+05:30  INFO 36324 --- [client-service] [main] com.netflix.discovery.DiscoveryClient    : Registered Applications size is zero : true
2026-03-05T22:53:26.327+05:30  INFO 36324 --- [client-service] [main] com.netflix.discovery.DiscoveryClient    : Application version is -1: true
2026-03-05T22:53:26.327+05:30  INFO 36324 --- [client-service] [main] com.netflix.discovery.DiscoveryClient    : Getting all instance registry info from the eureka server
2026-03-05T22:53:26.817+05:30  INFO 36324 --- [client-service] [main] com.netflix.discovery.DiscoveryClient    : The response status is 200
2026-03-05T22:53:26.820+05:30  INFO 36324 --- [client-service] [main] com.netflix.discovery.DiscoveryClient    : Starting heartbeat executor: renew interval is: 30
2026-03-05T22:53:26.822+05:30  INFO 36324 --- [client-service] [main] c.n.discovery.InstanceInfoReplicator     : InstanceInfoReplicator onDemand update allowed rate per min is 4
2026-03-05T22:53:26.825+05:30  INFO 36324 --- [client-service] [main] com.netflix.discovery.DiscoveryClient    : Discovery Client initialized at timestamp 1772731406823 with initial instances count: 6
2026-03-05T22:53:26.828+05:30  INFO 36324 --- [client-service] [main] o.s.c.n.e.s.EurekaServiceRegistry        : Registering application CLIENT-SERVICE with eureka with status UP
2026-03-05T22:53:26.828+05:30  INFO 36324 --- [client-service] [main] com.netflix.discovery.DiscoveryClient    : Saw local status change event StatusChangeEvent [timestamp=1772731406828, current=UP, previous=STARTING]
2026-03-05T22:53:26.831+05:30  INFO 36324 --- [client-service] [DiscoveryClient-InstanceInfoReplicator-%d] com.netflix.discovery.DiscoveryClient    : DiscoveryClient_CLIENT-SERVICE/LTIN656690.cts.com:client-service:8081: registering service...
2026-03-05T22:53:26.859+05:30  INFO 36324 --- [client-service] [main] o.s.boot.tomcat.TomcatWebServer          : Tomcat started on port 8081 (http) with context path '/'
2026-03-05T22:53:26.860+05:30  INFO 36324 --- [client-service] [main] .s.c.n.e.s.EurekaAutoServiceRegistration : Updating port to 8081
2026-03-05T22:53:26.882+05:30  INFO 36324 --- [client-service] [main] c.w.client.ClientServiceApplication      : Started ClientServiceApplication in 8.496 seconds (process running for 9.741)
2026-03-05T22:53:26.885+05:30  INFO 36324 --- [client-service] [DiscoveryClient-InstanceInfoReplicator-%d] com.netflix.discovery.DiscoveryClient    : DiscoveryClient_CLIENT-SERVICE/LTIN656690.cts.com:client-service:8081 - registration status: 204
2026-03-05T22:53:43.462+05:30  INFO 36324 --- [client-service] [http-nio-8081-exec-1] o.a.c.c.C.[Tomcat].[localhost].[/]       : Initializing Spring DispatcherServlet 'dispatcherServlet'
2026-03-05T22:53:43.462+05:30  INFO 36324 --- [client-service] [http-nio-8081-exec-1] o.s.web.servlet.DispatcherServlet        : Initializing Servlet 'dispatcherServlet'
2026-03-05T22:53:43.467+05:30  INFO 36324 --- [client-service] [http-nio-8081-exec-1] o.s.web.servlet.DispatcherServlet        : Completed initialization in 5 ms
2026-03-05T22:53:43.585+05:30  INFO 36324 --- [client-service] [http-nio-8081-exec-1] c.w.client.controller.ClientController   : API Request: GET /api/clients/1/kyc-document from Advisor ID: 1
2026-03-05T22:53:44.291+05:30 DEBUG 36324 --- [client-service] [http-nio-8081-exec-1] org.hibernate.SQL                        : select c1_0.client_id,c1_0.address,c1_0.advisor_id,c1_0.created_date,c1_0.date_of_birth,c1_0.email_address,c1_0.employer,c1_0.full_name,c1_0.investment_amount,c1_0.investment_goal,c1_0.investment_horizon,c1_0.kyc_document_ref,c1_0.kyc_status,c1_0.liquidity_needs,c1_0.occupation,c1_0.phone_number,c1_0.risk_profile from client c1_0 where c1_0.client_id=? and c1_0.advisor_id=?
2026-03-05T22:53:44.368+05:30 ERROR 36324 --- [client-service] [http-nio-8081-exec-1] c.w.c.exception.GlobalExceptionHandler   : Runtime Exception occurred: 

java.lang.RuntimeException: Error reading file
	at com.wealth.client.controller.ClientController.getKycDocument(ClientController.java:134) ~[classes/:na]
	at java.base/jdk.internal.reflect.DirectMethodHandleAccessor.invoke(DirectMethodHandleAccessor.java:104) ~[na:na]
	at java.base/java.lang.reflect.Method.invoke(Method.java:565) ~[na:na]
	at org.springframework.web.method.support.InvocableHandlerMethod.doInvoke(InvocableHandlerMethod.java:258) ~[spring-web-7.0.3.jar:7.0.3]
	at org.springframework.web.method.support.InvocableHandlerMethod.invokeForRequest(InvocableHandlerMethod.java:190) ~[spring-web-7.0.3.jar:7.0.3]
	at org.springframework.web.servlet.mvc.method.annotation.ServletInvocableHandlerMethod.invokeAndHandle(ServletInvocableHandlerMethod.java:117) ~[spring-webmvc-7.0.3.jar:7.0.3]
	at org.springframework.web.servlet.mvc.method.annotation.RequestMappingHandlerAdapter.invokeHandlerMethod(RequestMappingHandlerAdapter.java:934) ~[spring-webmvc-7.0.3.jar:7.0.3]
	at org.springframework.web.servlet.mvc.method.annotation.RequestMappingHandlerAdapter.handleInternal(RequestMappingHandlerAdapter.java:853) ~[spring-webmvc-7.0.3.jar:7.0.3]
	at org.springframework.web.servlet.mvc.method.AbstractHandlerMethodAdapter.handle(AbstractHandlerMethodAdapter.java:86) ~[spring-webmvc-7.0.3.jar:7.0.3]
	at org.springframework.web.servlet.DispatcherServlet.doDispatch(DispatcherServlet.java:963) ~[spring-webmvc-7.0.3.jar:7.0.3]
	at org.springframework.web.servlet.DispatcherServlet.doService(DispatcherServlet.java:866) ~[spring-webmvc-7.0.3.jar:7.0.3]
	at org.springframework.web.servlet.FrameworkServlet.processRequest(FrameworkServlet.java:1003) ~[spring-webmvc-7.0.3.jar:7.0.3]
	at org.springframework.web.servlet.FrameworkServlet.doGet(FrameworkServlet.java:892) ~[spring-webmvc-7.0.3.jar:7.0.3]
	at jakarta.servlet.http.HttpServlet.service(HttpServlet.java:622) ~[tomcat-embed-core-11.0.15.jar:6.1]
	at org.springframework.web.servlet.FrameworkServlet.service(FrameworkServlet.java:874) ~[spring-webmvc-7.0.3.jar:7.0.3]
	at jakarta.servlet.http.HttpServlet.service(HttpServlet.java:710) ~[tomcat-embed-core-11.0.15.jar:6.1]
	at org.apache.catalina.core.ApplicationFilterChain.doFilter(ApplicationFilterChain.java:128) ~[tomcat-embed-core-11.0.15.jar:11.0.15]
	at org.apache.tomcat.websocket.server.WsFilter.doFilter(WsFilter.java:53) ~[tomcat-embed-websocket-11.0.15.jar:11.0.15]
	at org.apache.catalina.core.ApplicationFilterChain.doFilter(ApplicationFilterChain.java:107) ~[tomcat-embed-core-11.0.15.jar:11.0.15]
	at org.springframework.web.filter.RequestContextFilter.doFilterInternal(RequestContextFilter.java:100) ~[spring-web-7.0.3.jar:7.0.3]
	at org.springframework.web.filter.OncePerRequestFilter.doFilter(OncePerRequestFilter.java:116) ~[spring-web-7.0.3.jar:7.0.3]
	at org.apache.catalina.core.ApplicationFilterChain.doFilter(ApplicationFilterChain.java:107) ~[tomcat-embed-core-11.0.15.jar:11.0.15]
	at org.springframework.web.filter.FormContentFilter.doFilterInternal(FormContentFilter.java:93) ~[spring-web-7.0.3.jar:7.0.3]
	at org.springframework.web.filter.OncePerRequestFilter.doFilter(OncePerRequestFilter.java:116) ~[spring-web-7.0.3.jar:7.0.3]
	at org.apache.catalina.core.ApplicationFilterChain.doFilter(ApplicationFilterChain.java:107) ~[tomcat-embed-core-11.0.15.jar:11.0.15]
	at org.springframework.web.filter.CharacterEncodingFilter.doFilterInternal(CharacterEncodingFilter.java:199) ~[spring-web-7.0.3.jar:7.0.3]
	at org.springframework.web.filter.OncePerRequestFilter.doFilter(OncePerRequestFilter.java:116) ~[spring-web-7.0.3.jar:7.0.3]
	at org.apache.catalina.core.ApplicationFilterChain.doFilter(ApplicationFilterChain.java:107) ~[tomcat-embed-core-11.0.15.jar:11.0.15]
	at org.apache.catalina.core.StandardWrapperValve.invoke(StandardWrapperValve.java:165) ~[tomcat-embed-core-11.0.15.jar:11.0.15]
	at org.apache.catalina.core.StandardContextValve.invoke(StandardContextValve.java:77) ~[tomcat-embed-core-11.0.15.jar:11.0.15]
	at org.apache.catalina.authenticator.AuthenticatorBase.invoke(AuthenticatorBase.java:482) ~[tomcat-embed-core-11.0.15.jar:11.0.15]
	at org.apache.catalina.core.StandardHostValve.invoke(StandardHostValve.java:113) ~[tomcat-embed-core-11.0.15.jar:11.0.15]
	at org.apache.catalina.valves.ErrorReportValve.invoke(ErrorReportValve.java:83) ~[tomcat-embed-core-11.0.15.jar:11.0.15]
	at org.apache.catalina.core.StandardEngineValve.invoke(StandardEngineValve.java:72) ~[tomcat-embed-core-11.0.15.jar:11.0.15]
	at org.apache.catalina.connector.CoyoteAdapter.service(CoyoteAdapter.java:341) ~[tomcat-embed-core-11.0.15.jar:11.0.15]
	at org.apache.coyote.http11.Http11Processor.service(Http11Processor.java:397) ~[tomcat-embed-core-11.0.15.jar:11.0.15]
	at org.apache.coyote.AbstractProcessorLight.process(AbstractProcessorLight.java:63) ~[tomcat-embed-core-11.0.15.jar:11.0.15]
	at org.apache.coyote.AbstractProtocol$ConnectionHandler.process(AbstractProtocol.java:903) ~[tomcat-embed-core-11.0.15.jar:11.0.15]
	at org.apache.tomcat.util.net.NioEndpoint$SocketProcessor.doRun(NioEndpoint.java:1778) ~[tomcat-embed-core-11.0.15.jar:11.0.15]
	at org.apache.tomcat.util.net.SocketProcessorBase.run(SocketProcessorBase.java:52) ~[tomcat-embed-core-11.0.15.jar:11.0.15]
	at org.apache.tomcat.util.threads.ThreadPoolExecutor.runWorker(ThreadPoolExecutor.java:946) ~[tomcat-embed-core-11.0.15.jar:11.0.15]
	at org.apache.tomcat.util.threads.ThreadPoolExecutor$Worker.run(ThreadPoolExecutor.java:480) ~[tomcat-embed-core-11.0.15.jar:11.0.15]
	at org.apache.tomcat.util.threads.TaskThread$WrappingRunnable.run(TaskThread.java:57) ~[tomcat-embed-core-11.0.15.jar:11.0.15]
	at java.base/java.lang.Thread.run(Thread.java:1474) ~[na:na]
Caused by: java.lang.RuntimeException: File not found on server
	at com.wealth.client.controller.ClientController.getKycDocument(ClientController.java:131) ~[classes/:na]
	... 43 common frames omitted

2026-03-05T22:54:08.657+05:30  INFO 36324 --- [client-service] [http-nio-8081-exec-2] c.w.client.controller.ClientController   : API Request: POST /api/clients/1/kyc from Advisor ID: 1
2026-03-05T22:54:08.657+05:30  INFO 36324 --- [client-service] [http-nio-8081-exec-2] c.wealth.client.service.ClientService    : Attempting to upload KYC document for Client ID: 1 by Advisor ID: 1
2026-03-05T22:54:08.663+05:30 DEBUG 36324 --- [client-service] [http-nio-8081-exec-2] org.hibernate.SQL                        : select c1_0.client_id,c1_0.address,c1_0.advisor_id,c1_0.created_date,c1_0.date_of_birth,c1_0.email_address,c1_0.employer,c1_0.full_name,c1_0.investment_amount,c1_0.investment_goal,c1_0.investment_horizon,c1_0.kyc_document_ref,c1_0.kyc_status,c1_0.liquidity_needs,c1_0.occupation,c1_0.phone_number,c1_0.risk_profile from client c1_0 where c1_0.client_id=? and c1_0.advisor_id=?
2026-03-05T22:54:08.675+05:30  INFO 36324 --- [client-service] [http-nio-8081-exec-2] c.wealth.client.service.ClientService    : Successfully saved new KYC document at: uploads\kyc-docs\8d3aca3c-b1d2-4ef4-bd24-27850359949a.png
2026-03-05T22:54:08.736+05:30 DEBUG 36324 --- [client-service] [http-nio-8081-exec-2] org.hibernate.SQL                        : update client set address=?,advisor_id=?,date_of_birth=?,email_address=?,employer=?,full_name=?,investment_amount=?,investment_goal=?,investment_horizon=?,kyc_document_ref=?,kyc_status=?,liquidity_needs=?,occupation=?,phone_number=?,risk_profile=? where client_id=?
2026-03-05T22:54:11.849+05:30  INFO 36324 --- [client-service] [http-nio-8081-exec-3] c.w.client.controller.ClientController   : API Request: PUT /api/clients/1/kyc-status
2026-03-05T22:54:11.849+05:30  INFO 36324 --- [client-service] [http-nio-8081-exec-3] c.wealth.client.service.ClientService    : Updating KYC status for Client ID: 1 to VERIFIED
2026-03-05T22:54:11.849+05:30 DEBUG 36324 --- [client-service] [http-nio-8081-exec-3] org.hibernate.SQL                        : select c1_0.client_id,c1_0.address,c1_0.advisor_id,c1_0.created_date,c1_0.date_of_birth,c1_0.email_address,c1_0.employer,c1_0.full_name,c1_0.investment_amount,c1_0.investment_goal,c1_0.investment_horizon,c1_0.kyc_document_ref,c1_0.kyc_status,c1_0.liquidity_needs,c1_0.occupation,c1_0.phone_number,c1_0.risk_profile from client c1_0 where c1_0.client_id=? and c1_0.advisor_id=?
2026-03-05T22:54:11.860+05:30 DEBUG 36324 --- [client-service] [http-nio-8081-exec-3] org.hibernate.SQL                        : update client set address=?,advisor_id=?,date_of_birth=?,email_address=?,employer=?,full_name=?,investment_amount=?,investment_goal=?,investment_horizon=?,kyc_document_ref=?,kyc_status=?,liquidity_needs=?,occupation=?,phone_number=?,risk_profile=? where client_id=?
2026-03-05T22:54:30.940+05:30  INFO 36324 --- [client-service] [http-nio-8081-exec-4] c.w.client.controller.ClientController   : API Request: GET /api/clients/2/kyc-document from Advisor ID: 1
2026-03-05T22:54:30.941+05:30 DEBUG 36324 --- [client-service] [http-nio-8081-exec-4] org.hibernate.SQL                        : select c1_0.client_id,c1_0.address,c1_0.advisor_id,c1_0.created_date,c1_0.date_of_birth,c1_0.email_address,c1_0.employer,c1_0.full_name,c1_0.investment_amount,c1_0.investment_goal,c1_0.investment_horizon,c1_0.kyc_document_ref,c1_0.kyc_status,c1_0.liquidity_needs,c1_0.occupation,c1_0.phone_number,c1_0.risk_profile from client c1_0 where c1_0.client_id=? and c1_0.advisor_id=?
2026-03-05T22:54:30.946+05:30 ERROR 36324 --- [client-service] [http-nio-8081-exec-4] c.w.c.exception.GlobalExceptionHandler   : Runtime Exception occurred: 

java.lang.RuntimeException: Error reading file
	at com.wealth.client.controller.ClientController.getKycDocument(ClientController.java:134) ~[classes/:na]
	at java.base/jdk.internal.reflect.DirectMethodHandleAccessor.invoke(DirectMethodHandleAccessor.java:104) ~[na:na]
	at java.base/java.lang.reflect.Method.invoke(Method.java:565) ~[na:na]
	at org.springframework.web.method.support.InvocableHandlerMethod.doInvoke(InvocableHandlerMethod.java:258) ~[spring-web-7.0.3.jar:7.0.3]
	at org.springframework.web.method.support.InvocableHandlerMethod.invokeForRequest(InvocableHandlerMethod.java:190) ~[spring-web-7.0.3.jar:7.0.3]
	at org.springframework.web.servlet.mvc.method.annotation.ServletInvocableHandlerMethod.invokeAndHandle(ServletInvocableHandlerMethod.java:117) ~[spring-webmvc-7.0.3.jar:7.0.3]
	at org.springframework.web.servlet.mvc.method.annotation.RequestMappingHandlerAdapter.invokeHandlerMethod(RequestMappingHandlerAdapter.java:934) ~[spring-webmvc-7.0.3.jar:7.0.3]
	at org.springframework.web.servlet.mvc.method.annotation.RequestMappingHandlerAdapter.handleInternal(RequestMappingHandlerAdapter.java:853) ~[spring-webmvc-7.0.3.jar:7.0.3]
	at org.springframework.web.servlet.mvc.method.AbstractHandlerMethodAdapter.handle(AbstractHandlerMethodAdapter.java:86) ~[spring-webmvc-7.0.3.jar:7.0.3]
	at org.springframework.web.servlet.DispatcherServlet.doDispatch(DispatcherServlet.java:963) ~[spring-webmvc-7.0.3.jar:7.0.3]
	at org.springframework.web.servlet.DispatcherServlet.doService(DispatcherServlet.java:866) ~[spring-webmvc-7.0.3.jar:7.0.3]
	at org.springframework.web.servlet.FrameworkServlet.processRequest(FrameworkServlet.java:1003) ~[spring-webmvc-7.0.3.jar:7.0.3]
	at org.springframework.web.servlet.FrameworkServlet.doGet(FrameworkServlet.java:892) ~[spring-webmvc-7.0.3.jar:7.0.3]
	at jakarta.servlet.http.HttpServlet.service(HttpServlet.java:622) ~[tomcat-embed-core-11.0.15.jar:6.1]
	at org.springframework.web.servlet.FrameworkServlet.service(FrameworkServlet.java:874) ~[spring-webmvc-7.0.3.jar:7.0.3]
	at jakarta.servlet.http.HttpServlet.service(HttpServlet.java:710) ~[tomcat-embed-core-11.0.15.jar:6.1]
	at org.apache.catalina.core.ApplicationFilterChain.doFilter(ApplicationFilterChain.java:128) ~[tomcat-embed-core-11.0.15.jar:11.0.15]
	at org.apache.tomcat.websocket.server.WsFilter.doFilter(WsFilter.java:53) ~[tomcat-embed-websocket-11.0.15.jar:11.0.15]
	at org.apache.catalina.core.ApplicationFilterChain.doFilter(ApplicationFilterChain.java:107) ~[tomcat-embed-core-11.0.15.jar:11.0.15]
	at org.springframework.web.filter.RequestContextFilter.doFilterInternal(RequestContextFilter.java:100) ~[spring-web-7.0.3.jar:7.0.3]
	at org.springframework.web.filter.OncePerRequestFilter.doFilter(OncePerRequestFilter.java:116) ~[spring-web-7.0.3.jar:7.0.3]
	at org.apache.catalina.core.ApplicationFilterChain.doFilter(ApplicationFilterChain.java:107) ~[tomcat-embed-core-11.0.15.jar:11.0.15]
	at org.springframework.web.filter.FormContentFilter.doFilterInternal(FormContentFilter.java:93) ~[spring-web-7.0.3.jar:7.0.3]
	at org.springframework.web.filter.OncePerRequestFilter.doFilter(OncePerRequestFilter.java:116) ~[spring-web-7.0.3.jar:7.0.3]
	at org.apache.catalina.core.ApplicationFilterChain.doFilter(ApplicationFilterChain.java:107) ~[tomcat-embed-core-11.0.15.jar:11.0.15]
	at org.springframework.web.filter.CharacterEncodingFilter.doFilterInternal(CharacterEncodingFilter.java:199) ~[spring-web-7.0.3.jar:7.0.3]
	at org.springframework.web.filter.OncePerRequestFilter.doFilter(OncePerRequestFilter.java:116) ~[spring-web-7.0.3.jar:7.0.3]
	at org.apache.catalina.core.ApplicationFilterChain.doFilter(ApplicationFilterChain.java:107) ~[tomcat-embed-core-11.0.15.jar:11.0.15]
	at org.apache.catalina.core.StandardWrapperValve.invoke(StandardWrapperValve.java:165) ~[tomcat-embed-core-11.0.15.jar:11.0.15]
	at org.apache.catalina.core.StandardContextValve.invoke(StandardContextValve.java:77) ~[tomcat-embed-core-11.0.15.jar:11.0.15]
	at org.apache.catalina.authenticator.AuthenticatorBase.invoke(AuthenticatorBase.java:482) ~[tomcat-embed-core-11.0.15.jar:11.0.15]
	at org.apache.catalina.core.StandardHostValve.invoke(StandardHostValve.java:113) ~[tomcat-embed-core-11.0.15.jar:11.0.15]
	at org.apache.catalina.valves.ErrorReportValve.invoke(ErrorReportValve.java:83) ~[tomcat-embed-core-11.0.15.jar:11.0.15]
	at org.apache.catalina.core.StandardEngineValve.invoke(StandardEngineValve.java:72) ~[tomcat-embed-core-11.0.15.jar:11.0.15]
	at org.apache.catalina.connector.CoyoteAdapter.service(CoyoteAdapter.java:341) ~[tomcat-embed-core-11.0.15.jar:11.0.15]
	at org.apache.coyote.http11.Http11Processor.service(Http11Processor.java:397) ~[tomcat-embed-core-11.0.15.jar:11.0.15]
	at org.apache.coyote.AbstractProcessorLight.process(AbstractProcessorLight.java:63) ~[tomcat-embed-core-11.0.15.jar:11.0.15]
	at org.apache.coyote.AbstractProtocol$ConnectionHandler.process(AbstractProtocol.java:903) ~[tomcat-embed-core-11.0.15.jar:11.0.15]
	at org.apache.tomcat.util.net.NioEndpoint$SocketProcessor.doRun(NioEndpoint.java:1778) ~[tomcat-embed-core-11.0.15.jar:11.0.15]
	at org.apache.tomcat.util.net.SocketProcessorBase.run(SocketProcessorBase.java:52) ~[tomcat-embed-core-11.0.15.jar:11.0.15]
	at org.apache.tomcat.util.threads.ThreadPoolExecutor.runWorker(ThreadPoolExecutor.java:946) ~[tomcat-embed-core-11.0.15.jar:11.0.15]
	at org.apache.tomcat.util.threads.ThreadPoolExecutor$Worker.run(ThreadPoolExecutor.java:480) ~[tomcat-embed-core-11.0.15.jar:11.0.15]
	at org.apache.tomcat.util.threads.TaskThread$WrappingRunnable.run(TaskThread.java:57) ~[tomcat-embed-core-11.0.15.jar:11.0.15]
	at java.base/java.lang.Thread.run(Thread.java:1474) ~[na:na]
Caused by: java.lang.RuntimeException: File not found on server
	at com.wealth.client.controller.ClientController.getKycDocument(ClientController.java:131) ~[classes/:na]
	... 43 common frames omitted

2026-03-05T22:54:33.028+05:30  INFO 36324 --- [client-service] [http-nio-8081-exec-5] c.w.client.controller.ClientController   : API Request: GET /api/clients/2/kyc-document from Advisor ID: 1
2026-03-05T22:54:33.029+05:30 DEBUG 36324 --- [client-service] [http-nio-8081-exec-5] org.hibernate.SQL                        : select c1_0.client_id,c1_0.address,c1_0.advisor_id,c1_0.created_date,c1_0.date_of_birth,c1_0.email_address,c1_0.employer,c1_0.full_name,c1_0.investment_amount,c1_0.investment_goal,c1_0.investment_horizon,c1_0.kyc_document_ref,c1_0.kyc_status,c1_0.liquidity_needs,c1_0.occupation,c1_0.phone_number,c1_0.risk_profile from client c1_0 where c1_0.client_id=? and c1_0.advisor_id=?
2026-03-05T22:54:33.034+05:30 ERROR 36324 --- [client-service] [http-nio-8081-exec-5] c.w.c.exception.GlobalExceptionHandler   : Runtime Exception occurred: 

java.lang.RuntimeException: Error reading file
	at com.wealth.client.controller.ClientController.getKycDocument(ClientController.java:134) ~[classes/:na]
	at java.base/jdk.internal.reflect.DirectMethodHandleAccessor.invoke(DirectMethodHandleAccessor.java:104) ~[na:na]
	at java.base/java.lang.reflect.Method.invoke(Method.java:565) ~[na:na]
	at org.springframework.web.method.support.InvocableHandlerMethod.doInvoke(InvocableHandlerMethod.java:258) ~[spring-web-7.0.3.jar:7.0.3]
	at org.springframework.web.method.support.InvocableHandlerMethod.invokeForRequest(InvocableHandlerMethod.java:190) ~[spring-web-7.0.3.jar:7.0.3]
	at org.springframework.web.servlet.mvc.method.annotation.ServletInvocableHandlerMethod.invokeAndHandle(ServletInvocableHandlerMethod.java:117) ~[spring-webmvc-7.0.3.jar:7.0.3]
	at org.springframework.web.servlet.mvc.method.annotation.RequestMappingHandlerAdapter.invokeHandlerMethod(RequestMappingHandlerAdapter.java:934) ~[spring-webmvc-7.0.3.jar:7.0.3]
	at org.springframework.web.servlet.mvc.method.annotation.RequestMappingHandlerAdapter.handleInternal(RequestMappingHandlerAdapter.java:853) ~[spring-webmvc-7.0.3.jar:7.0.3]
	at org.springframework.web.servlet.mvc.method.AbstractHandlerMethodAdapter.handle(AbstractHandlerMethodAdapter.java:86) ~[spring-webmvc-7.0.3.jar:7.0.3]
	at org.springframework.web.servlet.DispatcherServlet.doDispatch(DispatcherServlet.java:963) ~[spring-webmvc-7.0.3.jar:7.0.3]
	at org.springframework.web.servlet.DispatcherServlet.doService(DispatcherServlet.java:866) ~[spring-webmvc-7.0.3.jar:7.0.3]
	at org.springframework.web.servlet.FrameworkServlet.processRequest(FrameworkServlet.java:1003) ~[spring-webmvc-7.0.3.jar:7.0.3]
	at org.springframework.web.servlet.FrameworkServlet.doGet(FrameworkServlet.java:892) ~[spring-webmvc-7.0.3.jar:7.0.3]
	at jakarta.servlet.http.HttpServlet.service(HttpServlet.java:622) ~[tomcat-embed-core-11.0.15.jar:6.1]
	at org.springframework.web.servlet.FrameworkServlet.service(FrameworkServlet.java:874) ~[spring-webmvc-7.0.3.jar:7.0.3]
	at jakarta.servlet.http.HttpServlet.service(HttpServlet.java:710) ~[tomcat-embed-core-11.0.15.jar:6.1]
	at org.apache.catalina.core.ApplicationFilterChain.doFilter(ApplicationFilterChain.java:128) ~[tomcat-embed-core-11.0.15.jar:11.0.15]
	at org.apache.tomcat.websocket.server.WsFilter.doFilter(WsFilter.java:53) ~[tomcat-embed-websocket-11.0.15.jar:11.0.15]
	at org.apache.catalina.core.ApplicationFilterChain.doFilter(ApplicationFilterChain.java:107) ~[tomcat-embed-core-11.0.15.jar:11.0.15]
	at org.springframework.web.filter.RequestContextFilter.doFilterInternal(RequestContextFilter.java:100) ~[spring-web-7.0.3.jar:7.0.3]
	at org.springframework.web.filter.OncePerRequestFilter.doFilter(OncePerRequestFilter.java:116) ~[spring-web-7.0.3.jar:7.0.3]
	at org.apache.catalina.core.ApplicationFilterChain.doFilter(ApplicationFilterChain.java:107) ~[tomcat-embed-core-11.0.15.jar:11.0.15]
	at org.springframework.web.filter.FormContentFilter.doFilterInternal(FormContentFilter.java:93) ~[spring-web-7.0.3.jar:7.0.3]
	at org.springframework.web.filter.OncePerRequestFilter.doFilter(OncePerRequestFilter.java:116) ~[spring-web-7.0.3.jar:7.0.3]
	at org.apache.catalina.core.ApplicationFilterChain.doFilter(ApplicationFilterChain.java:107) ~[tomcat-embed-core-11.0.15.jar:11.0.15]
	at org.springframework.web.filter.CharacterEncodingFilter.doFilterInternal(CharacterEncodingFilter.java:199) ~[spring-web-7.0.3.jar:7.0.3]
	at org.springframework.web.filter.OncePerRequestFilter.doFilter(OncePerRequestFilter.java:116) ~[spring-web-7.0.3.jar:7.0.3]
	at org.apache.catalina.core.ApplicationFilterChain.doFilter(ApplicationFilterChain.java:107) ~[tomcat-embed-core-11.0.15.jar:11.0.15]
	at org.apache.catalina.core.StandardWrapperValve.invoke(StandardWrapperValve.java:165) ~[tomcat-embed-core-11.0.15.jar:11.0.15]
	at org.apache.catalina.core.StandardContextValve.invoke(StandardContextValve.java:77) ~[tomcat-embed-core-11.0.15.jar:11.0.15]
	at org.apache.catalina.authenticator.AuthenticatorBase.invoke(AuthenticatorBase.java:482) ~[tomcat-embed-core-11.0.15.jar:11.0.15]
	at org.apache.catalina.core.StandardHostValve.invoke(StandardHostValve.java:113) ~[tomcat-embed-core-11.0.15.jar:11.0.15]
	at org.apache.catalina.valves.ErrorReportValve.invoke(ErrorReportValve.java:83) ~[tomcat-embed-core-11.0.15.jar:11.0.15]
	at org.apache.catalina.core.StandardEngineValve.invoke(StandardEngineValve.java:72) ~[tomcat-embed-core-11.0.15.jar:11.0.15]
	at org.apache.catalina.connector.CoyoteAdapter.service(CoyoteAdapter.java:341) ~[tomcat-embed-core-11.0.15.jar:11.0.15]
	at org.apache.coyote.http11.Http11Processor.service(Http11Processor.java:397) ~[tomcat-embed-core-11.0.15.jar:11.0.15]
	at org.apache.coyote.AbstractProcessorLight.process(AbstractProcessorLight.java:63) ~[tomcat-embed-core-11.0.15.jar:11.0.15]
	at org.apache.coyote.AbstractProtocol$ConnectionHandler.process(AbstractProtocol.java:903) ~[tomcat-embed-core-11.0.15.jar:11.0.15]
	at org.apache.tomcat.util.net.NioEndpoint$SocketProcessor.doRun(NioEndpoint.java:1778) ~[tomcat-embed-core-11.0.15.jar:11.0.15]
	at org.apache.tomcat.util.net.SocketProcessorBase.run(SocketProcessorBase.java:52) ~[tomcat-embed-core-11.0.15.jar:11.0.15]
	at org.apache.tomcat.util.threads.ThreadPoolExecutor.runWorker(ThreadPoolExecutor.java:946) ~[tomcat-embed-core-11.0.15.jar:11.0.15]
	at org.apache.tomcat.util.threads.ThreadPoolExecutor$Worker.run(ThreadPoolExecutor.java:480) ~[tomcat-embed-core-11.0.15.jar:11.0.15]
	at org.apache.tomcat.util.threads.TaskThread$WrappingRunnable.run(TaskThread.java:57) ~[tomcat-embed-core-11.0.15.jar:11.0.15]
	at java.base/java.lang.Thread.run(Thread.java:1474) ~[na:na]
Caused by: java.lang.RuntimeException: File not found on server
	at com.wealth.client.controller.ClientController.getKycDocument(ClientController.java:131) ~[classes/:na]
	... 43 common frames omitted

2026-03-05T22:54:34.341+05:30  INFO 36324 --- [client-service] [http-nio-8081-exec-6] c.w.client.controller.ClientController   : API Request: GET /api/clients/2/kyc-document from Advisor ID: 1
2026-03-05T22:54:34.344+05:30 DEBUG 36324 --- [client-service] [http-nio-8081-exec-6] org.hibernate.SQL                        : select c1_0.client_id,c1_0.address,c1_0.advisor_id,c1_0.created_date,c1_0.date_of_birth,c1_0.email_address,c1_0.employer,c1_0.full_name,c1_0.investment_amount,c1_0.investment_goal,c1_0.investment_horizon,c1_0.kyc_document_ref,c1_0.kyc_status,c1_0.liquidity_needs,c1_0.occupation,c1_0.phone_number,c1_0.risk_profile from client c1_0 where c1_0.client_id=? and c1_0.advisor_id=?
2026-03-05T22:54:34.349+05:30 ERROR 36324 --- [client-service] [http-nio-8081-exec-6] c.w.c.exception.GlobalExceptionHandler   : Runtime Exception occurred: 

java.lang.RuntimeException: Error reading file
	at com.wealth.client.controller.ClientController.getKycDocument(ClientController.java:134) ~[classes/:na]
	at java.base/jdk.internal.reflect.DirectMethodHandleAccessor.invoke(DirectMethodHandleAccessor.java:104) ~[na:na]
	at java.base/java.lang.reflect.Method.invoke(Method.java:565) ~[na:na]
	at org.springframework.web.method.support.InvocableHandlerMethod.doInvoke(InvocableHandlerMethod.java:258) ~[spring-web-7.0.3.jar:7.0.3]
	at org.springframework.web.method.support.InvocableHandlerMethod.invokeForRequest(InvocableHandlerMethod.java:190) ~[spring-web-7.0.3.jar:7.0.3]
	at org.springframework.web.servlet.mvc.method.annotation.ServletInvocableHandlerMethod.invokeAndHandle(ServletInvocableHandlerMethod.java:117) ~[spring-webmvc-7.0.3.jar:7.0.3]
	at org.springframework.web.servlet.mvc.method.annotation.RequestMappingHandlerAdapter.invokeHandlerMethod(RequestMappingHandlerAdapter.java:934) ~[spring-webmvc-7.0.3.jar:7.0.3]
	at org.springframework.web.servlet.mvc.method.annotation.RequestMappingHandlerAdapter.handleInternal(RequestMappingHandlerAdapter.java:853) ~[spring-webmvc-7.0.3.jar:7.0.3]
	at org.springframework.web.servlet.mvc.method.AbstractHandlerMethodAdapter.handle(AbstractHandlerMethodAdapter.java:86) ~[spring-webmvc-7.0.3.jar:7.0.3]
	at org.springframework.web.servlet.DispatcherServlet.doDispatch(DispatcherServlet.java:963) ~[spring-webmvc-7.0.3.jar:7.0.3]
	at org.springframework.web.servlet.DispatcherServlet.doService(DispatcherServlet.java:866) ~[spring-webmvc-7.0.3.jar:7.0.3]
	at org.springframework.web.servlet.FrameworkServlet.processRequest(FrameworkServlet.java:1003) ~[spring-webmvc-7.0.3.jar:7.0.3]
	at org.springframework.web.servlet.FrameworkServlet.doGet(FrameworkServlet.java:892) ~[spring-webmvc-7.0.3.jar:7.0.3]
	at jakarta.servlet.http.HttpServlet.service(HttpServlet.java:622) ~[tomcat-embed-core-11.0.15.jar:6.1]
	at org.springframework.web.servlet.FrameworkServlet.service(FrameworkServlet.java:874) ~[spring-webmvc-7.0.3.jar:7.0.3]
	at jakarta.servlet.http.HttpServlet.service(HttpServlet.java:710) ~[tomcat-embed-core-11.0.15.jar:6.1]
	at org.apache.catalina.core.ApplicationFilterChain.doFilter(ApplicationFilterChain.java:128) ~[tomcat-embed-core-11.0.15.jar:11.0.15]
	at org.apache.tomcat.websocket.server.WsFilter.doFilter(WsFilter.java:53) ~[tomcat-embed-websocket-11.0.15.jar:11.0.15]
	at org.apache.catalina.core.ApplicationFilterChain.doFilter(ApplicationFilterChain.java:107) ~[tomcat-embed-core-11.0.15.jar:11.0.15]
	at org.springframework.web.filter.RequestContextFilter.doFilterInternal(RequestContextFilter.java:100) ~[spring-web-7.0.3.jar:7.0.3]
	at org.springframework.web.filter.OncePerRequestFilter.doFilter(OncePerRequestFilter.java:116) ~[spring-web-7.0.3.jar:7.0.3]
	at org.apache.catalina.core.ApplicationFilterChain.doFilter(ApplicationFilterChain.java:107) ~[tomcat-embed-core-11.0.15.jar:11.0.15]
	at org.springframework.web.filter.FormContentFilter.doFilterInternal(FormContentFilter.java:93) ~[spring-web-7.0.3.jar:7.0.3]
	at org.springframework.web.filter.OncePerRequestFilter.doFilter(OncePerRequestFilter.java:116) ~[spring-web-7.0.3.jar:7.0.3]
	at org.apache.catalina.core.ApplicationFilterChain.doFilter(ApplicationFilterChain.java:107) ~[tomcat-embed-core-11.0.15.jar:11.0.15]
	at org.springframework.web.filter.CharacterEncodingFilter.doFilterInternal(CharacterEncodingFilter.java:199) ~[spring-web-7.0.3.jar:7.0.3]
	at org.springframework.web.filter.OncePerRequestFilter.doFilter(OncePerRequestFilter.java:116) ~[spring-web-7.0.3.jar:7.0.3]
	at org.apache.catalina.core.ApplicationFilterChain.doFilter(ApplicationFilterChain.java:107) ~[tomcat-embed-core-11.0.15.jar:11.0.15]
	at org.apache.catalina.core.StandardWrapperValve.invoke(StandardWrapperValve.java:165) ~[tomcat-embed-core-11.0.15.jar:11.0.15]
	at org.apache.catalina.core.StandardContextValve.invoke(StandardContextValve.java:77) ~[tomcat-embed-core-11.0.15.jar:11.0.15]
	at org.apache.catalina.authenticator.AuthenticatorBase.invoke(AuthenticatorBase.java:482) ~[tomcat-embed-core-11.0.15.jar:11.0.15]
	at org.apache.catalina.core.StandardHostValve.invoke(StandardHostValve.java:113) ~[tomcat-embed-core-11.0.15.jar:11.0.15]
	at org.apache.catalina.valves.ErrorReportValve.invoke(ErrorReportValve.java:83) ~[tomcat-embed-core-11.0.15.jar:11.0.15]
	at org.apache.catalina.core.StandardEngineValve.invoke(StandardEngineValve.java:72) ~[tomcat-embed-core-11.0.15.jar:11.0.15]
	at org.apache.catalina.connector.CoyoteAdapter.service(CoyoteAdapter.java:341) ~[tomcat-embed-core-11.0.15.jar:11.0.15]
	at org.apache.coyote.http11.Http11Processor.service(Http11Processor.java:397) ~[tomcat-embed-core-11.0.15.jar:11.0.15]
	at org.apache.coyote.AbstractProcessorLight.process(AbstractProcessorLight.java:63) ~[tomcat-embed-core-11.0.15.jar:11.0.15]
	at org.apache.coyote.AbstractProtocol$ConnectionHandler.process(AbstractProtocol.java:903) ~[tomcat-embed-core-11.0.15.jar:11.0.15]
	at org.apache.tomcat.util.net.NioEndpoint$SocketProcessor.doRun(NioEndpoint.java:1778) ~[tomcat-embed-core-11.0.15.jar:11.0.15]
	at org.apache.tomcat.util.net.SocketProcessorBase.run(SocketProcessorBase.java:52) ~[tomcat-embed-core-11.0.15.jar:11.0.15]
	at org.apache.tomcat.util.threads.ThreadPoolExecutor.runWorker(ThreadPoolExecutor.java:946) ~[tomcat-embed-core-11.0.15.jar:11.0.15]
	at org.apache.tomcat.util.threads.ThreadPoolExecutor$Worker.run(ThreadPoolExecutor.java:480) ~[tomcat-embed-core-11.0.15.jar:11.0.15]
	at org.apache.tomcat.util.threads.TaskThread$WrappingRunnable.run(TaskThread.java:57) ~[tomcat-embed-core-11.0.15.jar:11.0.15]
	at java.base/java.lang.Thread.run(Thread.java:1474) ~[na:na]
Caused by: java.lang.RuntimeException: File not found on server
	at com.wealth.client.controller.ClientController.getKycDocument(ClientController.java:131) ~[classes/:na]
	... 43 common frames omitted

2026-03-05T22:54:35.379+05:30  INFO 36324 --- [client-service] [http-nio-8081-exec-7] c.w.client.controller.ClientController   : API Request: GET /api/clients/2/kyc-document from Advisor ID: 1
2026-03-05T22:54:35.395+05:30 DEBUG 36324 --- [client-service] [http-nio-8081-exec-7] org.hibernate.SQL                        : select c1_0.client_id,c1_0.address,c1_0.advisor_id,c1_0.created_date,c1_0.date_of_birth,c1_0.email_address,c1_0.employer,c1_0.full_name,c1_0.investment_amount,c1_0.investment_goal,c1_0.investment_horizon,c1_0.kyc_document_ref,c1_0.kyc_status,c1_0.liquidity_needs,c1_0.occupation,c1_0.phone_number,c1_0.risk_profile from client c1_0 where c1_0.client_id=? and c1_0.advisor_id=?
2026-03-05T22:54:35.400+05:30 ERROR 36324 --- [client-service] [http-nio-8081-exec-7] c.w.c.exception.GlobalExceptionHandler   : Runtime Exception occurred: 

java.lang.RuntimeException: Error reading file
	at com.wealth.client.controller.ClientController.getKycDocument(ClientController.java:134) ~[classes/:na]
	at java.base/jdk.internal.reflect.DirectMethodHandleAccessor.invoke(DirectMethodHandleAccessor.java:104) ~[na:na]
	at java.base/java.lang.reflect.Method.invoke(Method.java:565) ~[na:na]
	at org.springframework.web.method.support.InvocableHandlerMethod.doInvoke(InvocableHandlerMethod.java:258) ~[spring-web-7.0.3.jar:7.0.3]
	at org.springframework.web.method.support.InvocableHandlerMethod.invokeForRequest(InvocableHandlerMethod.java:190) ~[spring-web-7.0.3.jar:7.0.3]
	at org.springframework.web.servlet.mvc.method.annotation.ServletInvocableHandlerMethod.invokeAndHandle(ServletInvocableHandlerMethod.java:117) ~[spring-webmvc-7.0.3.jar:7.0.3]
	at org.springframework.web.servlet.mvc.method.annotation.RequestMappingHandlerAdapter.invokeHandlerMethod(RequestMappingHandlerAdapter.java:934) ~[spring-webmvc-7.0.3.jar:7.0.3]
	at org.springframework.web.servlet.mvc.method.annotation.RequestMappingHandlerAdapter.handleInternal(RequestMappingHandlerAdapter.java:853) ~[spring-webmvc-7.0.3.jar:7.0.3]
	at org.springframework.web.servlet.mvc.method.AbstractHandlerMethodAdapter.handle(AbstractHandlerMethodAdapter.java:86) ~[spring-webmvc-7.0.3.jar:7.0.3]
	at org.springframework.web.servlet.DispatcherServlet.doDispatch(DispatcherServlet.java:963) ~[spring-webmvc-7.0.3.jar:7.0.3]
	at org.springframework.web.servlet.DispatcherServlet.doService(DispatcherServlet.java:866) ~[spring-webmvc-7.0.3.jar:7.0.3]
	at org.springframework.web.servlet.FrameworkServlet.processRequest(FrameworkServlet.java:1003) ~[spring-webmvc-7.0.3.jar:7.0.3]
	at org.springframework.web.servlet.FrameworkServlet.doGet(FrameworkServlet.java:892) ~[spring-webmvc-7.0.3.jar:7.0.3]
	at jakarta.servlet.http.HttpServlet.service(HttpServlet.java:622) ~[tomcat-embed-core-11.0.15.jar:6.1]
	at org.springframework.web.servlet.FrameworkServlet.service(FrameworkServlet.java:874) ~[spring-webmvc-7.0.3.jar:7.0.3]
	at jakarta.servlet.http.HttpServlet.service(HttpServlet.java:710) ~[tomcat-embed-core-11.0.15.jar:6.1]
	at org.apache.catalina.core.ApplicationFilterChain.doFilter(ApplicationFilterChain.java:128) ~[tomcat-embed-core-11.0.15.jar:11.0.15]
	at org.apache.tomcat.websocket.server.WsFilter.doFilter(WsFilter.java:53) ~[tomcat-embed-websocket-11.0.15.jar:11.0.15]
	at org.apache.catalina.core.ApplicationFilterChain.doFilter(ApplicationFilterChain.java:107) ~[tomcat-embed-core-11.0.15.jar:11.0.15]
	at org.springframework.web.filter.RequestContextFilter.doFilterInternal(RequestContextFilter.java:100) ~[spring-web-7.0.3.jar:7.0.3]
	at org.springframework.web.filter.OncePerRequestFilter.doFilter(OncePerRequestFilter.java:116) ~[spring-web-7.0.3.jar:7.0.3]
	at org.apache.catalina.core.ApplicationFilterChain.doFilter(ApplicationFilterChain.java:107) ~[tomcat-embed-core-11.0.15.jar:11.0.15]
	at org.springframework.web.filter.FormContentFilter.doFilterInternal(FormContentFilter.java:93) ~[spring-web-7.0.3.jar:7.0.3]
	at org.springframework.web.filter.OncePerRequestFilter.doFilter(OncePerRequestFilter.java:116) ~[spring-web-7.0.3.jar:7.0.3]
	at org.apache.catalina.core.ApplicationFilterChain.doFilter(ApplicationFilterChain.java:107) ~[tomcat-embed-core-11.0.15.jar:11.0.15]
	at org.springframework.web.filter.CharacterEncodingFilter.doFilterInternal(CharacterEncodingFilter.java:199) ~[spring-web-7.0.3.jar:7.0.3]
	at org.springframework.web.filter.OncePerRequestFilter.doFilter(OncePerRequestFilter.java:116) ~[spring-web-7.0.3.jar:7.0.3]
	at org.apache.catalina.core.ApplicationFilterChain.doFilter(ApplicationFilterChain.java:107) ~[tomcat-embed-core-11.0.15.jar:11.0.15]
	at org.apache.catalina.core.StandardWrapperValve.invoke(StandardWrapperValve.java:165) ~[tomcat-embed-core-11.0.15.jar:11.0.15]
	at org.apache.catalina.core.StandardContextValve.invoke(StandardContextValve.java:77) ~[tomcat-embed-core-11.0.15.jar:11.0.15]
	at org.apache.catalina.authenticator.AuthenticatorBase.invoke(AuthenticatorBase.java:482) ~[tomcat-embed-core-11.0.15.jar:11.0.15]
	at org.apache.catalina.core.StandardHostValve.invoke(StandardHostValve.java:113) ~[tomcat-embed-core-11.0.15.jar:11.0.15]
	at org.apache.catalina.valves.ErrorReportValve.invoke(ErrorReportValve.java:83) ~[tomcat-embed-core-11.0.15.jar:11.0.15]
	at org.apache.catalina.core.StandardEngineValve.invoke(StandardEngineValve.java:72) ~[tomcat-embed-core-11.0.15.jar:11.0.15]
	at org.apache.catalina.connector.CoyoteAdapter.service(CoyoteAdapter.java:341) ~[tomcat-embed-core-11.0.15.jar:11.0.15]
	at org.apache.coyote.http11.Http11Processor.service(Http11Processor.java:397) ~[tomcat-embed-core-11.0.15.jar:11.0.15]
	at org.apache.coyote.AbstractProcessorLight.process(AbstractProcessorLight.java:63) ~[tomcat-embed-core-11.0.15.jar:11.0.15]
	at org.apache.coyote.AbstractProtocol$ConnectionHandler.process(AbstractProtocol.java:903) ~[tomcat-embed-core-11.0.15.jar:11.0.15]
	at org.apache.tomcat.util.net.NioEndpoint$SocketProcessor.doRun(NioEndpoint.java:1778) ~[tomcat-embed-core-11.0.15.jar:11.0.15]
	at org.apache.tomcat.util.net.SocketProcessorBase.run(SocketProcessorBase.java:52) ~[tomcat-embed-core-11.0.15.jar:11.0.15]
	at org.apache.tomcat.util.threads.ThreadPoolExecutor.runWorker(ThreadPoolExecutor.java:946) ~[tomcat-embed-core-11.0.15.jar:11.0.15]
	at org.apache.tomcat.util.threads.ThreadPoolExecutor$Worker.run(ThreadPoolExecutor.java:480) ~[tomcat-embed-core-11.0.15.jar:11.0.15]
	at org.apache.tomcat.util.threads.TaskThread$WrappingRunnable.run(TaskThread.java:57) ~[tomcat-embed-core-11.0.15.jar:11.0.15]
	at java.base/java.lang.Thread.run(Thread.java:1474) ~[na:na]
Caused by: java.lang.RuntimeException: File not found on server
	at com.wealth.client.controller.ClientController.getKycDocument(ClientController.java:131) ~[classes/:na]
	... 43 common frames omitted

2026-03-05T22:54:36.545+05:30  INFO 36324 --- [client-service] [http-nio-8081-exec-8] c.w.client.controller.ClientController   : API Request: GET /api/clients/2/kyc-document from Advisor ID: 1
2026-03-05T22:54:36.547+05:30 DEBUG 36324 --- [client-service] [http-nio-8081-exec-8] org.hibernate.SQL                        : select c1_0.client_id,c1_0.address,c1_0.advisor_id,c1_0.created_date,c1_0.date_of_birth,c1_0.email_address,c1_0.employer,c1_0.full_name,c1_0.investment_amount,c1_0.investment_goal,c1_0.investment_horizon,c1_0.kyc_document_ref,c1_0.kyc_status,c1_0.liquidity_needs,c1_0.occupation,c1_0.phone_number,c1_0.risk_profile from client c1_0 where c1_0.client_id=? and c1_0.advisor_id=?
2026-03-05T22:54:36.552+05:30 ERROR 36324 --- [client-service] [http-nio-8081-exec-8] c.w.c.exception.GlobalExceptionHandler   : Runtime Exception occurred: 

java.lang.RuntimeException: Error reading file
	at com.wealth.client.controller.ClientController.getKycDocument(ClientController.java:134) ~[classes/:na]
	at java.base/jdk.internal.reflect.DirectMethodHandleAccessor.invoke(DirectMethodHandleAccessor.java:104) ~[na:na]
	at java.base/java.lang.reflect.Method.invoke(Method.java:565) ~[na:na]
	at org.springframework.web.method.support.InvocableHandlerMethod.doInvoke(InvocableHandlerMethod.java:258) ~[spring-web-7.0.3.jar:7.0.3]
	at org.springframework.web.method.support.InvocableHandlerMethod.invokeForRequest(InvocableHandlerMethod.java:190) ~[spring-web-7.0.3.jar:7.0.3]
	at org.springframework.web.servlet.mvc.method.annotation.ServletInvocableHandlerMethod.invokeAndHandle(ServletInvocableHandlerMethod.java:117) ~[spring-webmvc-7.0.3.jar:7.0.3]
	at org.springframework.web.servlet.mvc.method.annotation.RequestMappingHandlerAdapter.invokeHandlerMethod(RequestMappingHandlerAdapter.java:934) ~[spring-webmvc-7.0.3.jar:7.0.3]
	at org.springframework.web.servlet.mvc.method.annotation.RequestMappingHandlerAdapter.handleInternal(RequestMappingHandlerAdapter.java:853) ~[spring-webmvc-7.0.3.jar:7.0.3]
	at org.springframework.web.servlet.mvc.method.AbstractHandlerMethodAdapter.handle(AbstractHandlerMethodAdapter.java:86) ~[spring-webmvc-7.0.3.jar:7.0.3]
	at org.springframework.web.servlet.DispatcherServlet.doDispatch(DispatcherServlet.java:963) ~[spring-webmvc-7.0.3.jar:7.0.3]
	at org.springframework.web.servlet.DispatcherServlet.doService(DispatcherServlet.java:866) ~[spring-webmvc-7.0.3.jar:7.0.3]
	at org.springframework.web.servlet.FrameworkServlet.processRequest(FrameworkServlet.java:1003) ~[spring-webmvc-7.0.3.jar:7.0.3]
	at org.springframework.web.servlet.FrameworkServlet.doGet(FrameworkServlet.java:892) ~[spring-webmvc-7.0.3.jar:7.0.3]
	at jakarta.servlet.http.HttpServlet.service(HttpServlet.java:622) ~[tomcat-embed-core-11.0.15.jar:6.1]
	at org.springframework.web.servlet.FrameworkServlet.service(FrameworkServlet.java:874) ~[spring-webmvc-7.0.3.jar:7.0.3]
	at jakarta.servlet.http.HttpServlet.service(HttpServlet.java:710) ~[tomcat-embed-core-11.0.15.jar:6.1]
	at org.apache.catalina.core.ApplicationFilterChain.doFilter(ApplicationFilterChain.java:128) ~[tomcat-embed-core-11.0.15.jar:11.0.15]
	at org.apache.tomcat.websocket.server.WsFilter.doFilter(WsFilter.java:53) ~[tomcat-embed-websocket-11.0.15.jar:11.0.15]
	at org.apache.catalina.core.ApplicationFilterChain.doFilter(ApplicationFilterChain.java:107) ~[tomcat-embed-core-11.0.15.jar:11.0.15]
	at org.springframework.web.filter.RequestContextFilter.doFilterInternal(RequestContextFilter.java:100) ~[spring-web-7.0.3.jar:7.0.3]
	at org.springframework.web.filter.OncePerRequestFilter.doFilter(OncePerRequestFilter.java:116) ~[spring-web-7.0.3.jar:7.0.3]
	at org.apache.catalina.core.ApplicationFilterChain.doFilter(ApplicationFilterChain.java:107) ~[tomcat-embed-core-11.0.15.jar:11.0.15]
	at org.springframework.web.filter.FormContentFilter.doFilterInternal(FormContentFilter.java:93) ~[spring-web-7.0.3.jar:7.0.3]
	at org.springframework.web.filter.OncePerRequestFilter.doFilter(OncePerRequestFilter.java:116) ~[spring-web-7.0.3.jar:7.0.3]
	at org.apache.catalina.core.ApplicationFilterChain.doFilter(ApplicationFilterChain.java:107) ~[tomcat-embed-core-11.0.15.jar:11.0.15]
	at org.springframework.web.filter.CharacterEncodingFilter.doFilterInternal(CharacterEncodingFilter.java:199) ~[spring-web-7.0.3.jar:7.0.3]
	at org.springframework.web.filter.OncePerRequestFilter.doFilter(OncePerRequestFilter.java:116) ~[spring-web-7.0.3.jar:7.0.3]
	at org.apache.catalina.core.ApplicationFilterChain.doFilter(ApplicationFilterChain.java:107) ~[tomcat-embed-core-11.0.15.jar:11.0.15]
	at org.apache.catalina.core.StandardWrapperValve.invoke(StandardWrapperValve.java:165) ~[tomcat-embed-core-11.0.15.jar:11.0.15]
	at org.apache.catalina.core.StandardContextValve.invoke(StandardContextValve.java:77) ~[tomcat-embed-core-11.0.15.jar:11.0.15]
	at org.apache.catalina.authenticator.AuthenticatorBase.invoke(AuthenticatorBase.java:482) ~[tomcat-embed-core-11.0.15.jar:11.0.15]
	at org.apache.catalina.core.StandardHostValve.invoke(StandardHostValve.java:113) ~[tomcat-embed-core-11.0.15.jar:11.0.15]
	at org.apache.catalina.valves.ErrorReportValve.invoke(ErrorReportValve.java:83) ~[tomcat-embed-core-11.0.15.jar:11.0.15]
	at org.apache.catalina.core.StandardEngineValve.invoke(StandardEngineValve.java:72) ~[tomcat-embed-core-11.0.15.jar:11.0.15]
	at org.apache.catalina.connector.CoyoteAdapter.service(CoyoteAdapter.java:341) ~[tomcat-embed-core-11.0.15.jar:11.0.15]
	at org.apache.coyote.http11.Http11Processor.service(Http11Processor.java:397) ~[tomcat-embed-core-11.0.15.jar:11.0.15]
	at org.apache.coyote.AbstractProcessorLight.process(AbstractProcessorLight.java:63) ~[tomcat-embed-core-11.0.15.jar:11.0.15]
	at org.apache.coyote.AbstractProtocol$ConnectionHandler.process(AbstractProtocol.java:903) ~[tomcat-embed-core-11.0.15.jar:11.0.15]
	at org.apache.tomcat.util.net.NioEndpoint$SocketProcessor.doRun(NioEndpoint.java:1778) ~[tomcat-embed-core-11.0.15.jar:11.0.15]
	at org.apache.tomcat.util.net.SocketProcessorBase.run(SocketProcessorBase.java:52) ~[tomcat-embed-core-11.0.15.jar:11.0.15]
	at org.apache.tomcat.util.threads.ThreadPoolExecutor.runWorker(ThreadPoolExecutor.java:946) ~[tomcat-embed-core-11.0.15.jar:11.0.15]
	at org.apache.tomcat.util.threads.ThreadPoolExecutor$Worker.run(ThreadPoolExecutor.java:480) ~[tomcat-embed-core-11.0.15.jar:11.0.15]
	at org.apache.tomcat.util.threads.TaskThread$WrappingRunnable.run(TaskThread.java:57) ~[tomcat-embed-core-11.0.15.jar:11.0.15]
	at java.base/java.lang.Thread.run(Thread.java:1474) ~[na:na]
Caused by: java.lang.RuntimeException: File not found on server
	at com.wealth.client.controller.ClientController.getKycDocument(ClientController.java:131) ~[classes/:na]
	... 43 common frames omitted

2026-03-05T22:54:38.236+05:30  INFO 36324 --- [client-service] [http-nio-8081-exec-9] c.w.client.controller.ClientController   : API Request: GET /api/clients/2/kyc-document from Advisor ID: 1
2026-03-05T22:54:38.250+05:30 DEBUG 36324 --- [client-service] [http-nio-8081-exec-9] org.hibernate.SQL                        : select c1_0.client_id,c1_0.address,c1_0.advisor_id,c1_0.created_date,c1_0.date_of_birth,c1_0.email_address,c1_0.employer,c1_0.full_name,c1_0.investment_amount,c1_0.investment_goal,c1_0.investment_horizon,c1_0.kyc_document_ref,c1_0.kyc_status,c1_0.liquidity_needs,c1_0.occupation,c1_0.phone_number,c1_0.risk_profile from client c1_0 where c1_0.client_id=? and c1_0.advisor_id=?
2026-03-05T22:54:38.254+05:30 ERROR 36324 --- [client-service] [http-nio-8081-exec-9] c.w.c.exception.GlobalExceptionHandler   : Runtime Exception occurred: 

java.lang.RuntimeException: Error reading file
	at com.wealth.client.controller.ClientController.getKycDocument(ClientController.java:134) ~[classes/:na]
	at java.base/jdk.internal.reflect.DirectMethodHandleAccessor.invoke(DirectMethodHandleAccessor.java:104) ~[na:na]
	at java.base/java.lang.reflect.Method.invoke(Method.java:565) ~[na:na]
	at org.springframework.web.method.support.InvocableHandlerMethod.doInvoke(InvocableHandlerMethod.java:258) ~[spring-web-7.0.3.jar:7.0.3]
	at org.springframework.web.method.support.InvocableHandlerMethod.invokeForRequest(InvocableHandlerMethod.java:190) ~[spring-web-7.0.3.jar:7.0.3]
	at org.springframework.web.servlet.mvc.method.annotation.ServletInvocableHandlerMethod.invokeAndHandle(ServletInvocableHandlerMethod.java:117) ~[spring-webmvc-7.0.3.jar:7.0.3]
	at org.springframework.web.servlet.mvc.method.annotation.RequestMappingHandlerAdapter.invokeHandlerMethod(RequestMappingHandlerAdapter.java:934) ~[spring-webmvc-7.0.3.jar:7.0.3]
	at org.springframework.web.servlet.mvc.method.annotation.RequestMappingHandlerAdapter.handleInternal(RequestMappingHandlerAdapter.java:853) ~[spring-webmvc-7.0.3.jar:7.0.3]
	at org.springframework.web.servlet.mvc.method.AbstractHandlerMethodAdapter.handle(AbstractHandlerMethodAdapter.java:86) ~[spring-webmvc-7.0.3.jar:7.0.3]
	at org.springframework.web.servlet.DispatcherServlet.doDispatch(DispatcherServlet.java:963) ~[spring-webmvc-7.0.3.jar:7.0.3]
	at org.springframework.web.servlet.DispatcherServlet.doService(DispatcherServlet.java:866) ~[spring-webmvc-7.0.3.jar:7.0.3]
	at org.springframework.web.servlet.FrameworkServlet.processRequest(FrameworkServlet.java:1003) ~[spring-webmvc-7.0.3.jar:7.0.3]
	at org.springframework.web.servlet.FrameworkServlet.doGet(FrameworkServlet.java:892) ~[spring-webmvc-7.0.3.jar:7.0.3]
	at jakarta.servlet.http.HttpServlet.service(HttpServlet.java:622) ~[tomcat-embed-core-11.0.15.jar:6.1]
	at org.springframework.web.servlet.FrameworkServlet.service(FrameworkServlet.java:874) ~[spring-webmvc-7.0.3.jar:7.0.3]
	at jakarta.servlet.http.HttpServlet.service(HttpServlet.java:710) ~[tomcat-embed-core-11.0.15.jar:6.1]
	at org.apache.catalina.core.ApplicationFilterChain.doFilter(ApplicationFilterChain.java:128) ~[tomcat-embed-core-11.0.15.jar:11.0.15]
	at org.apache.tomcat.websocket.server.WsFilter.doFilter(WsFilter.java:53) ~[tomcat-embed-websocket-11.0.15.jar:11.0.15]
	at org.apache.catalina.core.ApplicationFilterChain.doFilter(ApplicationFilterChain.java:107) ~[tomcat-embed-core-11.0.15.jar:11.0.15]
	at org.springframework.web.filter.RequestContextFilter.doFilterInternal(RequestContextFilter.java:100) ~[spring-web-7.0.3.jar:7.0.3]
	at org.springframework.web.filter.OncePerRequestFilter.doFilter(OncePerRequestFilter.java:116) ~[spring-web-7.0.3.jar:7.0.3]
	at org.apache.catalina.core.ApplicationFilterChain.doFilter(ApplicationFilterChain.java:107) ~[tomcat-embed-core-11.0.15.jar:11.0.15]
	at org.springframework.web.filter.FormContentFilter.doFilterInternal(FormContentFilter.java:93) ~[spring-web-7.0.3.jar:7.0.3]
	at org.springframework.web.filter.OncePerRequestFilter.doFilter(OncePerRequestFilter.java:116) ~[spring-web-7.0.3.jar:7.0.3]
	at org.apache.catalina.core.ApplicationFilterChain.doFilter(ApplicationFilterChain.java:107) ~[tomcat-embed-core-11.0.15.jar:11.0.15]
	at org.springframework.web.filter.CharacterEncodingFilter.doFilterInternal(CharacterEncodingFilter.java:199) ~[spring-web-7.0.3.jar:7.0.3]
	at org.springframework.web.filter.OncePerRequestFilter.doFilter(OncePerRequestFilter.java:116) ~[spring-web-7.0.3.jar:7.0.3]
	at org.apache.catalina.core.ApplicationFilterChain.doFilter(ApplicationFilterChain.java:107) ~[tomcat-embed-core-11.0.15.jar:11.0.15]
	at org.apache.catalina.core.StandardWrapperValve.invoke(StandardWrapperValve.java:165) ~[tomcat-embed-core-11.0.15.jar:11.0.15]
	at org.apache.catalina.core.StandardContextValve.invoke(StandardContextValve.java:77) ~[tomcat-embed-core-11.0.15.jar:11.0.15]
	at org.apache.catalina.authenticator.AuthenticatorBase.invoke(AuthenticatorBase.java:482) ~[tomcat-embed-core-11.0.15.jar:11.0.15]
	at org.apache.catalina.core.StandardHostValve.invoke(StandardHostValve.java:113) ~[tomcat-embed-core-11.0.15.jar:11.0.15]
	at org.apache.catalina.valves.ErrorReportValve.invoke(ErrorReportValve.java:83) ~[tomcat-embed-core-11.0.15.jar:11.0.15]
	at org.apache.catalina.core.StandardEngineValve.invoke(StandardEngineValve.java:72) ~[tomcat-embed-core-11.0.15.jar:11.0.15]
	at org.apache.catalina.connector.CoyoteAdapter.service(CoyoteAdapter.java:341) ~[tomcat-embed-core-11.0.15.jar:11.0.15]
	at org.apache.coyote.http11.Http11Processor.service(Http11Processor.java:397) ~[tomcat-embed-core-11.0.15.jar:11.0.15]
	at org.apache.coyote.AbstractProcessorLight.process(AbstractProcessorLight.java:63) ~[tomcat-embed-core-11.0.15.jar:11.0.15]
	at org.apache.coyote.AbstractProtocol$ConnectionHandler.process(AbstractProtocol.java:903) ~[tomcat-embed-core-11.0.15.jar:11.0.15]
	at org.apache.tomcat.util.net.NioEndpoint$SocketProcessor.doRun(NioEndpoint.java:1778) ~[tomcat-embed-core-11.0.15.jar:11.0.15]
	at org.apache.tomcat.util.net.SocketProcessorBase.run(SocketProcessorBase.java:52) ~[tomcat-embed-core-11.0.15.jar:11.0.15]
	at org.apache.tomcat.util.threads.ThreadPoolExecutor.runWorker(ThreadPoolExecutor.java:946) ~[tomcat-embed-core-11.0.15.jar:11.0.15]
	at org.apache.tomcat.util.threads.ThreadPoolExecutor$Worker.run(ThreadPoolExecutor.java:480) ~[tomcat-embed-core-11.0.15.jar:11.0.15]
	at org.apache.tomcat.util.threads.TaskThread$WrappingRunnable.run(TaskThread.java:57) ~[tomcat-embed-core-11.0.15.jar:11.0.15]
	at java.base/java.lang.Thread.run(Thread.java:1474) ~[na:na]
Caused by: java.lang.RuntimeException: File not found on server
	at com.wealth.client.controller.ClientController.getKycDocument(ClientController.java:131) ~[classes/:na]
	... 43 common frames omitted

2026-03-05T22:55:20.728+05:30  INFO 36324 --- [client-service] [http-nio-8081-exec-10] c.w.client.controller.ClientController   : API Request: GET /api/clients from Advisor ID: 1
2026-03-05T22:55:20.737+05:30 DEBUG 36324 --- [client-service] [http-nio-8081-exec-10] org.hibernate.SQL                        : select c1_0.client_id,c1_0.address,c1_0.advisor_id,c1_0.created_date,c1_0.date_of_birth,c1_0.email_address,c1_0.employer,c1_0.full_name,c1_0.investment_amount,c1_0.investment_goal,c1_0.investment_horizon,c1_0.kyc_document_ref,c1_0.kyc_status,c1_0.liquidity_needs,c1_0.occupation,c1_0.phone_number,c1_0.risk_profile from client c1_0 where c1_0.advisor_id=?
2026-03-05T22:55:40.451+05:30  INFO 36324 --- [client-service] [SpringApplicationShutdownHook] o.s.c.n.e.s.EurekaServiceRegistry        : Unregistering application CLIENT-SERVICE with eureka with status DOWN
2026-03-05T22:55:40.451+05:30  INFO 36324 --- [client-service] [SpringApplicationShutdownHook] com.netflix.discovery.DiscoveryClient    : Saw local status change event StatusChangeEvent [timestamp=1772731540451, current=DOWN, previous=UP]
2026-03-05T22:55:40.451+05:30  INFO 36324 --- [client-service] [DiscoveryClient-InstanceInfoReplicator-%d] com.netflix.discovery.DiscoveryClient    : DiscoveryClient_CLIENT-SERVICE/LTIN656690.cts.com:client-service:8081: registering service...
2026-03-05T22:55:40.454+05:30  INFO 36324 --- [client-service] [SpringApplicationShutdownHook] o.s.boot.tomcat.GracefulShutdown         : Commencing graceful shutdown. Waiting for active requests to complete
2026-03-05T22:55:40.457+05:30  INFO 36324 --- [client-service] [DiscoveryClient-InstanceInfoReplicator-%d] com.netflix.discovery.DiscoveryClient    : DiscoveryClient_CLIENT-SERVICE/LTIN656690.cts.com:client-service:8081 - registration status: 204
2026-03-05T22:55:40.462+05:30  INFO 36324 --- [client-service] [tomcat-shutdown] o.s.boot.tomcat.GracefulShutdown         : Graceful shutdown complete
2026-03-05T22:55:40.467+05:30  INFO 36324 --- [client-service] [SpringApplicationShutdownHook] j.LocalContainerEntityManagerFactoryBean : Closing JPA EntityManagerFactory for persistence unit 'default'
2026-03-05T22:55:40.470+05:30  INFO 36324 --- [client-service] [SpringApplicationShutdownHook] com.zaxxer.hikari.HikariDataSource       : HikariPool-1 - Shutdown initiated...
2026-03-05T22:55:40.478+05:30  INFO 36324 --- [client-service] [SpringApplicationShutdownHook] com.zaxxer.hikari.HikariDataSource       : HikariPool-1 - Shutdown completed.
2026-03-05T22:55:40.479+05:30  INFO 36324 --- [client-service] [SpringApplicationShutdownHook] com.netflix.discovery.DiscoveryClient    : Shutting down DiscoveryClient ...
2026-03-05T22:55:43.482+05:30  INFO 36324 --- [client-service] [SpringApplicationShutdownHook] com.netflix.discovery.DiscoveryClient    : Unregistering ...
2026-03-05T22:55:43.487+05:30  INFO 36324 --- [client-service] [SpringApplicationShutdownHook] com.netflix.discovery.DiscoveryClient    : DiscoveryClient_CLIENT-SERVICE/LTIN656690.cts.com:client-service:8081 - deregister  status: 200
2026-03-05T22:55:43.487+05:30  INFO 36324 --- [client-service] [SpringApplicationShutdownHook] com.netflix.discovery.DiscoveryClient    : Completed shut down of DiscoveryClient
2026-03-06T10:22:45.117+05:30  INFO 8612 --- [client-service] [main] c.w.client.ClientServiceApplication      : Starting ClientServiceApplication using Java 25 with PID 8612 (C:\Users\2463673\Downloads\Wealth\Wealth-Wise-Management-Portfoilio-Advisory-System\Backend\client-service\client-service\target\classes started by 2463673 in C:\Users\2463673\Downloads\Wealth\Wealth-Wise-Management-Portfoilio-Advisory-System\Backend)
2026-03-06T10:22:45.126+05:30  INFO 8612 --- [client-service] [main] c.w.client.ClientServiceApplication      : No active profile set, falling back to 1 default profile: "default"
2026-03-06T10:22:48.607+05:30  INFO 8612 --- [client-service] [main] .s.d.r.c.RepositoryConfigurationDelegate : Bootstrapping Spring Data JPA repositories in DEFAULT mode.
2026-03-06T10:22:49.117+05:30  INFO 8612 --- [client-service] [main] .s.d.r.c.RepositoryConfigurationDelegate : Finished Spring Data repository scanning in 484 ms. Found 1 JPA repository interface.
2026-03-06T10:22:49.768+05:30  INFO 8612 --- [client-service] [main] o.s.cloud.context.scope.GenericScope     : BeanFactory id=ec5c0d43-0339-3e3a-a9ea-0dfc89d70fb0
2026-03-06T10:22:51.031+05:30  INFO 8612 --- [client-service] [main] o.s.boot.tomcat.TomcatWebServer          : Tomcat initialized with port 8081 (http)
2026-03-06T10:22:51.082+05:30  INFO 8612 --- [client-service] [main] o.apache.catalina.core.StandardService   : Starting service [Tomcat]
2026-03-06T10:22:51.091+05:30  INFO 8612 --- [client-service] [main] o.apache.catalina.core.StandardEngine    : Starting Servlet engine: [Apache Tomcat/11.0.15]
2026-03-06T10:22:51.363+05:30  INFO 8612 --- [client-service] [main] b.w.c.s.WebApplicationContextInitializer : Root WebApplicationContext: initialization completed in 6081 ms
2026-03-06T10:22:51.959+05:30  INFO 8612 --- [client-service] [main] org.hibernate.orm.jpa                    : HHH008540: Processing PersistenceUnitInfo [name: default]
2026-03-06T10:22:52.200+05:30  INFO 8612 --- [client-service] [main] org.hibernate.orm.core                   : HHH000001: Hibernate ORM core version 7.2.1.Final
2026-03-06T10:22:54.192+05:30  INFO 8612 --- [client-service] [main] o.s.o.j.p.SpringPersistenceUnitInfo      : No LoadTimeWeaver setup: ignoring JPA class transformer
2026-03-06T10:22:54.296+05:30  INFO 8612 --- [client-service] [main] com.zaxxer.hikari.HikariDataSource       : HikariPool-1 - Starting...
2026-03-06T10:22:55.494+05:30  INFO 8612 --- [client-service] [main] com.zaxxer.hikari.pool.HikariPool        : HikariPool-1 - Added connection com.mysql.cj.jdbc.ConnectionImpl@33827b88
2026-03-06T10:22:55.501+05:30  INFO 8612 --- [client-service] [main] com.zaxxer.hikari.HikariDataSource       : HikariPool-1 - Start completed.
2026-03-06T10:22:55.776+05:30  INFO 8612 --- [client-service] [main] org.hibernate.orm.connections.pooling    : HHH10001005: Database info:
	Database JDBC URL [jdbc:mysql://localhost:3306/finance_db]
	Database driver: MySQL Connector/J
	Database dialect: MySQLDialect
	Database version: 8.0.44
	Default catalog/schema: finance_db/undefined
	Autocommit mode: undefined/unknown
	Isolation level: REPEATABLE_READ [default REPEATABLE_READ]
	JDBC fetch size: none
	Pool: DataSourceConnectionProvider
	Minimum pool size: undefined/unknown
	Maximum pool size: undefined/unknown
2026-03-06T10:22:59.242+05:30  INFO 8612 --- [client-service] [main] org.hibernate.orm.core                   : HHH000489: No JTA platform available (set 'hibernate.transaction.jta.platform' to enable JTA platform integration)
2026-03-06T10:22:59.500+05:30  INFO 8612 --- [client-service] [main] j.LocalContainerEntityManagerFactoryBean : Initialized JPA EntityManagerFactory for persistence unit 'default'
2026-03-06T10:22:59.823+05:30  INFO 8612 --- [client-service] [main] o.s.d.j.r.query.QueryEnhancerFactories   : Hibernate is in classpath; If applicable, HQL parser will be used.
2026-03-06T10:23:00.552+05:30  WARN 8612 --- [client-service] [main] JpaBaseConfiguration$JpaWebConfiguration : spring.jpa.open-in-view is enabled by default. Therefore, database queries may be performed during view rendering. Explicitly configure spring.jpa.open-in-view to disable this warning
2026-03-06T10:23:02.685+05:30  INFO 8612 --- [client-service] [main] DiscoveryClientOptionalArgsConfiguration : Eureka HTTP Client uses RestClient.
2026-03-06T10:23:02.955+05:30  WARN 8612 --- [client-service] [main] iguration$LoadBalancerCaffeineWarnLogger : Spring Cloud LoadBalancer is currently working with the default cache. While this cache implementation is useful for development and tests, it's recommended to use Caffeine cache in production.You can switch to using Caffeine cache, by adding it and org.springframework.cache.caffeine.CaffeineCacheManager to the classpath.
2026-03-06T10:23:03.108+05:30  INFO 8612 --- [client-service] [main] o.s.c.n.eureka.InstanceInfoFactory       : Setting initial instance status as: STARTING
2026-03-06T10:23:03.238+05:30  INFO 8612 --- [client-service] [main] com.netflix.discovery.DiscoveryClient    : Initializing Eureka in region us-east-1
2026-03-06T10:23:03.250+05:30  INFO 8612 --- [client-service] [main] c.n.d.s.r.aws.ConfigClusterResolver      : Resolving eureka endpoints via configuration
2026-03-06T10:23:03.298+05:30  INFO 8612 --- [client-service] [main] com.netflix.discovery.DiscoveryClient    : Disable delta property : false
2026-03-06T10:23:03.300+05:30  INFO 8612 --- [client-service] [main] com.netflix.discovery.DiscoveryClient    : Single vip registry refresh property : null
2026-03-06T10:23:03.304+05:30  INFO 8612 --- [client-service] [main] com.netflix.discovery.DiscoveryClient    : Force full registry fetch : false
2026-03-06T10:23:03.307+05:30  INFO 8612 --- [client-service] [main] com.netflix.discovery.DiscoveryClient    : Application is null : false
2026-03-06T10:23:03.308+05:30  INFO 8612 --- [client-service] [main] com.netflix.discovery.DiscoveryClient    : Registered Applications size is zero : true
2026-03-06T10:23:03.311+05:30  INFO 8612 --- [client-service] [main] com.netflix.discovery.DiscoveryClient    : Application version is -1: true
2026-03-06T10:23:03.311+05:30  INFO 8612 --- [client-service] [main] com.netflix.discovery.DiscoveryClient    : Getting all instance registry info from the eureka server
2026-03-06T10:23:04.546+05:30  INFO 8612 --- [client-service] [main] com.netflix.discovery.DiscoveryClient    : The response status is 200
2026-03-06T10:23:04.553+05:30  INFO 8612 --- [client-service] [main] com.netflix.discovery.DiscoveryClient    : Starting heartbeat executor: renew interval is: 30
2026-03-06T10:23:04.565+05:30  INFO 8612 --- [client-service] [main] c.n.discovery.InstanceInfoReplicator     : InstanceInfoReplicator onDemand update allowed rate per min is 4
2026-03-06T10:23:04.577+05:30  INFO 8612 --- [client-service] [main] com.netflix.discovery.DiscoveryClient    : Discovery Client initialized at timestamp 1772772784573 with initial instances count: 3
2026-03-06T10:23:04.640+05:30  INFO 8612 --- [client-service] [main] o.s.c.n.e.s.EurekaServiceRegistry        : Registering application CLIENT-SERVICE with eureka with status UP
2026-03-06T10:23:04.642+05:30  INFO 8612 --- [client-service] [main] com.netflix.discovery.DiscoveryClient    : Saw local status change event StatusChangeEvent [timestamp=1772772784642, current=UP, previous=STARTING]
2026-03-06T10:23:04.648+05:30  INFO 8612 --- [client-service] [DiscoveryClient-InstanceInfoReplicator-%d] com.netflix.discovery.DiscoveryClient    : DiscoveryClient_CLIENT-SERVICE/LTIN656288.cts.com:client-service:8081: registering service...
2026-03-06T10:23:05.488+05:30  INFO 8612 --- [client-service] [DiscoveryClient-InstanceInfoReplicator-%d] com.netflix.discovery.DiscoveryClient    : DiscoveryClient_CLIENT-SERVICE/LTIN656288.cts.com:client-service:8081 - registration status: 204
2026-03-06T10:23:05.497+05:30  INFO 8612 --- [client-service] [main] o.s.boot.tomcat.TomcatWebServer          : Tomcat started on port 8081 (http) with context path '/'
2026-03-06T10:23:05.499+05:30  INFO 8612 --- [client-service] [main] .s.c.n.e.s.EurekaAutoServiceRegistration : Updating port to 8081
2026-03-06T10:23:05.742+05:30  INFO 8612 --- [client-service] [main] c.w.client.ClientServiceApplication      : Started ClientServiceApplication in 22.254 seconds (process running for 24.429)
2026-03-06T10:28:03.379+05:30  INFO 8612 --- [client-service] [AsyncResolver-bootstrap-executor-%d] c.n.d.s.r.aws.ConfigClusterResolver      : Resolving eureka endpoints via configuration
2026-03-06T10:33:03.398+05:30  INFO 8612 --- [client-service] [AsyncResolver-bootstrap-executor-%d] c.n.d.s.r.aws.ConfigClusterResolver      : Resolving eureka endpoints via configuration
2026-03-06T10:35:25.261+05:30  INFO 8612 --- [client-service] [http-nio-8081-exec-2] o.a.c.c.C.[Tomcat].[localhost].[/]       : Initializing Spring DispatcherServlet 'dispatcherServlet'
2026-03-06T10:35:25.265+05:30  INFO 8612 --- [client-service] [http-nio-8081-exec-2] o.s.web.servlet.DispatcherServlet        : Initializing Servlet 'dispatcherServlet'
2026-03-06T10:35:25.322+05:30  INFO 8612 --- [client-service] [http-nio-8081-exec-2] o.s.web.servlet.DispatcherServlet        : Completed initialization in 57 ms
2026-03-06T10:35:25.655+05:30  INFO 8612 --- [client-service] [http-nio-8081-exec-2] c.w.client.controller.ClientController   : API Request: GET /api/clients from Advisor ID: 2
2026-03-06T10:35:26.534+05:30 DEBUG 8612 --- [client-service] [http-nio-8081-exec-2] org.hibernate.SQL                        : select c1_0.client_id,c1_0.address,c1_0.advisor_id,c1_0.created_date,c1_0.date_of_birth,c1_0.email_address,c1_0.employer,c1_0.full_name,c1_0.investment_amount,c1_0.investment_goal,c1_0.investment_horizon,c1_0.kyc_document_ref,c1_0.kyc_status,c1_0.liquidity_needs,c1_0.occupation,c1_0.phone_number,c1_0.risk_profile from client c1_0 where c1_0.advisor_id=?
2026-03-06T10:35:28.232+05:30  INFO 8612 --- [client-service] [http-nio-8081-exec-3] c.w.client.controller.ClientController   : API Request: GET /api/clients/1 from Advisor ID: 2
2026-03-06T10:35:28.249+05:30 DEBUG 8612 --- [client-service] [http-nio-8081-exec-3] org.hibernate.SQL                        : select c1_0.client_id,c1_0.address,c1_0.advisor_id,c1_0.created_date,c1_0.date_of_birth,c1_0.email_address,c1_0.employer,c1_0.full_name,c1_0.investment_amount,c1_0.investment_goal,c1_0.investment_horizon,c1_0.kyc_document_ref,c1_0.kyc_status,c1_0.liquidity_needs,c1_0.occupation,c1_0.phone_number,c1_0.risk_profile from client c1_0 where c1_0.client_id=? and c1_0.advisor_id=?
2026-03-06T10:35:39.917+05:30  INFO 8612 --- [client-service] [http-nio-8081-exec-8] c.w.client.controller.ClientController   : API Request: GET /api/clients/1 from Advisor ID: 2
2026-03-06T10:35:39.921+05:30 DEBUG 8612 --- [client-service] [http-nio-8081-exec-8] org.hibernate.SQL                        : select c1_0.client_id,c1_0.address,c1_0.advisor_id,c1_0.created_date,c1_0.date_of_birth,c1_0.email_address,c1_0.employer,c1_0.full_name,c1_0.investment_amount,c1_0.investment_goal,c1_0.investment_horizon,c1_0.kyc_document_ref,c1_0.kyc_status,c1_0.liquidity_needs,c1_0.occupation,c1_0.phone_number,c1_0.risk_profile from client c1_0 where c1_0.client_id=? and c1_0.advisor_id=?
2026-03-06T10:36:22.804+05:30  INFO 8612 --- [client-service] [http-nio-8081-exec-9] c.w.client.controller.ClientController   : API Request: GET /api/clients from Advisor ID: 2
2026-03-06T10:36:22.804+05:30 DEBUG 8612 --- [client-service] [http-nio-8081-exec-9] org.hibernate.SQL                        : select c1_0.client_id,c1_0.address,c1_0.advisor_id,c1_0.created_date,c1_0.date_of_birth,c1_0.email_address,c1_0.employer,c1_0.full_name,c1_0.investment_amount,c1_0.investment_goal,c1_0.investment_horizon,c1_0.kyc_document_ref,c1_0.kyc_status,c1_0.liquidity_needs,c1_0.occupation,c1_0.phone_number,c1_0.risk_profile from client c1_0 where c1_0.advisor_id=?
2026-03-06T10:36:41.125+05:30  INFO 8612 --- [client-service] [http-nio-8081-exec-10] c.w.client.controller.ClientController   : API Request: POST /api/clients/1/kyc from Advisor ID: 2
2026-03-06T10:36:41.125+05:30  INFO 8612 --- [client-service] [http-nio-8081-exec-10] c.wealth.client.service.ClientService    : Attempting to upload KYC document for Client ID: 1 by Advisor ID: 2
2026-03-06T10:36:41.127+05:30 DEBUG 8612 --- [client-service] [http-nio-8081-exec-10] org.hibernate.SQL                        : select c1_0.client_id,c1_0.address,c1_0.advisor_id,c1_0.created_date,c1_0.date_of_birth,c1_0.email_address,c1_0.employer,c1_0.full_name,c1_0.investment_amount,c1_0.investment_goal,c1_0.investment_horizon,c1_0.kyc_document_ref,c1_0.kyc_status,c1_0.liquidity_needs,c1_0.occupation,c1_0.phone_number,c1_0.risk_profile from client c1_0 where c1_0.client_id=? and c1_0.advisor_id=?
2026-03-06T10:36:41.152+05:30  INFO 8612 --- [client-service] [http-nio-8081-exec-10] c.wealth.client.service.ClientService    : Successfully saved new KYC document at: uploads\kyc-docs\edf609f7-a193-49f7-9d73-8a0910f82d9b.png
2026-03-06T10:36:41.234+05:30 DEBUG 8612 --- [client-service] [http-nio-8081-exec-10] org.hibernate.SQL                        : update client set address=?,advisor_id=?,date_of_birth=?,email_address=?,employer=?,full_name=?,investment_amount=?,investment_goal=?,investment_horizon=?,kyc_document_ref=?,kyc_status=?,liquidity_needs=?,occupation=?,phone_number=?,risk_profile=? where client_id=?
2026-03-06T10:36:44.334+05:30  INFO 8612 --- [client-service] [http-nio-8081-exec-1] c.w.client.controller.ClientController   : API Request: PUT /api/clients/1/kyc-status
2026-03-06T10:36:44.334+05:30  INFO 8612 --- [client-service] [http-nio-8081-exec-1] c.wealth.client.service.ClientService    : Updating KYC status for Client ID: 1 to VERIFIED
2026-03-06T10:36:44.334+05:30 DEBUG 8612 --- [client-service] [http-nio-8081-exec-1] org.hibernate.SQL                        : select c1_0.client_id,c1_0.address,c1_0.advisor_id,c1_0.created_date,c1_0.date_of_birth,c1_0.email_address,c1_0.employer,c1_0.full_name,c1_0.investment_amount,c1_0.investment_goal,c1_0.investment_horizon,c1_0.kyc_document_ref,c1_0.kyc_status,c1_0.liquidity_needs,c1_0.occupation,c1_0.phone_number,c1_0.risk_profile from client c1_0 where c1_0.client_id=? and c1_0.advisor_id=?
2026-03-06T10:36:44.342+05:30 DEBUG 8612 --- [client-service] [http-nio-8081-exec-1] org.hibernate.SQL                        : update client set address=?,advisor_id=?,date_of_birth=?,email_address=?,employer=?,full_name=?,investment_amount=?,investment_goal=?,investment_horizon=?,kyc_document_ref=?,kyc_status=?,liquidity_needs=?,occupation=?,phone_number=?,risk_profile=? where client_id=?
2026-03-06T10:36:46.710+05:30  INFO 8612 --- [client-service] [http-nio-8081-exec-7] c.w.client.controller.ClientController   : API Request: GET /api/clients/1/kyc-document from Advisor ID: 2
2026-03-06T10:36:46.712+05:30 DEBUG 8612 --- [client-service] [http-nio-8081-exec-7] org.hibernate.SQL                        : select c1_0.client_id,c1_0.address,c1_0.advisor_id,c1_0.created_date,c1_0.date_of_birth,c1_0.email_address,c1_0.employer,c1_0.full_name,c1_0.investment_amount,c1_0.investment_goal,c1_0.investment_horizon,c1_0.kyc_document_ref,c1_0.kyc_status,c1_0.liquidity_needs,c1_0.occupation,c1_0.phone_number,c1_0.risk_profile from client c1_0 where c1_0.client_id=? and c1_0.advisor_id=?
2026-03-06T10:37:15.490+05:30  INFO 8612 --- [client-service] [http-nio-8081-exec-6] c.w.client.controller.ClientController   : API Request: GET /api/clients/1 from Advisor ID: 2
2026-03-06T10:37:15.492+05:30 DEBUG 8612 --- [client-service] [http-nio-8081-exec-6] org.hibernate.SQL                        : select c1_0.client_id,c1_0.address,c1_0.advisor_id,c1_0.created_date,c1_0.date_of_birth,c1_0.email_address,c1_0.employer,c1_0.full_name,c1_0.investment_amount,c1_0.investment_goal,c1_0.investment_horizon,c1_0.kyc_document_ref,c1_0.kyc_status,c1_0.liquidity_needs,c1_0.occupation,c1_0.phone_number,c1_0.risk_profile from client c1_0 where c1_0.client_id=? and c1_0.advisor_id=?
2026-03-06T10:37:23.747+05:30  INFO 8612 --- [client-service] [http-nio-8081-exec-2] c.w.client.controller.ClientController   : API Request: GET /api/clients/2 from Advisor ID: 2
2026-03-06T10:37:23.751+05:30 DEBUG 8612 --- [client-service] [http-nio-8081-exec-2] org.hibernate.SQL                        : select c1_0.client_id,c1_0.address,c1_0.advisor_id,c1_0.created_date,c1_0.date_of_birth,c1_0.email_address,c1_0.employer,c1_0.full_name,c1_0.investment_amount,c1_0.investment_goal,c1_0.investment_horizon,c1_0.kyc_document_ref,c1_0.kyc_status,c1_0.liquidity_needs,c1_0.occupation,c1_0.phone_number,c1_0.risk_profile from client c1_0 where c1_0.client_id=? and c1_0.advisor_id=?
2026-03-06T10:38:03.405+05:30  INFO 8612 --- [client-service] [AsyncResolver-bootstrap-executor-%d] c.n.d.s.r.aws.ConfigClusterResolver      : Resolving eureka endpoints via configuration
2026-03-06T10:38:18.575+05:30  INFO 8612 --- [client-service] [http-nio-8081-exec-8] c.w.client.controller.ClientController   : API Request: POST /api/clients from Advisor ID: 2
2026-03-06T10:38:18.575+05:30  INFO 8612 --- [client-service] [http-nio-8081-exec-8] c.wealth.client.service.ClientService    : Attempting to onboard client: kaja for Advisor ID: 2
2026-03-06T10:38:18.596+05:30 DEBUG 8612 --- [client-service] [http-nio-8081-exec-8] org.hibernate.SQL                        : select c1_0.client_id from client c1_0 where c1_0.email_address=? limit ?
2026-03-06T10:38:18.620+05:30 DEBUG 8612 --- [client-service] [http-nio-8081-exec-8] org.hibernate.SQL                        : insert into client (address,advisor_id,created_date,date_of_birth,email_address,employer,full_name,investment_amount,investment_goal,investment_horizon,kyc_document_ref,kyc_status,liquidity_needs,occupation,phone_number,risk_profile) values (?,?,?,?,?,?,?,?,?,?,?,?,?,?,?,?)
2026-03-06T10:38:18.652+05:30  INFO 8612 --- [client-service] [http-nio-8081-exec-8] c.wealth.client.service.ClientService    : Client onboarded successfully. New Client ID: 23
2026-03-06T10:38:24.432+05:30  INFO 8612 --- [client-service] [http-nio-8081-exec-9] c.w.client.controller.ClientController   : API Request: GET /api/clients/23 from Advisor ID: 2
2026-03-06T10:38:24.432+05:30 DEBUG 8612 --- [client-service] [http-nio-8081-exec-9] org.hibernate.SQL                        : select c1_0.client_id,c1_0.address,c1_0.advisor_id,c1_0.created_date,c1_0.date_of_birth,c1_0.email_address,c1_0.employer,c1_0.full_name,c1_0.investment_amount,c1_0.investment_goal,c1_0.investment_horizon,c1_0.kyc_document_ref,c1_0.kyc_status,c1_0.liquidity_needs,c1_0.occupation,c1_0.phone_number,c1_0.risk_profile from client c1_0 where c1_0.client_id=? and c1_0.advisor_id=?
2026-03-06T10:38:48.432+05:30  INFO 8612 --- [client-service] [http-nio-8081-exec-5] c.w.client.controller.ClientController   : API Request: GET /api/clients/23 from Advisor ID: 2
2026-03-06T10:38:48.432+05:30 DEBUG 8612 --- [client-service] [http-nio-8081-exec-5] org.hibernate.SQL                        : select c1_0.client_id,c1_0.address,c1_0.advisor_id,c1_0.created_date,c1_0.date_of_birth,c1_0.email_address,c1_0.employer,c1_0.full_name,c1_0.investment_amount,c1_0.investment_goal,c1_0.investment_horizon,c1_0.kyc_document_ref,c1_0.kyc_status,c1_0.liquidity_needs,c1_0.occupation,c1_0.phone_number,c1_0.risk_profile from client c1_0 where c1_0.client_id=? and c1_0.advisor_id=?
2026-03-06T10:39:14.686+05:30  INFO 8612 --- [client-service] [http-nio-8081-exec-10] c.w.client.controller.ClientController   : API Request: POST /api/clients/23/kyc from Advisor ID: 2
2026-03-06T10:39:14.686+05:30  INFO 8612 --- [client-service] [http-nio-8081-exec-10] c.wealth.client.service.ClientService    : Attempting to upload KYC document for Client ID: 23 by Advisor ID: 2
2026-03-06T10:39:14.689+05:30 DEBUG 8612 --- [client-service] [http-nio-8081-exec-10] org.hibernate.SQL                        : select c1_0.client_id,c1_0.address,c1_0.advisor_id,c1_0.created_date,c1_0.date_of_birth,c1_0.email_address,c1_0.employer,c1_0.full_name,c1_0.investment_amount,c1_0.investment_goal,c1_0.investment_horizon,c1_0.kyc_document_ref,c1_0.kyc_status,c1_0.liquidity_needs,c1_0.occupation,c1_0.phone_number,c1_0.risk_profile from client c1_0 where c1_0.client_id=? and c1_0.advisor_id=?
2026-03-06T10:39:14.709+05:30  INFO 8612 --- [client-service] [http-nio-8081-exec-10] c.wealth.client.service.ClientService    : Successfully saved new KYC document at: uploads\kyc-docs\73ea4f7f-1843-4b2a-b2e2-c0a3a6899b65.png
2026-03-06T10:39:14.709+05:30 DEBUG 8612 --- [client-service] [http-nio-8081-exec-10] org.hibernate.SQL                        : update client set address=?,advisor_id=?,date_of_birth=?,email_address=?,employer=?,full_name=?,investment_amount=?,investment_goal=?,investment_horizon=?,kyc_document_ref=?,kyc_status=?,liquidity_needs=?,occupation=?,phone_number=?,risk_profile=? where client_id=?
2026-03-06T10:39:17.216+05:30  INFO 8612 --- [client-service] [http-nio-8081-exec-1] c.w.client.controller.ClientController   : API Request: GET /api/clients/23/kyc-document from Advisor ID: 2
2026-03-06T10:39:17.218+05:30 DEBUG 8612 --- [client-service] [http-nio-8081-exec-1] org.hibernate.SQL                        : select c1_0.client_id,c1_0.address,c1_0.advisor_id,c1_0.created_date,c1_0.date_of_birth,c1_0.email_address,c1_0.employer,c1_0.full_name,c1_0.investment_amount,c1_0.investment_goal,c1_0.investment_horizon,c1_0.kyc_document_ref,c1_0.kyc_status,c1_0.liquidity_needs,c1_0.occupation,c1_0.phone_number,c1_0.risk_profile from client c1_0 where c1_0.client_id=? and c1_0.advisor_id=?
2026-03-06T10:39:17.767+05:30  INFO 8612 --- [client-service] [http-nio-8081-exec-7] c.w.client.controller.ClientController   : API Request: PUT /api/clients/23/kyc-status
2026-03-06T10:39:17.767+05:30  INFO 8612 --- [client-service] [http-nio-8081-exec-7] c.wealth.client.service.ClientService    : Updating KYC status for Client ID: 23 to VERIFIED
2026-03-06T10:39:17.767+05:30 DEBUG 8612 --- [client-service] [http-nio-8081-exec-7] org.hibernate.SQL                        : select c1_0.client_id,c1_0.address,c1_0.advisor_id,c1_0.created_date,c1_0.date_of_birth,c1_0.email_address,c1_0.employer,c1_0.full_name,c1_0.investment_amount,c1_0.investment_goal,c1_0.investment_horizon,c1_0.kyc_document_ref,c1_0.kyc_status,c1_0.liquidity_needs,c1_0.occupation,c1_0.phone_number,c1_0.risk_profile from client c1_0 where c1_0.client_id=? and c1_0.advisor_id=?
2026-03-06T10:39:17.769+05:30 DEBUG 8612 --- [client-service] [http-nio-8081-exec-7] org.hibernate.SQL                        : update client set address=?,advisor_id=?,date_of_birth=?,email_address=?,employer=?,full_name=?,investment_amount=?,investment_goal=?,investment_horizon=?,kyc_document_ref=?,kyc_status=?,liquidity_needs=?,occupation=?,phone_number=?,risk_profile=? where client_id=?
2026-03-06T10:39:22.481+05:30  INFO 8612 --- [client-service] [http-nio-8081-exec-6] c.w.client.controller.ClientController   : API Request: GET /api/clients/23/kyc-document from Advisor ID: 2
2026-03-06T10:39:22.481+05:30 DEBUG 8612 --- [client-service] [http-nio-8081-exec-6] org.hibernate.SQL                        : select c1_0.client_id,c1_0.address,c1_0.advisor_id,c1_0.created_date,c1_0.date_of_birth,c1_0.email_address,c1_0.employer,c1_0.full_name,c1_0.investment_amount,c1_0.investment_goal,c1_0.investment_horizon,c1_0.kyc_document_ref,c1_0.kyc_status,c1_0.liquidity_needs,c1_0.occupation,c1_0.phone_number,c1_0.risk_profile from client c1_0 where c1_0.client_id=? and c1_0.advisor_id=?
2026-03-06T10:41:05.559+05:30  INFO 8612 --- [client-service] [http-nio-8081-exec-9] c.w.client.controller.ClientController   : API Request: GET /api/clients from Advisor ID: 2
2026-03-06T10:41:05.563+05:30 DEBUG 8612 --- [client-service] [http-nio-8081-exec-9] org.hibernate.SQL                        : select c1_0.client_id,c1_0.address,c1_0.advisor_id,c1_0.created_date,c1_0.date_of_birth,c1_0.email_address,c1_0.employer,c1_0.full_name,c1_0.investment_amount,c1_0.investment_goal,c1_0.investment_horizon,c1_0.kyc_document_ref,c1_0.kyc_status,c1_0.liquidity_needs,c1_0.occupation,c1_0.phone_number,c1_0.risk_profile from client c1_0 where c1_0.advisor_id=?
2026-03-06T10:41:05.676+05:30  INFO 8612 --- [client-service] [http-nio-8081-exec-4] c.w.client.controller.ClientController   : API Request: GET /api/clients/1 from Advisor ID: 2
2026-03-06T10:41:05.676+05:30 DEBUG 8612 --- [client-service] [http-nio-8081-exec-4] org.hibernate.SQL                        : select c1_0.client_id,c1_0.address,c1_0.advisor_id,c1_0.created_date,c1_0.date_of_birth,c1_0.email_address,c1_0.employer,c1_0.full_name,c1_0.investment_amount,c1_0.investment_goal,c1_0.investment_horizon,c1_0.kyc_document_ref,c1_0.kyc_status,c1_0.liquidity_needs,c1_0.occupation,c1_0.phone_number,c1_0.risk_profile from client c1_0 where c1_0.client_id=? and c1_0.advisor_id=?
2026-03-06T10:41:23.970+05:30  INFO 8612 --- [client-service] [http-nio-8081-exec-5] c.w.client.controller.ClientController   : API Request: GET /api/clients/2 from Advisor ID: 2
2026-03-06T10:41:23.971+05:30 DEBUG 8612 --- [client-service] [http-nio-8081-exec-5] org.hibernate.SQL                        : select c1_0.client_id,c1_0.address,c1_0.advisor_id,c1_0.created_date,c1_0.date_of_birth,c1_0.email_address,c1_0.employer,c1_0.full_name,c1_0.investment_amount,c1_0.investment_goal,c1_0.investment_horizon,c1_0.kyc_document_ref,c1_0.kyc_status,c1_0.liquidity_needs,c1_0.occupation,c1_0.phone_number,c1_0.risk_profile from client c1_0 where c1_0.client_id=? and c1_0.advisor_id=?
2026-03-06T10:43:03.411+05:30  INFO 8612 --- [client-service] [AsyncResolver-bootstrap-executor-%d] c.n.d.s.r.aws.ConfigClusterResolver      : Resolving eureka endpoints via configuration
2026-03-06T11:22:55.910+05:30  INFO 33256 --- [client-service] [main] c.w.client.ClientServiceApplication      : Starting ClientServiceApplication using Java 25 with PID 33256 (C:\Users\2463705\OneDrive - Cognizant\Documents\The Project\Wealth-Wise-Management-Portfoilio-Advisory-System\Backend\client-service\client-service\target\classes started by 2463705 in C:\Users\2463705\OneDrive - Cognizant\Documents\The Project\Wealth-Wise-Management-Portfoilio-Advisory-System\Backend)
2026-03-06T11:22:55.914+05:30  INFO 33256 --- [client-service] [main] c.w.client.ClientServiceApplication      : No active profile set, falling back to 1 default profile: "default"
2026-03-06T11:22:57.486+05:30  INFO 33256 --- [client-service] [main] .s.d.r.c.RepositoryConfigurationDelegate : Bootstrapping Spring Data JPA repositories in DEFAULT mode.
2026-03-06T11:22:57.678+05:30  INFO 33256 --- [client-service] [main] .s.d.r.c.RepositoryConfigurationDelegate : Finished Spring Data repository scanning in 177 ms. Found 1 JPA repository interface.
2026-03-06T11:22:57.940+05:30  INFO 33256 --- [client-service] [main] o.s.cloud.context.scope.GenericScope     : BeanFactory id=ec5c0d43-0339-3e3a-a9ea-0dfc89d70fb0
2026-03-06T11:22:58.474+05:30  INFO 33256 --- [client-service] [main] o.s.boot.tomcat.TomcatWebServer          : Tomcat initialized with port 8081 (http)
2026-03-06T11:22:58.490+05:30  INFO 33256 --- [client-service] [main] o.apache.catalina.core.StandardService   : Starting service [Tomcat]
2026-03-06T11:22:58.491+05:30  INFO 33256 --- [client-service] [main] o.apache.catalina.core.StandardEngine    : Starting Servlet engine: [Apache Tomcat/11.0.15]
2026-03-06T11:22:58.596+05:30  INFO 33256 --- [client-service] [main] b.w.c.s.WebApplicationContextInitializer : Root WebApplicationContext: initialization completed in 2609 ms
2026-03-06T11:22:58.835+05:30  INFO 33256 --- [client-service] [main] org.hibernate.orm.jpa                    : HHH008540: Processing PersistenceUnitInfo [name: default]
2026-03-06T11:22:58.924+05:30  INFO 33256 --- [client-service] [main] org.hibernate.orm.core                   : HHH000001: Hibernate ORM core version 7.2.1.Final
2026-03-06T11:22:59.596+05:30  INFO 33256 --- [client-service] [main] o.s.o.j.p.SpringPersistenceUnitInfo      : No LoadTimeWeaver setup: ignoring JPA class transformer
2026-03-06T11:22:59.628+05:30  INFO 33256 --- [client-service] [main] com.zaxxer.hikari.HikariDataSource       : HikariPool-1 - Starting...
2026-03-06T11:22:59.975+05:30  INFO 33256 --- [client-service] [main] com.zaxxer.hikari.pool.HikariPool        : HikariPool-1 - Added connection com.mysql.cj.jdbc.ConnectionImpl@60e80279
2026-03-06T11:22:59.977+05:30  INFO 33256 --- [client-service] [main] com.zaxxer.hikari.HikariDataSource       : HikariPool-1 - Start completed.
2026-03-06T11:23:00.076+05:30  INFO 33256 --- [client-service] [main] org.hibernate.orm.connections.pooling    : HHH10001005: Database info:
	Database JDBC URL [jdbc:mysql://localhost:3306/finance_db]
	Database driver: MySQL Connector/J
	Database dialect: MySQLDialect
	Database version: 8.0.44
	Default catalog/schema: finance_db/undefined
	Autocommit mode: undefined/unknown
	Isolation level: REPEATABLE_READ [default REPEATABLE_READ]
	JDBC fetch size: none
	Pool: DataSourceConnectionProvider
	Minimum pool size: undefined/unknown
	Maximum pool size: undefined/unknown
2026-03-06T11:23:01.056+05:30  INFO 33256 --- [client-service] [main] org.hibernate.orm.core                   : HHH000489: No JTA platform available (set 'hibernate.transaction.jta.platform' to enable JTA platform integration)
2026-03-06T11:23:01.124+05:30  INFO 33256 --- [client-service] [main] j.LocalContainerEntityManagerFactoryBean : Initialized JPA EntityManagerFactory for persistence unit 'default'
2026-03-06T11:23:01.219+05:30  INFO 33256 --- [client-service] [main] o.s.d.j.r.query.QueryEnhancerFactories   : Hibernate is in classpath; If applicable, HQL parser will be used.
2026-03-06T11:23:01.478+05:30  WARN 33256 --- [client-service] [main] JpaBaseConfiguration$JpaWebConfiguration : spring.jpa.open-in-view is enabled by default. Therefore, database queries may be performed during view rendering. Explicitly configure spring.jpa.open-in-view to disable this warning
2026-03-06T11:23:02.049+05:30  INFO 33256 --- [client-service] [main] DiscoveryClientOptionalArgsConfiguration : Eureka HTTP Client uses RestClient.
2026-03-06T11:23:02.093+05:30  WARN 33256 --- [client-service] [main] iguration$LoadBalancerCaffeineWarnLogger : Spring Cloud LoadBalancer is currently working with the default cache. While this cache implementation is useful for development and tests, it's recommended to use Caffeine cache in production.You can switch to using Caffeine cache, by adding it and org.springframework.cache.caffeine.CaffeineCacheManager to the classpath.
2026-03-06T11:23:02.115+05:30  INFO 33256 --- [client-service] [main] o.s.c.n.eureka.InstanceInfoFactory       : Setting initial instance status as: STARTING
2026-03-06T11:23:02.141+05:30  INFO 33256 --- [client-service] [main] com.netflix.discovery.DiscoveryClient    : Initializing Eureka in region us-east-1
2026-03-06T11:23:02.145+05:30  INFO 33256 --- [client-service] [main] c.n.d.s.r.aws.ConfigClusterResolver      : Resolving eureka endpoints via configuration
2026-03-06T11:23:02.154+05:30  INFO 33256 --- [client-service] [main] com.netflix.discovery.DiscoveryClient    : Disable delta property : false
2026-03-06T11:23:02.154+05:30  INFO 33256 --- [client-service] [main] com.netflix.discovery.DiscoveryClient    : Single vip registry refresh property : null
2026-03-06T11:23:02.154+05:30  INFO 33256 --- [client-service] [main] com.netflix.discovery.DiscoveryClient    : Force full registry fetch : false
2026-03-06T11:23:02.154+05:30  INFO 33256 --- [client-service] [main] com.netflix.discovery.DiscoveryClient    : Application is null : false
2026-03-06T11:23:02.154+05:30  INFO 33256 --- [client-service] [main] com.netflix.discovery.DiscoveryClient    : Registered Applications size is zero : true
2026-03-06T11:23:02.154+05:30  INFO 33256 --- [client-service] [main] com.netflix.discovery.DiscoveryClient    : Application version is -1: true
2026-03-06T11:23:02.154+05:30  INFO 33256 --- [client-service] [main] com.netflix.discovery.DiscoveryClient    : Getting all instance registry info from the eureka server
2026-03-06T11:23:02.499+05:30  INFO 33256 --- [client-service] [main] com.netflix.discovery.DiscoveryClient    : The response status is 200
2026-03-06T11:23:02.501+05:30  INFO 33256 --- [client-service] [main] com.netflix.discovery.DiscoveryClient    : Starting heartbeat executor: renew interval is: 30
2026-03-06T11:23:02.503+05:30  INFO 33256 --- [client-service] [main] c.n.discovery.InstanceInfoReplicator     : InstanceInfoReplicator onDemand update allowed rate per min is 4
2026-03-06T11:23:02.505+05:30  INFO 33256 --- [client-service] [main] com.netflix.discovery.DiscoveryClient    : Discovery Client initialized at timestamp 1772776382504 with initial instances count: 4
2026-03-06T11:23:02.508+05:30  INFO 33256 --- [client-service] [main] o.s.c.n.e.s.EurekaServiceRegistry        : Registering application CLIENT-SERVICE with eureka with status UP
2026-03-06T11:23:02.509+05:30  INFO 33256 --- [client-service] [main] com.netflix.discovery.DiscoveryClient    : Saw local status change event StatusChangeEvent [timestamp=1772776382509, current=UP, previous=STARTING]
2026-03-06T11:23:02.511+05:30  INFO 33256 --- [client-service] [DiscoveryClient-InstanceInfoReplicator-%d] com.netflix.discovery.DiscoveryClient    : DiscoveryClient_CLIENT-SERVICE/LTIN656601.cts.com:client-service:8081: registering service...
2026-03-06T11:23:02.533+05:30  INFO 33256 --- [client-service] [main] o.s.boot.tomcat.TomcatWebServer          : Tomcat started on port 8081 (http) with context path '/'
2026-03-06T11:23:02.534+05:30  INFO 33256 --- [client-service] [main] .s.c.n.e.s.EurekaAutoServiceRegistration : Updating port to 8081
2026-03-06T11:23:02.545+05:30  INFO 33256 --- [client-service] [main] c.w.client.ClientServiceApplication      : Started ClientServiceApplication in 7.487 seconds (process running for 8.893)
2026-03-06T11:23:02.552+05:30  INFO 33256 --- [client-service] [DiscoveryClient-InstanceInfoReplicator-%d] com.netflix.discovery.DiscoveryClient    : DiscoveryClient_CLIENT-SERVICE/LTIN656601.cts.com:client-service:8081 - registration status: 204
2026-03-06T11:28:02.156+05:30  INFO 33256 --- [client-service] [AsyncResolver-bootstrap-executor-%d] c.n.d.s.r.aws.ConfigClusterResolver      : Resolving eureka endpoints via configuration
