2026-03-05T00:00:07.520+05:30  INFO 16024 --- [client-service] [http-nio-8081-exec-8] c.w.client.controller.ClientController   : API Request: GET /api/clients/30 from Advisor ID: 11
2026-03-05T00:00:07.669+05:30 DEBUG 16024 --- [client-service] [http-nio-8081-exec-8] org.hibernate.SQL                        : select c1_0.client_id,c1_0.address,c1_0.advisor_id,c1_0.created_date,c1_0.date_of_birth,c1_0.email_address,c1_0.employer,c1_0.full_name,c1_0.investment_amount,c1_0.investment_goal,c1_0.investment_horizon,c1_0.kyc_document_ref,c1_0.kyc_status,c1_0.liquidity_needs,c1_0.occupation,c1_0.phone_number,c1_0.risk_profile from client c1_0 where c1_0.client_id=? and c1_0.advisor_id=?
2026-03-05T00:01:33.369+05:30  INFO 16024 --- [client-service] [AsyncResolver-bootstrap-executor-%d] c.n.d.s.r.aws.ConfigClusterResolver      : Resolving eureka endpoints via configuration
2026-03-05T00:06:33.380+05:30  INFO 16024 --- [client-service] [AsyncResolver-bootstrap-executor-%d] c.n.d.s.r.aws.ConfigClusterResolver      : Resolving eureka endpoints via configuration
2026-03-05T00:11:33.386+05:30  INFO 16024 --- [client-service] [AsyncResolver-bootstrap-executor-%d] c.n.d.s.r.aws.ConfigClusterResolver      : Resolving eureka endpoints via configuration
2026-03-05T00:12:41.746+05:30  INFO 16024 --- [client-service] [http-nio-8081-exec-1] c.w.client.controller.ClientController   : API Request: GET /api/clients from Advisor ID: 11
2026-03-05T00:12:41.779+05:30 DEBUG 16024 --- [client-service] [http-nio-8081-exec-1] org.hibernate.SQL                        : select c1_0.client_id,c1_0.address,c1_0.advisor_id,c1_0.created_date,c1_0.date_of_birth,c1_0.email_address,c1_0.employer,c1_0.full_name,c1_0.investment_amount,c1_0.investment_goal,c1_0.investment_horizon,c1_0.kyc_document_ref,c1_0.kyc_status,c1_0.liquidity_needs,c1_0.occupation,c1_0.phone_number,c1_0.risk_profile from client c1_0 where c1_0.advisor_id=?
2026-03-05T00:13:58.196+05:30  INFO 16024 --- [client-service] [http-nio-8081-exec-3] c.w.client.controller.ClientController   : API Request: POST /api/clients from Advisor ID: 11
2026-03-05T00:13:58.197+05:30  INFO 16024 --- [client-service] [http-nio-8081-exec-3] c.wealth.client.service.ClientService    : Attempting to onboard client: sainath for Advisor ID: 11
2026-03-05T00:13:58.200+05:30 DEBUG 16024 --- [client-service] [http-nio-8081-exec-3] org.hibernate.SQL                        : select c1_0.client_id from client c1_0 where c1_0.email_address=? limit ?
2026-03-05T00:13:58.214+05:30 DEBUG 16024 --- [client-service] [http-nio-8081-exec-3] org.hibernate.SQL                        : insert into client (address,advisor_id,created_date,date_of_birth,email_address,employer,full_name,investment_amount,investment_goal,investment_horizon,kyc_document_ref,kyc_status,liquidity_needs,occupation,phone_number,risk_profile) values (?,?,?,?,?,?,?,?,?,?,?,?,?,?,?,?)
2026-03-05T00:13:58.231+05:30  INFO 16024 --- [client-service] [http-nio-8081-exec-3] c.wealth.client.service.ClientService    : Client onboarded successfully. New Client ID: 31
2026-03-05T00:14:07.751+05:30  INFO 16024 --- [client-service] [http-nio-8081-exec-4] c.w.client.controller.ClientController   : API Request: GET /api/clients/31 from Advisor ID: 11
2026-03-05T00:14:07.753+05:30 DEBUG 16024 --- [client-service] [http-nio-8081-exec-4] org.hibernate.SQL                        : select c1_0.client_id,c1_0.address,c1_0.advisor_id,c1_0.created_date,c1_0.date_of_birth,c1_0.email_address,c1_0.employer,c1_0.full_name,c1_0.investment_amount,c1_0.investment_goal,c1_0.investment_horizon,c1_0.kyc_document_ref,c1_0.kyc_status,c1_0.liquidity_needs,c1_0.occupation,c1_0.phone_number,c1_0.risk_profile from client c1_0 where c1_0.client_id=? and c1_0.advisor_id=?
2026-03-05T00:16:33.398+05:30  INFO 16024 --- [client-service] [AsyncResolver-bootstrap-executor-%d] c.n.d.s.r.aws.ConfigClusterResolver      : Resolving eureka endpoints via configuration
2026-03-05T00:21:33.414+05:30  INFO 16024 --- [client-service] [AsyncResolver-bootstrap-executor-%d] c.n.d.s.r.aws.ConfigClusterResolver      : Resolving eureka endpoints via configuration
2026-03-05T00:26:33.419+05:30  INFO 16024 --- [client-service] [AsyncResolver-bootstrap-executor-%d] c.n.d.s.r.aws.ConfigClusterResolver      : Resolving eureka endpoints via configuration
2026-03-05T06:52:02.296+05:30  WARN 16024 --- [client-service] [HikariPool-1:housekeeper] com.zaxxer.hikari.pool.HikariPool        : HikariPool-1 - Thread starvation or clock leap detected (housekeeper delta=6h24m1s85ms352µs300ns).
2026-03-05T09:05:23.222+05:30  WARN 16024 --- [client-service] [HikariPool-1:housekeeper] com.zaxxer.hikari.pool.HikariPool        : HikariPool-1 - Thread starvation or clock leap detected (housekeeper delta=2h13m24s908ms141µs900ns).
2026-03-05T09:07:55.433+05:30  INFO 16024 --- [client-service] [AsyncResolver-bootstrap-executor-%d] c.n.d.s.r.aws.ConfigClusterResolver      : Resolving eureka endpoints via configuration
2026-03-05T09:12:55.494+05:30  INFO 16024 --- [client-service] [AsyncResolver-bootstrap-executor-%d] c.n.d.s.r.aws.ConfigClusterResolver      : Resolving eureka endpoints via configuration
2026-03-05T09:17:43.783+05:30  INFO 16024 --- [client-service] [SpringApplicationShutdownHook] o.s.c.n.e.s.EurekaServiceRegistry        : Unregistering application CLIENT-SERVICE with eureka with status DOWN
2026-03-05T09:17:43.786+05:30  INFO 16024 --- [client-service] [SpringApplicationShutdownHook] com.netflix.discovery.DiscoveryClient    : Saw local status change event StatusChangeEvent [timestamp=1772682463786, current=DOWN, previous=UP]
2026-03-05T09:17:43.787+05:30  INFO 16024 --- [client-service] [DiscoveryClient-InstanceInfoReplicator-%d] com.netflix.discovery.DiscoveryClient    : DiscoveryClient_CLIENT-SERVICE/LTIN656497.cts.com:client-service:8081: registering service...
2026-03-05T09:17:43.831+05:30  INFO 16024 --- [client-service] [DiscoveryClient-InstanceInfoReplicator-%d] com.netflix.discovery.DiscoveryClient    : DiscoveryClient_CLIENT-SERVICE/LTIN656497.cts.com:client-service:8081 - registration status: 204
2026-03-05T09:17:43.895+05:30  INFO 16024 --- [client-service] [SpringApplicationShutdownHook] o.s.boot.tomcat.GracefulShutdown         : Commencing graceful shutdown. Waiting for active requests to complete
2026-03-05T09:17:43.950+05:30  INFO 16024 --- [client-service] [tomcat-shutdown] o.s.boot.tomcat.GracefulShutdown         : Graceful shutdown complete
2026-03-05T09:17:43.991+05:30  INFO 16024 --- [client-service] [SpringApplicationShutdownHook] j.LocalContainerEntityManagerFactoryBean : Closing JPA EntityManagerFactory for persistence unit 'default'
2026-03-05T09:17:44.045+05:30  INFO 16024 --- [client-service] [SpringApplicationShutdownHook] com.zaxxer.hikari.HikariDataSource       : HikariPool-1 - Shutdown initiated...
2026-03-05T09:17:44.065+05:30  INFO 16024 --- [client-service] [SpringApplicationShutdownHook] com.zaxxer.hikari.HikariDataSource       : HikariPool-1 - Shutdown completed.
2026-03-05T09:17:44.069+05:30  INFO 16024 --- [client-service] [SpringApplicationShutdownHook] com.netflix.discovery.DiscoveryClient    : Shutting down DiscoveryClient ...
2026-03-05T09:17:47.071+05:30  INFO 16024 --- [client-service] [SpringApplicationShutdownHook] com.netflix.discovery.DiscoveryClient    : Unregistering ...
2026-03-05T09:17:47.086+05:30  INFO 16024 --- [client-service] [SpringApplicationShutdownHook] com.netflix.discovery.DiscoveryClient    : DiscoveryClient_CLIENT-SERVICE/LTIN656497.cts.com:client-service:8081 - deregister  status: 200
2026-03-05T09:17:47.086+05:30  INFO 16024 --- [client-service] [SpringApplicationShutdownHook] com.netflix.discovery.DiscoveryClient    : Completed shut down of DiscoveryClient
2026-03-05T09:17:59.633+05:30  INFO 31356 --- [client-service] [main] c.w.client.ClientServiceApplication      : Starting ClientServiceApplication using Java 25 with PID 31356 (C:\Users\2463693\OneDrive - Cognizant\Desktop\Final\Wealth-Wise-Management-Portfoilio-Advisory-System\Backend\client-service\client-service\target\classes started by 2463693 in C:\Users\2463693\OneDrive - Cognizant\Desktop\Final\Wealth-Wise-Management-Portfoilio-Advisory-System\Backend\client-service\client-service)
2026-03-05T09:17:59.637+05:30  INFO 31356 --- [client-service] [main] c.w.client.ClientServiceApplication      : No active profile set, falling back to 1 default profile: "default"
2026-03-05T09:18:01.225+05:30  INFO 31356 --- [client-service] [main] .s.d.r.c.RepositoryConfigurationDelegate : Bootstrapping Spring Data JPA repositories in DEFAULT mode.
2026-03-05T09:18:01.502+05:30  INFO 31356 --- [client-service] [main] .s.d.r.c.RepositoryConfigurationDelegate : Finished Spring Data repository scanning in 244 ms. Found 1 JPA repository interface.
2026-03-05T09:18:01.872+05:30  INFO 31356 --- [client-service] [main] o.s.cloud.context.scope.GenericScope     : BeanFactory id=ec5c0d43-0339-3e3a-a9ea-0dfc89d70fb0
2026-03-05T09:18:02.677+05:30  INFO 31356 --- [client-service] [main] o.s.boot.tomcat.TomcatWebServer          : Tomcat initialized with port 8081 (http)
2026-03-05T09:18:02.705+05:30  INFO 31356 --- [client-service] [main] o.apache.catalina.core.StandardService   : Starting service [Tomcat]
2026-03-05T09:18:02.706+05:30  INFO 31356 --- [client-service] [main] o.apache.catalina.core.StandardEngine    : Starting Servlet engine: [Apache Tomcat/11.0.15]
2026-03-05T09:18:02.912+05:30  INFO 31356 --- [client-service] [main] b.w.c.s.WebApplicationContextInitializer : Root WebApplicationContext: initialization completed in 3197 ms
2026-03-05T09:18:03.295+05:30  INFO 31356 --- [client-service] [main] org.hibernate.orm.jpa                    : HHH008540: Processing PersistenceUnitInfo [name: default]
2026-03-05T09:18:03.436+05:30  INFO 31356 --- [client-service] [main] org.hibernate.orm.core                   : HHH000001: Hibernate ORM core version 7.2.1.Final
2026-03-05T09:18:04.446+05:30  INFO 31356 --- [client-service] [main] o.s.o.j.p.SpringPersistenceUnitInfo      : No LoadTimeWeaver setup: ignoring JPA class transformer
2026-03-05T09:18:04.495+05:30  INFO 31356 --- [client-service] [main] com.zaxxer.hikari.HikariDataSource       : HikariPool-1 - Starting...
2026-03-05T09:18:05.160+05:30  INFO 31356 --- [client-service] [main] com.zaxxer.hikari.pool.HikariPool        : HikariPool-1 - Added connection com.mysql.cj.jdbc.ConnectionImpl@60e80279
2026-03-05T09:18:05.163+05:30  INFO 31356 --- [client-service] [main] com.zaxxer.hikari.HikariDataSource       : HikariPool-1 - Start completed.
2026-03-05T09:18:05.418+05:30  INFO 31356 --- [client-service] [main] org.hibernate.orm.connections.pooling    : HHH10001005: Database info:
	Database JDBC URL [jdbc:mysql://localhost:3306/finance_db]
	Database driver: MySQL Connector/J
	Database dialect: MySQLDialect
	Database version: 8.0.44
	Default catalog/schema: finance_db/undefined
	Autocommit mode: undefined/unknown
	Isolation level: REPEATABLE_READ [default REPEATABLE_READ]
	JDBC fetch size: none
	Pool: DataSourceConnectionProvider
	Minimum pool size: undefined/unknown
	Maximum pool size: undefined/unknown
2026-03-05T09:18:07.247+05:30  INFO 31356 --- [client-service] [main] org.hibernate.orm.core                   : HHH000489: No JTA platform available (set 'hibernate.transaction.jta.platform' to enable JTA platform integration)
2026-03-05T09:18:07.396+05:30  INFO 31356 --- [client-service] [main] j.LocalContainerEntityManagerFactoryBean : Initialized JPA EntityManagerFactory for persistence unit 'default'
2026-03-05T09:18:07.529+05:30  INFO 31356 --- [client-service] [main] o.s.d.j.r.query.QueryEnhancerFactories   : Hibernate is in classpath; If applicable, HQL parser will be used.
2026-03-05T09:18:07.905+05:30  WARN 31356 --- [client-service] [main] JpaBaseConfiguration$JpaWebConfiguration : spring.jpa.open-in-view is enabled by default. Therefore, database queries may be performed during view rendering. Explicitly configure spring.jpa.open-in-view to disable this warning
2026-03-05T09:18:08.725+05:30  INFO 31356 --- [client-service] [main] DiscoveryClientOptionalArgsConfiguration : Eureka HTTP Client uses RestClient.
2026-03-05T09:18:08.791+05:30  WARN 31356 --- [client-service] [main] iguration$LoadBalancerCaffeineWarnLogger : Spring Cloud LoadBalancer is currently working with the default cache. While this cache implementation is useful for development and tests, it's recommended to use Caffeine cache in production.You can switch to using Caffeine cache, by adding it and org.springframework.cache.caffeine.CaffeineCacheManager to the classpath.
2026-03-05T09:18:08.825+05:30  INFO 31356 --- [client-service] [main] o.s.c.n.eureka.InstanceInfoFactory       : Setting initial instance status as: STARTING
2026-03-05T09:18:08.851+05:30  INFO 31356 --- [client-service] [main] com.netflix.discovery.DiscoveryClient    : Initializing Eureka in region us-east-1
2026-03-05T09:18:08.855+05:30  INFO 31356 --- [client-service] [main] c.n.d.s.r.aws.ConfigClusterResolver      : Resolving eureka endpoints via configuration
2026-03-05T09:18:08.863+05:30  INFO 31356 --- [client-service] [main] com.netflix.discovery.DiscoveryClient    : Disable delta property : false
2026-03-05T09:18:08.863+05:30  INFO 31356 --- [client-service] [main] com.netflix.discovery.DiscoveryClient    : Single vip registry refresh property : null
2026-03-05T09:18:08.863+05:30  INFO 31356 --- [client-service] [main] com.netflix.discovery.DiscoveryClient    : Force full registry fetch : false
2026-03-05T09:18:08.863+05:30  INFO 31356 --- [client-service] [main] com.netflix.discovery.DiscoveryClient    : Application is null : false
2026-03-05T09:18:08.864+05:30  INFO 31356 --- [client-service] [main] com.netflix.discovery.DiscoveryClient    : Registered Applications size is zero : true
2026-03-05T09:18:08.864+05:30  INFO 31356 --- [client-service] [main] com.netflix.discovery.DiscoveryClient    : Application version is -1: true
2026-03-05T09:18:08.864+05:30  INFO 31356 --- [client-service] [main] com.netflix.discovery.DiscoveryClient    : Getting all instance registry info from the eureka server
2026-03-05T09:18:09.442+05:30  INFO 31356 --- [client-service] [main] com.netflix.discovery.DiscoveryClient    : The response status is 200
2026-03-05T09:18:09.449+05:30  INFO 31356 --- [client-service] [main] com.netflix.discovery.DiscoveryClient    : Starting heartbeat executor: renew interval is: 30
2026-03-05T09:18:09.457+05:30  INFO 31356 --- [client-service] [main] c.n.discovery.InstanceInfoReplicator     : InstanceInfoReplicator onDemand update allowed rate per min is 4
2026-03-05T09:18:09.462+05:30  INFO 31356 --- [client-service] [main] com.netflix.discovery.DiscoveryClient    : Discovery Client initialized at timestamp 1772682489460 with initial instances count: 5
2026-03-05T09:18:09.469+05:30  INFO 31356 --- [client-service] [main] o.s.c.n.e.s.EurekaServiceRegistry        : Registering application CLIENT-SERVICE with eureka with status UP
2026-03-05T09:18:09.473+05:30  INFO 31356 --- [client-service] [main] com.netflix.discovery.DiscoveryClient    : Saw local status change event StatusChangeEvent [timestamp=1772682489473, current=UP, previous=STARTING]
2026-03-05T09:18:09.476+05:30  INFO 31356 --- [client-service] [DiscoveryClient-InstanceInfoReplicator-%d] com.netflix.discovery.DiscoveryClient    : DiscoveryClient_CLIENT-SERVICE/LTIN656497.cts.com:client-service:8081: registering service...
2026-03-05T09:18:09.521+05:30  INFO 31356 --- [client-service] [main] o.s.boot.tomcat.TomcatWebServer          : Tomcat started on port 8081 (http) with context path '/'
2026-03-05T09:18:09.523+05:30  INFO 31356 --- [client-service] [main] .s.c.n.e.s.EurekaAutoServiceRegistration : Updating port to 8081
2026-03-05T09:18:09.544+05:30  INFO 31356 --- [client-service] [main] c.w.client.ClientServiceApplication      : Started ClientServiceApplication in 10.854 seconds (process running for 12.388)
2026-03-05T09:18:09.560+05:30  INFO 31356 --- [client-service] [DiscoveryClient-InstanceInfoReplicator-%d] com.netflix.discovery.DiscoveryClient    : DiscoveryClient_CLIENT-SERVICE/LTIN656497.cts.com:client-service:8081 - registration status: 204
2026-03-05T09:20:24.603+05:30  INFO 31356 --- [client-service] [http-nio-8081-exec-1] o.a.c.c.C.[Tomcat].[localhost].[/]       : Initializing Spring DispatcherServlet 'dispatcherServlet'
2026-03-05T09:20:24.605+05:30  INFO 31356 --- [client-service] [http-nio-8081-exec-1] o.s.web.servlet.DispatcherServlet        : Initializing Servlet 'dispatcherServlet'
2026-03-05T09:20:24.607+05:30  INFO 31356 --- [client-service] [http-nio-8081-exec-1] o.s.web.servlet.DispatcherServlet        : Completed initialization in 2 ms
2026-03-05T09:20:24.836+05:30  INFO 31356 --- [client-service] [http-nio-8081-exec-1] c.w.client.controller.ClientController   : API Request: GET /api/clients from Advisor ID: 11
2026-03-05T09:20:25.995+05:30 DEBUG 31356 --- [client-service] [http-nio-8081-exec-1] org.hibernate.SQL                        : select c1_0.client_id,c1_0.address,c1_0.advisor_id,c1_0.created_date,c1_0.date_of_birth,c1_0.email_address,c1_0.employer,c1_0.full_name,c1_0.investment_amount,c1_0.investment_goal,c1_0.investment_horizon,c1_0.kyc_document_ref,c1_0.kyc_status,c1_0.liquidity_needs,c1_0.occupation,c1_0.phone_number,c1_0.risk_profile from client c1_0 where c1_0.advisor_id=?
2026-03-05T09:21:03.260+05:30  INFO 31356 --- [client-service] [http-nio-8081-exec-2] c.w.client.controller.ClientController   : API Request: GET /api/clients from Advisor ID: 11
2026-03-05T09:21:03.264+05:30 DEBUG 31356 --- [client-service] [http-nio-8081-exec-2] org.hibernate.SQL                        : select c1_0.client_id,c1_0.address,c1_0.advisor_id,c1_0.created_date,c1_0.date_of_birth,c1_0.email_address,c1_0.employer,c1_0.full_name,c1_0.investment_amount,c1_0.investment_goal,c1_0.investment_horizon,c1_0.kyc_document_ref,c1_0.kyc_status,c1_0.liquidity_needs,c1_0.occupation,c1_0.phone_number,c1_0.risk_profile from client c1_0 where c1_0.advisor_id=?
2026-03-05T09:22:07.262+05:30  INFO 31356 --- [client-service] [http-nio-8081-exec-4] c.w.client.controller.ClientController   : API Request: GET /api/clients from Advisor ID: 11
2026-03-05T09:22:07.263+05:30 DEBUG 31356 --- [client-service] [http-nio-8081-exec-4] org.hibernate.SQL                        : select c1_0.client_id,c1_0.address,c1_0.advisor_id,c1_0.created_date,c1_0.date_of_birth,c1_0.email_address,c1_0.employer,c1_0.full_name,c1_0.investment_amount,c1_0.investment_goal,c1_0.investment_horizon,c1_0.kyc_document_ref,c1_0.kyc_status,c1_0.liquidity_needs,c1_0.occupation,c1_0.phone_number,c1_0.risk_profile from client c1_0 where c1_0.advisor_id=?
2026-03-05T09:23:08.867+05:30  INFO 31356 --- [client-service] [AsyncResolver-bootstrap-executor-%d] c.n.d.s.r.aws.ConfigClusterResolver      : Resolving eureka endpoints via configuration
2026-03-05T09:23:49.223+05:30  INFO 31356 --- [client-service] [SpringApplicationShutdownHook] o.s.c.n.e.s.EurekaServiceRegistry        : Unregistering application CLIENT-SERVICE with eureka with status DOWN
2026-03-05T09:23:49.223+05:30  INFO 31356 --- [client-service] [SpringApplicationShutdownHook] com.netflix.discovery.DiscoveryClient    : Saw local status change event StatusChangeEvent [timestamp=1772682829223, current=DOWN, previous=UP]
2026-03-05T09:23:49.224+05:30  INFO 31356 --- [client-service] [DiscoveryClient-InstanceInfoReplicator-%d] com.netflix.discovery.DiscoveryClient    : DiscoveryClient_CLIENT-SERVICE/LTIN656497.cts.com:client-service:8081: registering service...
2026-03-05T09:23:49.230+05:30  INFO 31356 --- [client-service] [SpringApplicationShutdownHook] o.s.boot.tomcat.GracefulShutdown         : Commencing graceful shutdown. Waiting for active requests to complete
2026-03-05T09:23:49.233+05:30  INFO 31356 --- [client-service] [DiscoveryClient-InstanceInfoReplicator-%d] com.netflix.discovery.DiscoveryClient    : DiscoveryClient_CLIENT-SERVICE/LTIN656497.cts.com:client-service:8081 - registration status: 204
2026-03-05T09:23:49.247+05:30  INFO 31356 --- [client-service] [tomcat-shutdown] o.s.boot.tomcat.GracefulShutdown         : Graceful shutdown complete
2026-03-05T09:23:49.257+05:30  INFO 31356 --- [client-service] [SpringApplicationShutdownHook] j.LocalContainerEntityManagerFactoryBean : Closing JPA EntityManagerFactory for persistence unit 'default'
2026-03-05T09:23:49.261+05:30  INFO 31356 --- [client-service] [SpringApplicationShutdownHook] com.zaxxer.hikari.HikariDataSource       : HikariPool-1 - Shutdown initiated...
2026-03-05T09:23:49.282+05:30  INFO 31356 --- [client-service] [SpringApplicationShutdownHook] com.zaxxer.hikari.HikariDataSource       : HikariPool-1 - Shutdown completed.
2026-03-05T09:23:49.284+05:30  INFO 31356 --- [client-service] [SpringApplicationShutdownHook] com.netflix.discovery.DiscoveryClient    : Shutting down DiscoveryClient ...
2026-03-05T09:23:52.286+05:30  INFO 31356 --- [client-service] [SpringApplicationShutdownHook] com.netflix.discovery.DiscoveryClient    : Unregistering ...
2026-03-05T09:23:52.294+05:30  INFO 31356 --- [client-service] [SpringApplicationShutdownHook] com.netflix.discovery.DiscoveryClient    : DiscoveryClient_CLIENT-SERVICE/LTIN656497.cts.com:client-service:8081 - deregister  status: 200
2026-03-05T09:23:52.294+05:30  INFO 31356 --- [client-service] [SpringApplicationShutdownHook] com.netflix.discovery.DiscoveryClient    : Completed shut down of DiscoveryClient
2026-03-05T09:26:40.272+05:30  INFO 39664 --- [client-service] [main] c.w.client.ClientServiceApplication      : Starting ClientServiceApplication using Java 25 with PID 39664 (C:\Users\2463693\OneDrive - Cognizant\Desktop\Final\Wealth-Wise-Management-Portfoilio-Advisory-System\Backend\client-service\client-service\target\classes started by 2463693 in C:\Users\2463693\OneDrive - Cognizant\Desktop\Final\Wealth-Wise-Management-Portfoilio-Advisory-System\Backend\client-service\client-service)
2026-03-05T09:26:40.278+05:30  INFO 39664 --- [client-service] [main] c.w.client.ClientServiceApplication      : No active profile set, falling back to 1 default profile: "default"
2026-03-05T09:26:42.097+05:30  INFO 39664 --- [client-service] [main] .s.d.r.c.RepositoryConfigurationDelegate : Bootstrapping Spring Data JPA repositories in DEFAULT mode.
2026-03-05T09:26:42.428+05:30  INFO 39664 --- [client-service] [main] .s.d.r.c.RepositoryConfigurationDelegate : Finished Spring Data repository scanning in 306 ms. Found 1 JPA repository interface.
2026-03-05T09:26:42.815+05:30  INFO 39664 --- [client-service] [main] o.s.cloud.context.scope.GenericScope     : BeanFactory id=ec5c0d43-0339-3e3a-a9ea-0dfc89d70fb0
2026-03-05T09:26:43.744+05:30  INFO 39664 --- [client-service] [main] o.s.boot.tomcat.TomcatWebServer          : Tomcat initialized with port 8081 (http)
2026-03-05T09:26:43.772+05:30  INFO 39664 --- [client-service] [main] o.apache.catalina.core.StandardService   : Starting service [Tomcat]
2026-03-05T09:26:43.773+05:30  INFO 39664 --- [client-service] [main] o.apache.catalina.core.StandardEngine    : Starting Servlet engine: [Apache Tomcat/11.0.15]
2026-03-05T09:26:43.966+05:30  INFO 39664 --- [client-service] [main] b.w.c.s.WebApplicationContextInitializer : Root WebApplicationContext: initialization completed in 3577 ms
2026-03-05T09:26:44.339+05:30  INFO 39664 --- [client-service] [main] org.hibernate.orm.jpa                    : HHH008540: Processing PersistenceUnitInfo [name: default]
2026-03-05T09:26:44.507+05:30  INFO 39664 --- [client-service] [main] org.hibernate.orm.core                   : HHH000001: Hibernate ORM core version 7.2.1.Final
2026-03-05T09:26:45.587+05:30  INFO 39664 --- [client-service] [main] o.s.o.j.p.SpringPersistenceUnitInfo      : No LoadTimeWeaver setup: ignoring JPA class transformer
2026-03-05T09:26:45.642+05:30  INFO 39664 --- [client-service] [main] com.zaxxer.hikari.HikariDataSource       : HikariPool-1 - Starting...
2026-03-05T09:26:46.217+05:30  INFO 39664 --- [client-service] [main] com.zaxxer.hikari.pool.HikariPool        : HikariPool-1 - Added connection com.mysql.cj.jdbc.ConnectionImpl@60e80279
2026-03-05T09:26:46.224+05:30  INFO 39664 --- [client-service] [main] com.zaxxer.hikari.HikariDataSource       : HikariPool-1 - Start completed.
2026-03-05T09:26:46.413+05:30  INFO 39664 --- [client-service] [main] org.hibernate.orm.connections.pooling    : HHH10001005: Database info:
	Database JDBC URL [jdbc:mysql://localhost:3306/finance_db]
	Database driver: MySQL Connector/J
	Database dialect: MySQLDialect
	Database version: 8.0.44
	Default catalog/schema: finance_db/undefined
	Autocommit mode: undefined/unknown
	Isolation level: REPEATABLE_READ [default REPEATABLE_READ]
	JDBC fetch size: none
	Pool: DataSourceConnectionProvider
	Minimum pool size: undefined/unknown
	Maximum pool size: undefined/unknown
2026-03-05T09:26:48.157+05:30  INFO 39664 --- [client-service] [main] org.hibernate.orm.core                   : HHH000489: No JTA platform available (set 'hibernate.transaction.jta.platform' to enable JTA platform integration)
2026-03-05T09:26:48.267+05:30  INFO 39664 --- [client-service] [main] j.LocalContainerEntityManagerFactoryBean : Initialized JPA EntityManagerFactory for persistence unit 'default'
2026-03-05T09:26:48.467+05:30  INFO 39664 --- [client-service] [main] o.s.d.j.r.query.QueryEnhancerFactories   : Hibernate is in classpath; If applicable, HQL parser will be used.
2026-03-05T09:26:48.925+05:30  WARN 39664 --- [client-service] [main] JpaBaseConfiguration$JpaWebConfiguration : spring.jpa.open-in-view is enabled by default. Therefore, database queries may be performed during view rendering. Explicitly configure spring.jpa.open-in-view to disable this warning
2026-03-05T09:26:49.883+05:30  INFO 39664 --- [client-service] [main] DiscoveryClientOptionalArgsConfiguration : Eureka HTTP Client uses RestClient.
2026-03-05T09:26:49.987+05:30  WARN 39664 --- [client-service] [main] iguration$LoadBalancerCaffeineWarnLogger : Spring Cloud LoadBalancer is currently working with the default cache. While this cache implementation is useful for development and tests, it's recommended to use Caffeine cache in production.You can switch to using Caffeine cache, by adding it and org.springframework.cache.caffeine.CaffeineCacheManager to the classpath.
2026-03-05T09:26:50.044+05:30  INFO 39664 --- [client-service] [main] o.s.c.n.eureka.InstanceInfoFactory       : Setting initial instance status as: STARTING
2026-03-05T09:26:50.086+05:30  INFO 39664 --- [client-service] [main] com.netflix.discovery.DiscoveryClient    : Initializing Eureka in region us-east-1
2026-03-05T09:26:50.096+05:30  INFO 39664 --- [client-service] [main] c.n.d.s.r.aws.ConfigClusterResolver      : Resolving eureka endpoints via configuration
2026-03-05T09:26:50.117+05:30  INFO 39664 --- [client-service] [main] com.netflix.discovery.DiscoveryClient    : Disable delta property : false
2026-03-05T09:26:50.118+05:30  INFO 39664 --- [client-service] [main] com.netflix.discovery.DiscoveryClient    : Single vip registry refresh property : null
2026-03-05T09:26:50.120+05:30  INFO 39664 --- [client-service] [main] com.netflix.discovery.DiscoveryClient    : Force full registry fetch : false
2026-03-05T09:26:50.120+05:30  INFO 39664 --- [client-service] [main] com.netflix.discovery.DiscoveryClient    : Application is null : false
2026-03-05T09:26:50.120+05:30  INFO 39664 --- [client-service] [main] com.netflix.discovery.DiscoveryClient    : Registered Applications size is zero : true
2026-03-05T09:26:50.120+05:30  INFO 39664 --- [client-service] [main] com.netflix.discovery.DiscoveryClient    : Application version is -1: true
2026-03-05T09:26:50.120+05:30  INFO 39664 --- [client-service] [main] com.netflix.discovery.DiscoveryClient    : Getting all instance registry info from the eureka server
2026-03-05T09:26:50.737+05:30  INFO 39664 --- [client-service] [main] com.netflix.discovery.DiscoveryClient    : The response status is 200
2026-03-05T09:26:50.740+05:30  INFO 39664 --- [client-service] [main] com.netflix.discovery.DiscoveryClient    : Starting heartbeat executor: renew interval is: 30
2026-03-05T09:26:50.743+05:30  INFO 39664 --- [client-service] [main] c.n.discovery.InstanceInfoReplicator     : InstanceInfoReplicator onDemand update allowed rate per min is 4
2026-03-05T09:26:50.746+05:30  INFO 39664 --- [client-service] [main] com.netflix.discovery.DiscoveryClient    : Discovery Client initialized at timestamp 1772683010744 with initial instances count: 5
2026-03-05T09:26:50.750+05:30  INFO 39664 --- [client-service] [main] o.s.c.n.e.s.EurekaServiceRegistry        : Registering application CLIENT-SERVICE with eureka with status UP
2026-03-05T09:26:50.751+05:30  INFO 39664 --- [client-service] [main] com.netflix.discovery.DiscoveryClient    : Saw local status change event StatusChangeEvent [timestamp=1772683010751, current=UP, previous=STARTING]
2026-03-05T09:26:50.754+05:30  INFO 39664 --- [client-service] [DiscoveryClient-InstanceInfoReplicator-%d] com.netflix.discovery.DiscoveryClient    : DiscoveryClient_CLIENT-SERVICE/LTIN656497.cts.com:client-service:8081: registering service...
2026-03-05T09:26:50.784+05:30  INFO 39664 --- [client-service] [main] o.s.boot.tomcat.TomcatWebServer          : Tomcat started on port 8081 (http) with context path '/'
2026-03-05T09:26:50.785+05:30  INFO 39664 --- [client-service] [main] .s.c.n.e.s.EurekaAutoServiceRegistration : Updating port to 8081
2026-03-05T09:26:50.802+05:30  INFO 39664 --- [client-service] [main] c.w.client.ClientServiceApplication      : Started ClientServiceApplication in 11.677 seconds (process running for 13.151)
2026-03-05T09:26:50.817+05:30  INFO 39664 --- [client-service] [DiscoveryClient-InstanceInfoReplicator-%d] com.netflix.discovery.DiscoveryClient    : DiscoveryClient_CLIENT-SERVICE/LTIN656497.cts.com:client-service:8081 - registration status: 204
2026-03-05T09:28:44.921+05:30  INFO 39664 --- [client-service] [http-nio-8081-exec-1] o.a.c.c.C.[Tomcat].[localhost].[/]       : Initializing Spring DispatcherServlet 'dispatcherServlet'
2026-03-05T09:28:44.922+05:30  INFO 39664 --- [client-service] [http-nio-8081-exec-1] o.s.web.servlet.DispatcherServlet        : Initializing Servlet 'dispatcherServlet'
2026-03-05T09:28:44.925+05:30  INFO 39664 --- [client-service] [http-nio-8081-exec-1] o.s.web.servlet.DispatcherServlet        : Completed initialization in 1 ms
2026-03-05T09:28:45.095+05:30  INFO 39664 --- [client-service] [http-nio-8081-exec-1] c.w.client.controller.ClientController   : API Request: GET /api/clients from Advisor ID: 11
2026-03-05T09:28:45.982+05:30 DEBUG 39664 --- [client-service] [http-nio-8081-exec-1] org.hibernate.SQL                        : select c1_0.client_id,c1_0.address,c1_0.advisor_id,c1_0.created_date,c1_0.date_of_birth,c1_0.email_address,c1_0.employer,c1_0.full_name,c1_0.investment_amount,c1_0.investment_goal,c1_0.investment_horizon,c1_0.kyc_document_ref,c1_0.kyc_status,c1_0.liquidity_needs,c1_0.occupation,c1_0.phone_number,c1_0.risk_profile from client c1_0 where c1_0.advisor_id=?
2026-03-05T09:28:46.787+05:30  INFO 39664 --- [client-service] [http-nio-8081-exec-2] c.w.client.controller.ClientController   : API Request: GET /api/clients/29 from Advisor ID: 11
2026-03-05T09:28:46.813+05:30 DEBUG 39664 --- [client-service] [http-nio-8081-exec-2] org.hibernate.SQL                        : select c1_0.client_id,c1_0.address,c1_0.advisor_id,c1_0.created_date,c1_0.date_of_birth,c1_0.email_address,c1_0.employer,c1_0.full_name,c1_0.investment_amount,c1_0.investment_goal,c1_0.investment_horizon,c1_0.kyc_document_ref,c1_0.kyc_status,c1_0.liquidity_needs,c1_0.occupation,c1_0.phone_number,c1_0.risk_profile from client c1_0 where c1_0.client_id=? and c1_0.advisor_id=?
2026-03-05T09:29:54.542+05:30  INFO 39664 --- [client-service] [http-nio-8081-exec-9] c.w.client.controller.ClientController   : API Request: POST /api/clients from Advisor ID: 11
2026-03-05T09:29:54.542+05:30  INFO 39664 --- [client-service] [http-nio-8081-exec-9] c.wealth.client.service.ClientService    : Attempting to onboard client: jagadesh for Advisor ID: 11
2026-03-05T09:29:54.554+05:30 DEBUG 39664 --- [client-service] [http-nio-8081-exec-9] org.hibernate.SQL                        : select c1_0.client_id from client c1_0 where c1_0.email_address=? limit ?
2026-03-05T09:29:54.615+05:30 DEBUG 39664 --- [client-service] [http-nio-8081-exec-9] org.hibernate.SQL                        : insert into client (address,advisor_id,created_date,date_of_birth,email_address,employer,full_name,investment_amount,investment_goal,investment_horizon,kyc_document_ref,kyc_status,liquidity_needs,occupation,phone_number,risk_profile) values (?,?,?,?,?,?,?,?,?,?,?,?,?,?,?,?)
2026-03-05T09:29:54.692+05:30  INFO 39664 --- [client-service] [http-nio-8081-exec-9] c.wealth.client.service.ClientService    : Client onboarded successfully. New Client ID: 32
2026-03-05T09:29:54.735+05:30  INFO 39664 --- [client-service] [http-nio-8081-exec-3] c.w.client.controller.ClientController   : API Request: GET /api/clients/32 from Advisor ID: 11
2026-03-05T09:29:54.737+05:30 DEBUG 39664 --- [client-service] [http-nio-8081-exec-3] org.hibernate.SQL                        : select c1_0.client_id,c1_0.address,c1_0.advisor_id,c1_0.created_date,c1_0.date_of_birth,c1_0.email_address,c1_0.employer,c1_0.full_name,c1_0.investment_amount,c1_0.investment_goal,c1_0.investment_horizon,c1_0.kyc_document_ref,c1_0.kyc_status,c1_0.liquidity_needs,c1_0.occupation,c1_0.phone_number,c1_0.risk_profile from client c1_0 where c1_0.client_id=? and c1_0.advisor_id=?
2026-03-05T09:29:55.137+05:30  INFO 39664 --- [client-service] [http-nio-8081-exec-7] c.w.client.controller.ClientController   : API Request: GET /api/clients/32 from Advisor ID: 11
2026-03-05T09:29:55.139+05:30 DEBUG 39664 --- [client-service] [http-nio-8081-exec-7] org.hibernate.SQL                        : select c1_0.client_id,c1_0.address,c1_0.advisor_id,c1_0.created_date,c1_0.date_of_birth,c1_0.email_address,c1_0.employer,c1_0.full_name,c1_0.investment_amount,c1_0.investment_goal,c1_0.investment_horizon,c1_0.kyc_document_ref,c1_0.kyc_status,c1_0.liquidity_needs,c1_0.occupation,c1_0.phone_number,c1_0.risk_profile from client c1_0 where c1_0.client_id=? and c1_0.advisor_id=?
2026-03-05T09:30:04.043+05:30  INFO 39664 --- [client-service] [http-nio-8081-exec-8] c.w.client.controller.ClientController   : API Request: GET /api/clients/29 from Advisor ID: 11
2026-03-05T09:30:04.043+05:30 DEBUG 39664 --- [client-service] [http-nio-8081-exec-8] org.hibernate.SQL                        : select c1_0.client_id,c1_0.address,c1_0.advisor_id,c1_0.created_date,c1_0.date_of_birth,c1_0.email_address,c1_0.employer,c1_0.full_name,c1_0.investment_amount,c1_0.investment_goal,c1_0.investment_horizon,c1_0.kyc_document_ref,c1_0.kyc_status,c1_0.liquidity_needs,c1_0.occupation,c1_0.phone_number,c1_0.risk_profile from client c1_0 where c1_0.client_id=? and c1_0.advisor_id=?
2026-03-05T09:30:11.964+05:30  INFO 39664 --- [client-service] [http-nio-8081-exec-5] c.w.client.controller.ClientController   : API Request: GET /api/clients/32 from Advisor ID: 11
2026-03-05T09:30:11.964+05:30 DEBUG 39664 --- [client-service] [http-nio-8081-exec-5] org.hibernate.SQL                        : select c1_0.client_id,c1_0.address,c1_0.advisor_id,c1_0.created_date,c1_0.date_of_birth,c1_0.email_address,c1_0.employer,c1_0.full_name,c1_0.investment_amount,c1_0.investment_goal,c1_0.investment_horizon,c1_0.kyc_document_ref,c1_0.kyc_status,c1_0.liquidity_needs,c1_0.occupation,c1_0.phone_number,c1_0.risk_profile from client c1_0 where c1_0.client_id=? and c1_0.advisor_id=?
2026-03-05T09:30:57.897+05:30  INFO 39664 --- [client-service] [http-nio-8081-exec-2] c.w.client.controller.ClientController   : API Request: GET /api/clients/29 from Advisor ID: 11
2026-03-05T09:30:57.900+05:30 DEBUG 39664 --- [client-service] [http-nio-8081-exec-2] org.hibernate.SQL                        : select c1_0.client_id,c1_0.address,c1_0.advisor_id,c1_0.created_date,c1_0.date_of_birth,c1_0.email_address,c1_0.employer,c1_0.full_name,c1_0.investment_amount,c1_0.investment_goal,c1_0.investment_horizon,c1_0.kyc_document_ref,c1_0.kyc_status,c1_0.liquidity_needs,c1_0.occupation,c1_0.phone_number,c1_0.risk_profile from client c1_0 where c1_0.client_id=? and c1_0.advisor_id=?
2026-03-05T09:31:08.951+05:30  INFO 39664 --- [client-service] [http-nio-8081-exec-6] c.w.client.controller.ClientController   : API Request: GET /api/clients/32 from Advisor ID: 11
2026-03-05T09:31:08.951+05:30 DEBUG 39664 --- [client-service] [http-nio-8081-exec-6] org.hibernate.SQL                        : select c1_0.client_id,c1_0.address,c1_0.advisor_id,c1_0.created_date,c1_0.date_of_birth,c1_0.email_address,c1_0.employer,c1_0.full_name,c1_0.investment_amount,c1_0.investment_goal,c1_0.investment_horizon,c1_0.kyc_document_ref,c1_0.kyc_status,c1_0.liquidity_needs,c1_0.occupation,c1_0.phone_number,c1_0.risk_profile from client c1_0 where c1_0.client_id=? and c1_0.advisor_id=?
2026-03-05T09:31:13.112+05:30  INFO 39664 --- [client-service] [http-nio-8081-exec-4] c.w.client.controller.ClientController   : API Request: GET /api/clients/29 from Advisor ID: 11
2026-03-05T09:31:13.112+05:30 DEBUG 39664 --- [client-service] [http-nio-8081-exec-4] org.hibernate.SQL                        : select c1_0.client_id,c1_0.address,c1_0.advisor_id,c1_0.created_date,c1_0.date_of_birth,c1_0.email_address,c1_0.employer,c1_0.full_name,c1_0.investment_amount,c1_0.investment_goal,c1_0.investment_horizon,c1_0.kyc_document_ref,c1_0.kyc_status,c1_0.liquidity_needs,c1_0.occupation,c1_0.phone_number,c1_0.risk_profile from client c1_0 where c1_0.client_id=? and c1_0.advisor_id=?
2026-03-05T09:31:50.134+05:30  INFO 39664 --- [client-service] [AsyncResolver-bootstrap-executor-%d] c.n.d.s.r.aws.ConfigClusterResolver      : Resolving eureka endpoints via configuration
2026-03-05T09:35:28.605+05:30  INFO 39664 --- [client-service] [http-nio-8081-exec-3] c.w.client.controller.ClientController   : API Request: GET /api/clients/29/kyc-document from Advisor ID: 11
2026-03-05T09:35:28.607+05:30 DEBUG 39664 --- [client-service] [http-nio-8081-exec-3] org.hibernate.SQL                        : select c1_0.client_id,c1_0.address,c1_0.advisor_id,c1_0.created_date,c1_0.date_of_birth,c1_0.email_address,c1_0.employer,c1_0.full_name,c1_0.investment_amount,c1_0.investment_goal,c1_0.investment_horizon,c1_0.kyc_document_ref,c1_0.kyc_status,c1_0.liquidity_needs,c1_0.occupation,c1_0.phone_number,c1_0.risk_profile from client c1_0 where c1_0.client_id=? and c1_0.advisor_id=?
2026-03-05T09:35:32.791+05:30  INFO 39664 --- [client-service] [http-nio-8081-exec-7] c.w.client.controller.ClientController   : API Request: GET /api/clients from Advisor ID: 11
2026-03-05T09:35:32.793+05:30 DEBUG 39664 --- [client-service] [http-nio-8081-exec-7] org.hibernate.SQL                        : select c1_0.client_id,c1_0.address,c1_0.advisor_id,c1_0.created_date,c1_0.date_of_birth,c1_0.email_address,c1_0.employer,c1_0.full_name,c1_0.investment_amount,c1_0.investment_goal,c1_0.investment_horizon,c1_0.kyc_document_ref,c1_0.kyc_status,c1_0.liquidity_needs,c1_0.occupation,c1_0.phone_number,c1_0.risk_profile from client c1_0 where c1_0.advisor_id=?
2026-03-05T09:36:41.227+05:30  INFO 39664 --- [client-service] [http-nio-8081-exec-5] c.w.client.controller.ClientController   : API Request: POST /api/clients from Advisor ID: 11
2026-03-05T09:36:41.227+05:30  INFO 39664 --- [client-service] [http-nio-8081-exec-5] c.wealth.client.service.ClientService    : Attempting to onboard client: veer for Advisor ID: 11
2026-03-05T09:36:41.227+05:30 DEBUG 39664 --- [client-service] [http-nio-8081-exec-5] org.hibernate.SQL                        : select c1_0.client_id from client c1_0 where c1_0.email_address=? limit ?
2026-03-05T09:36:41.229+05:30 DEBUG 39664 --- [client-service] [http-nio-8081-exec-5] org.hibernate.SQL                        : insert into client (address,advisor_id,created_date,date_of_birth,email_address,employer,full_name,investment_amount,investment_goal,investment_horizon,kyc_document_ref,kyc_status,liquidity_needs,occupation,phone_number,risk_profile) values (?,?,?,?,?,?,?,?,?,?,?,?,?,?,?,?)
2026-03-05T09:36:41.242+05:30  INFO 39664 --- [client-service] [http-nio-8081-exec-5] c.wealth.client.service.ClientService    : Client onboarded successfully. New Client ID: 33
2026-03-05T09:36:50.137+05:30  INFO 39664 --- [client-service] [AsyncResolver-bootstrap-executor-%d] c.n.d.s.r.aws.ConfigClusterResolver      : Resolving eureka endpoints via configuration
2026-03-05T09:36:54.297+05:30  INFO 39664 --- [client-service] [http-nio-8081-exec-1] c.w.client.controller.ClientController   : API Request: GET /api/clients/33 from Advisor ID: 11
2026-03-05T09:36:54.297+05:30 DEBUG 39664 --- [client-service] [http-nio-8081-exec-1] org.hibernate.SQL                        : select c1_0.client_id,c1_0.address,c1_0.advisor_id,c1_0.created_date,c1_0.date_of_birth,c1_0.email_address,c1_0.employer,c1_0.full_name,c1_0.investment_amount,c1_0.investment_goal,c1_0.investment_horizon,c1_0.kyc_document_ref,c1_0.kyc_status,c1_0.liquidity_needs,c1_0.occupation,c1_0.phone_number,c1_0.risk_profile from client c1_0 where c1_0.client_id=? and c1_0.advisor_id=?
2026-03-05T09:40:14.807+05:30  INFO 39664 --- [client-service] [http-nio-8081-exec-6] c.w.client.controller.ClientController   : API Request: GET /api/clients from Advisor ID: 11
2026-03-05T09:40:14.809+05:30 DEBUG 39664 --- [client-service] [http-nio-8081-exec-6] org.hibernate.SQL                        : select c1_0.client_id,c1_0.address,c1_0.advisor_id,c1_0.created_date,c1_0.date_of_birth,c1_0.email_address,c1_0.employer,c1_0.full_name,c1_0.investment_amount,c1_0.investment_goal,c1_0.investment_horizon,c1_0.kyc_document_ref,c1_0.kyc_status,c1_0.liquidity_needs,c1_0.occupation,c1_0.phone_number,c1_0.risk_profile from client c1_0 where c1_0.advisor_id=?
2026-03-05T09:41:50.143+05:30  INFO 39664 --- [client-service] [AsyncResolver-bootstrap-executor-%d] c.n.d.s.r.aws.ConfigClusterResolver      : Resolving eureka endpoints via configuration
2026-03-05T09:42:21.522+05:30  INFO 39664 --- [client-service] [http-nio-8081-exec-9] c.w.client.controller.ClientController   : API Request: POST /api/clients from Advisor ID: 11
2026-03-05T09:42:21.522+05:30  INFO 39664 --- [client-service] [http-nio-8081-exec-9] c.wealth.client.service.ClientService    : Attempting to onboard client: erus for Advisor ID: 11
2026-03-05T09:42:21.522+05:30 DEBUG 39664 --- [client-service] [http-nio-8081-exec-9] org.hibernate.SQL                        : select c1_0.client_id from client c1_0 where c1_0.email_address=? limit ?
2026-03-05T09:42:21.531+05:30 DEBUG 39664 --- [client-service] [http-nio-8081-exec-9] org.hibernate.SQL                        : insert into client (address,advisor_id,created_date,date_of_birth,email_address,employer,full_name,investment_amount,investment_goal,investment_horizon,kyc_document_ref,kyc_status,liquidity_needs,occupation,phone_number,risk_profile) values (?,?,?,?,?,?,?,?,?,?,?,?,?,?,?,?)
2026-03-05T09:42:21.543+05:30  INFO 39664 --- [client-service] [http-nio-8081-exec-9] c.wealth.client.service.ClientService    : Client onboarded successfully. New Client ID: 34
2026-03-05T09:42:21.610+05:30  INFO 39664 --- [client-service] [http-nio-8081-exec-3] c.w.client.controller.ClientController   : API Request: GET /api/clients/34 from Advisor ID: 11
2026-03-05T09:42:21.611+05:30 DEBUG 39664 --- [client-service] [http-nio-8081-exec-3] org.hibernate.SQL                        : select c1_0.client_id,c1_0.address,c1_0.advisor_id,c1_0.created_date,c1_0.date_of_birth,c1_0.email_address,c1_0.employer,c1_0.full_name,c1_0.investment_amount,c1_0.investment_goal,c1_0.investment_horizon,c1_0.kyc_document_ref,c1_0.kyc_status,c1_0.liquidity_needs,c1_0.occupation,c1_0.phone_number,c1_0.risk_profile from client c1_0 where c1_0.client_id=? and c1_0.advisor_id=?
2026-03-05T09:46:50.159+05:30  INFO 39664 --- [client-service] [AsyncResolver-bootstrap-executor-%d] c.n.d.s.r.aws.ConfigClusterResolver      : Resolving eureka endpoints via configuration
2026-03-05T09:47:44.662+05:30  INFO 39664 --- [client-service] [http-nio-8081-exec-5] c.w.client.controller.ClientController   : API Request: POST /api/clients from Advisor ID: 11
2026-03-05T09:47:44.662+05:30  INFO 39664 --- [client-service] [http-nio-8081-exec-5] c.wealth.client.service.ClientService    : Attempting to onboard client: ashmita for Advisor ID: 11
2026-03-05T09:47:44.664+05:30 DEBUG 39664 --- [client-service] [http-nio-8081-exec-5] org.hibernate.SQL                        : select c1_0.client_id from client c1_0 where c1_0.email_address=? limit ?
2026-03-05T09:47:44.664+05:30 DEBUG 39664 --- [client-service] [http-nio-8081-exec-5] org.hibernate.SQL                        : insert into client (address,advisor_id,created_date,date_of_birth,email_address,employer,full_name,investment_amount,investment_goal,investment_horizon,kyc_document_ref,kyc_status,liquidity_needs,occupation,phone_number,risk_profile) values (?,?,?,?,?,?,?,?,?,?,?,?,?,?,?,?)
2026-03-05T09:47:44.677+05:30  INFO 39664 --- [client-service] [http-nio-8081-exec-5] c.wealth.client.service.ClientService    : Client onboarded successfully. New Client ID: 35
2026-03-05T09:47:50.933+05:30  INFO 39664 --- [client-service] [http-nio-8081-exec-1] c.w.client.controller.ClientController   : API Request: GET /api/clients/35 from Advisor ID: 11
2026-03-05T09:47:50.934+05:30 DEBUG 39664 --- [client-service] [http-nio-8081-exec-1] org.hibernate.SQL                        : select c1_0.client_id,c1_0.address,c1_0.advisor_id,c1_0.created_date,c1_0.date_of_birth,c1_0.email_address,c1_0.employer,c1_0.full_name,c1_0.investment_amount,c1_0.investment_goal,c1_0.investment_horizon,c1_0.kyc_document_ref,c1_0.kyc_status,c1_0.liquidity_needs,c1_0.occupation,c1_0.phone_number,c1_0.risk_profile from client c1_0 where c1_0.client_id=? and c1_0.advisor_id=?
2026-03-05T09:51:50.177+05:30  INFO 39664 --- [client-service] [AsyncResolver-bootstrap-executor-%d] c.n.d.s.r.aws.ConfigClusterResolver      : Resolving eureka endpoints via configuration
2026-03-05T09:55:24.584+05:30  INFO 39664 --- [client-service] [http-nio-8081-exec-6] c.w.client.controller.ClientController   : API Request: GET /api/clients from Advisor ID: 3
2026-03-05T09:55:24.598+05:30 DEBUG 39664 --- [client-service] [http-nio-8081-exec-6] org.hibernate.SQL                        : select c1_0.client_id,c1_0.address,c1_0.advisor_id,c1_0.created_date,c1_0.date_of_birth,c1_0.email_address,c1_0.employer,c1_0.full_name,c1_0.investment_amount,c1_0.investment_goal,c1_0.investment_horizon,c1_0.kyc_document_ref,c1_0.kyc_status,c1_0.liquidity_needs,c1_0.occupation,c1_0.phone_number,c1_0.risk_profile from client c1_0 where c1_0.advisor_id=?
2026-03-05T09:55:24.831+05:30  INFO 39664 --- [client-service] [http-nio-8081-exec-4] c.w.client.controller.ClientController   : API Request: GET /api/clients/1 from Advisor ID: 3
2026-03-05T09:55:24.834+05:30 DEBUG 39664 --- [client-service] [http-nio-8081-exec-4] org.hibernate.SQL                        : select c1_0.client_id,c1_0.address,c1_0.advisor_id,c1_0.created_date,c1_0.date_of_birth,c1_0.email_address,c1_0.employer,c1_0.full_name,c1_0.investment_amount,c1_0.investment_goal,c1_0.investment_horizon,c1_0.kyc_document_ref,c1_0.kyc_status,c1_0.liquidity_needs,c1_0.occupation,c1_0.phone_number,c1_0.risk_profile from client c1_0 where c1_0.client_id=? and c1_0.advisor_id=?
2026-03-05T09:55:56.444+05:30  INFO 39664 --- [client-service] [http-nio-8081-exec-9] c.w.client.controller.ClientController   : API Request: GET /api/clients/2 from Advisor ID: 3
2026-03-05T09:55:56.449+05:30 DEBUG 39664 --- [client-service] [http-nio-8081-exec-9] org.hibernate.SQL                        : select c1_0.client_id,c1_0.address,c1_0.advisor_id,c1_0.created_date,c1_0.date_of_birth,c1_0.email_address,c1_0.employer,c1_0.full_name,c1_0.investment_amount,c1_0.investment_goal,c1_0.investment_horizon,c1_0.kyc_document_ref,c1_0.kyc_status,c1_0.liquidity_needs,c1_0.occupation,c1_0.phone_number,c1_0.risk_profile from client c1_0 where c1_0.client_id=? and c1_0.advisor_id=?
2026-03-05T09:56:36.726+05:30  INFO 39664 --- [client-service] [http-nio-8081-exec-7] c.w.client.controller.ClientController   : API Request: GET /api/clients/2 from Advisor ID: 3
2026-03-05T09:56:36.728+05:30 DEBUG 39664 --- [client-service] [http-nio-8081-exec-7] org.hibernate.SQL                        : select c1_0.client_id,c1_0.address,c1_0.advisor_id,c1_0.created_date,c1_0.date_of_birth,c1_0.email_address,c1_0.employer,c1_0.full_name,c1_0.investment_amount,c1_0.investment_goal,c1_0.investment_horizon,c1_0.kyc_document_ref,c1_0.kyc_status,c1_0.liquidity_needs,c1_0.occupation,c1_0.phone_number,c1_0.risk_profile from client c1_0 where c1_0.client_id=? and c1_0.advisor_id=?
2026-03-05T09:56:50.185+05:30  INFO 39664 --- [client-service] [AsyncResolver-bootstrap-executor-%d] c.n.d.s.r.aws.ConfigClusterResolver      : Resolving eureka endpoints via configuration
2026-03-05T09:56:55.449+05:30  INFO 39664 --- [client-service] [http-nio-8081-exec-8] c.w.client.controller.ClientController   : API Request: POST /api/clients from Advisor ID: 3
2026-03-05T09:56:55.450+05:30  INFO 39664 --- [client-service] [http-nio-8081-exec-8] c.wealth.client.service.ClientService    : Attempting to onboard client: pradeep for Advisor ID: 3
2026-03-05T09:56:55.450+05:30 DEBUG 39664 --- [client-service] [http-nio-8081-exec-8] org.hibernate.SQL                        : select c1_0.client_id from client c1_0 where c1_0.email_address=? limit ?
2026-03-05T09:56:55.455+05:30 ERROR 39664 --- [client-service] [http-nio-8081-exec-8] c.wealth.client.service.ClientService    : Onboarding failed: Email pradeep@gmail.com already exists
2026-03-05T09:56:55.535+05:30 ERROR 39664 --- [client-service] [http-nio-8081-exec-8] c.w.c.exception.GlobalExceptionHandler   : Runtime Exception occurred: 

java.lang.RuntimeException: Email already exists
	at com.wealth.client.service.ClientService.onboardClient(ClientService.java:34) ~[classes/:na]
	at com.wealth.client.controller.ClientController.createClient(ClientController.java:59) ~[classes/:na]
	at java.base/jdk.internal.reflect.DirectMethodHandleAccessor.invoke(DirectMethodHandleAccessor.java:104) ~[na:na]
	at java.base/java.lang.reflect.Method.invoke(Method.java:565) ~[na:na]
	at org.springframework.web.method.support.InvocableHandlerMethod.doInvoke(InvocableHandlerMethod.java:258) ~[spring-web-7.0.3.jar:7.0.3]
	at org.springframework.web.method.support.InvocableHandlerMethod.invokeForRequest(InvocableHandlerMethod.java:190) ~[spring-web-7.0.3.jar:7.0.3]
	at org.springframework.web.servlet.mvc.method.annotation.ServletInvocableHandlerMethod.invokeAndHandle(ServletInvocableHandlerMethod.java:117) ~[spring-webmvc-7.0.3.jar:7.0.3]
	at org.springframework.web.servlet.mvc.method.annotation.RequestMappingHandlerAdapter.invokeHandlerMethod(RequestMappingHandlerAdapter.java:934) ~[spring-webmvc-7.0.3.jar:7.0.3]
	at org.springframework.web.servlet.mvc.method.annotation.RequestMappingHandlerAdapter.handleInternal(RequestMappingHandlerAdapter.java:853) ~[spring-webmvc-7.0.3.jar:7.0.3]
	at org.springframework.web.servlet.mvc.method.AbstractHandlerMethodAdapter.handle(AbstractHandlerMethodAdapter.java:86) ~[spring-webmvc-7.0.3.jar:7.0.3]
	at org.springframework.web.servlet.DispatcherServlet.doDispatch(DispatcherServlet.java:963) ~[spring-webmvc-7.0.3.jar:7.0.3]
	at org.springframework.web.servlet.DispatcherServlet.doService(DispatcherServlet.java:866) ~[spring-webmvc-7.0.3.jar:7.0.3]
	at org.springframework.web.servlet.FrameworkServlet.processRequest(FrameworkServlet.java:1003) ~[spring-webmvc-7.0.3.jar:7.0.3]
	at org.springframework.web.servlet.FrameworkServlet.doPost(FrameworkServlet.java:903) ~[spring-webmvc-7.0.3.jar:7.0.3]
	at jakarta.servlet.http.HttpServlet.service(HttpServlet.java:649) ~[tomcat-embed-core-11.0.15.jar:6.1]
	at org.springframework.web.servlet.FrameworkServlet.service(FrameworkServlet.java:874) ~[spring-webmvc-7.0.3.jar:7.0.3]
	at jakarta.servlet.http.HttpServlet.service(HttpServlet.java:710) ~[tomcat-embed-core-11.0.15.jar:6.1]
	at org.apache.catalina.core.ApplicationFilterChain.doFilter(ApplicationFilterChain.java:128) ~[tomcat-embed-core-11.0.15.jar:11.0.15]
	at org.apache.tomcat.websocket.server.WsFilter.doFilter(WsFilter.java:53) ~[tomcat-embed-websocket-11.0.15.jar:11.0.15]
	at org.apache.catalina.core.ApplicationFilterChain.doFilter(ApplicationFilterChain.java:107) ~[tomcat-embed-core-11.0.15.jar:11.0.15]
	at org.springframework.web.filter.RequestContextFilter.doFilterInternal(RequestContextFilter.java:100) ~[spring-web-7.0.3.jar:7.0.3]
	at org.springframework.web.filter.OncePerRequestFilter.doFilter(OncePerRequestFilter.java:116) ~[spring-web-7.0.3.jar:7.0.3]
	at org.apache.catalina.core.ApplicationFilterChain.doFilter(ApplicationFilterChain.java:107) ~[tomcat-embed-core-11.0.15.jar:11.0.15]
	at org.springframework.web.filter.FormContentFilter.doFilterInternal(FormContentFilter.java:93) ~[spring-web-7.0.3.jar:7.0.3]
	at org.springframework.web.filter.OncePerRequestFilter.doFilter(OncePerRequestFilter.java:116) ~[spring-web-7.0.3.jar:7.0.3]
	at org.apache.catalina.core.ApplicationFilterChain.doFilter(ApplicationFilterChain.java:107) ~[tomcat-embed-core-11.0.15.jar:11.0.15]
	at org.springframework.web.filter.CharacterEncodingFilter.doFilterInternal(CharacterEncodingFilter.java:199) ~[spring-web-7.0.3.jar:7.0.3]
	at org.springframework.web.filter.OncePerRequestFilter.doFilter(OncePerRequestFilter.java:116) ~[spring-web-7.0.3.jar:7.0.3]
	at org.apache.catalina.core.ApplicationFilterChain.doFilter(ApplicationFilterChain.java:107) ~[tomcat-embed-core-11.0.15.jar:11.0.15]
	at org.apache.catalina.core.StandardWrapperValve.invoke(StandardWrapperValve.java:165) ~[tomcat-embed-core-11.0.15.jar:11.0.15]
	at org.apache.catalina.core.StandardContextValve.invoke(StandardContextValve.java:77) ~[tomcat-embed-core-11.0.15.jar:11.0.15]
	at org.apache.catalina.authenticator.AuthenticatorBase.invoke(AuthenticatorBase.java:482) ~[tomcat-embed-core-11.0.15.jar:11.0.15]
	at org.apache.catalina.core.StandardHostValve.invoke(StandardHostValve.java:113) ~[tomcat-embed-core-11.0.15.jar:11.0.15]
	at org.apache.catalina.valves.ErrorReportValve.invoke(ErrorReportValve.java:83) ~[tomcat-embed-core-11.0.15.jar:11.0.15]
	at org.apache.catalina.core.StandardEngineValve.invoke(StandardEngineValve.java:72) ~[tomcat-embed-core-11.0.15.jar:11.0.15]
	at org.apache.catalina.connector.CoyoteAdapter.service(CoyoteAdapter.java:341) ~[tomcat-embed-core-11.0.15.jar:11.0.15]
	at org.apache.coyote.http11.Http11Processor.service(Http11Processor.java:397) ~[tomcat-embed-core-11.0.15.jar:11.0.15]
	at org.apache.coyote.AbstractProcessorLight.process(AbstractProcessorLight.java:63) ~[tomcat-embed-core-11.0.15.jar:11.0.15]
	at org.apache.coyote.AbstractProtocol$ConnectionHandler.process(AbstractProtocol.java:903) ~[tomcat-embed-core-11.0.15.jar:11.0.15]
	at org.apache.tomcat.util.net.NioEndpoint$SocketProcessor.doRun(NioEndpoint.java:1778) ~[tomcat-embed-core-11.0.15.jar:11.0.15]
	at org.apache.tomcat.util.net.SocketProcessorBase.run(SocketProcessorBase.java:52) ~[tomcat-embed-core-11.0.15.jar:11.0.15]
	at org.apache.tomcat.util.threads.ThreadPoolExecutor.runWorker(ThreadPoolExecutor.java:946) ~[tomcat-embed-core-11.0.15.jar:11.0.15]
	at org.apache.tomcat.util.threads.ThreadPoolExecutor$Worker.run(ThreadPoolExecutor.java:480) ~[tomcat-embed-core-11.0.15.jar:11.0.15]
	at org.apache.tomcat.util.threads.TaskThread$WrappingRunnable.run(TaskThread.java:57) ~[tomcat-embed-core-11.0.15.jar:11.0.15]
	at java.base/java.lang.Thread.run(Thread.java:1474) ~[na:na]

2026-03-05T09:57:03.654+05:30  INFO 39664 --- [client-service] [http-nio-8081-exec-5] c.w.client.controller.ClientController   : API Request: GET /api/clients/5 from Advisor ID: 3
2026-03-05T09:57:03.656+05:30 DEBUG 39664 --- [client-service] [http-nio-8081-exec-5] org.hibernate.SQL                        : select c1_0.client_id,c1_0.address,c1_0.advisor_id,c1_0.created_date,c1_0.date_of_birth,c1_0.email_address,c1_0.employer,c1_0.full_name,c1_0.investment_amount,c1_0.investment_goal,c1_0.investment_horizon,c1_0.kyc_document_ref,c1_0.kyc_status,c1_0.liquidity_needs,c1_0.occupation,c1_0.phone_number,c1_0.risk_profile from client c1_0 where c1_0.client_id=? and c1_0.advisor_id=?
2026-03-05T09:57:03.731+05:30  INFO 39664 --- [client-service] [http-nio-8081-exec-1] c.w.client.controller.ClientController   : API Request: GET /api/clients/5 from Advisor ID: 3
2026-03-05T09:57:03.731+05:30 DEBUG 39664 --- [client-service] [http-nio-8081-exec-1] org.hibernate.SQL                        : select c1_0.client_id,c1_0.address,c1_0.advisor_id,c1_0.created_date,c1_0.date_of_birth,c1_0.email_address,c1_0.employer,c1_0.full_name,c1_0.investment_amount,c1_0.investment_goal,c1_0.investment_horizon,c1_0.kyc_document_ref,c1_0.kyc_status,c1_0.liquidity_needs,c1_0.occupation,c1_0.phone_number,c1_0.risk_profile from client c1_0 where c1_0.client_id=? and c1_0.advisor_id=?
2026-03-05T09:57:27.389+05:30  INFO 39664 --- [client-service] [http-nio-8081-exec-10] c.w.client.controller.ClientController   : API Request: POST /api/clients from Advisor ID: 3
2026-03-05T09:57:27.389+05:30  INFO 39664 --- [client-service] [http-nio-8081-exec-10] c.wealth.client.service.ClientService    : Attempting to onboard client: arjun for Advisor ID: 3
2026-03-05T09:57:27.391+05:30 DEBUG 39664 --- [client-service] [http-nio-8081-exec-10] org.hibernate.SQL                        : select c1_0.client_id from client c1_0 where c1_0.email_address=? limit ?
2026-03-05T09:57:27.403+05:30 DEBUG 39664 --- [client-service] [http-nio-8081-exec-10] org.hibernate.SQL                        : insert into client (address,advisor_id,created_date,date_of_birth,email_address,employer,full_name,investment_amount,investment_goal,investment_horizon,kyc_document_ref,kyc_status,liquidity_needs,occupation,phone_number,risk_profile) values (?,?,?,?,?,?,?,?,?,?,?,?,?,?,?,?)
2026-03-05T09:57:27.421+05:30  INFO 39664 --- [client-service] [http-nio-8081-exec-10] c.wealth.client.service.ClientService    : Client onboarded successfully. New Client ID: 36
2026-03-05T09:57:27.460+05:30  INFO 39664 --- [client-service] [http-nio-8081-exec-2] c.w.client.controller.ClientController   : API Request: GET /api/clients/36 from Advisor ID: 3
2026-03-05T09:57:27.464+05:30 DEBUG 39664 --- [client-service] [http-nio-8081-exec-2] org.hibernate.SQL                        : select c1_0.client_id,c1_0.address,c1_0.advisor_id,c1_0.created_date,c1_0.date_of_birth,c1_0.email_address,c1_0.employer,c1_0.full_name,c1_0.investment_amount,c1_0.investment_goal,c1_0.investment_horizon,c1_0.kyc_document_ref,c1_0.kyc_status,c1_0.liquidity_needs,c1_0.occupation,c1_0.phone_number,c1_0.risk_profile from client c1_0 where c1_0.client_id=? and c1_0.advisor_id=?
2026-03-05T09:57:27.545+05:30  INFO 39664 --- [client-service] [http-nio-8081-exec-6] c.w.client.controller.ClientController   : API Request: GET /api/clients/36 from Advisor ID: 3
2026-03-05T09:57:27.549+05:30 DEBUG 39664 --- [client-service] [http-nio-8081-exec-6] org.hibernate.SQL                        : select c1_0.client_id,c1_0.address,c1_0.advisor_id,c1_0.created_date,c1_0.date_of_birth,c1_0.email_address,c1_0.employer,c1_0.full_name,c1_0.investment_amount,c1_0.investment_goal,c1_0.investment_horizon,c1_0.kyc_document_ref,c1_0.kyc_status,c1_0.liquidity_needs,c1_0.occupation,c1_0.phone_number,c1_0.risk_profile from client c1_0 where c1_0.client_id=? and c1_0.advisor_id=?
2026-03-05T09:57:58.108+05:30  INFO 39664 --- [client-service] [http-nio-8081-exec-4] c.w.client.controller.ClientController   : API Request: GET /api/clients from Advisor ID: 3
2026-03-05T09:57:58.111+05:30 DEBUG 39664 --- [client-service] [http-nio-8081-exec-4] org.hibernate.SQL                        : select c1_0.client_id,c1_0.address,c1_0.advisor_id,c1_0.created_date,c1_0.date_of_birth,c1_0.email_address,c1_0.employer,c1_0.full_name,c1_0.investment_amount,c1_0.investment_goal,c1_0.investment_horizon,c1_0.kyc_document_ref,c1_0.kyc_status,c1_0.liquidity_needs,c1_0.occupation,c1_0.phone_number,c1_0.risk_profile from client c1_0 where c1_0.advisor_id=?
2026-03-05T09:57:58.777+05:30  INFO 39664 --- [client-service] [http-nio-8081-exec-9] c.w.client.controller.ClientController   : API Request: GET /api/clients/1 from Advisor ID: 3
2026-03-05T09:57:58.782+05:30 DEBUG 39664 --- [client-service] [http-nio-8081-exec-9] org.hibernate.SQL                        : select c1_0.client_id,c1_0.address,c1_0.advisor_id,c1_0.created_date,c1_0.date_of_birth,c1_0.email_address,c1_0.employer,c1_0.full_name,c1_0.investment_amount,c1_0.investment_goal,c1_0.investment_horizon,c1_0.kyc_document_ref,c1_0.kyc_status,c1_0.liquidity_needs,c1_0.occupation,c1_0.phone_number,c1_0.risk_profile from client c1_0 where c1_0.client_id=? and c1_0.advisor_id=?
2026-03-05T09:58:17.360+05:30  INFO 39664 --- [client-service] [http-nio-8081-exec-3] c.w.client.controller.ClientController   : API Request: POST /api/clients from Advisor ID: 3
2026-03-05T09:58:17.360+05:30  INFO 39664 --- [client-service] [http-nio-8081-exec-3] c.wealth.client.service.ClientService    : Attempting to onboard client: arjun for Advisor ID: 3
2026-03-05T09:58:17.365+05:30 DEBUG 39664 --- [client-service] [http-nio-8081-exec-3] org.hibernate.SQL                        : select c1_0.client_id from client c1_0 where c1_0.email_address=? limit ?
2026-03-05T09:58:17.369+05:30 ERROR 39664 --- [client-service] [http-nio-8081-exec-3] c.wealth.client.service.ClientService    : Onboarding failed: Email arjun@gmail.com already exists
2026-03-05T09:58:17.375+05:30 ERROR 39664 --- [client-service] [http-nio-8081-exec-3] c.w.c.exception.GlobalExceptionHandler   : Runtime Exception occurred: 

java.lang.RuntimeException: Email already exists
	at com.wealth.client.service.ClientService.onboardClient(ClientService.java:34) ~[classes/:na]
	at com.wealth.client.controller.ClientController.createClient(ClientController.java:59) ~[classes/:na]
	at java.base/jdk.internal.reflect.DirectMethodHandleAccessor.invoke(DirectMethodHandleAccessor.java:104) ~[na:na]
	at java.base/java.lang.reflect.Method.invoke(Method.java:565) ~[na:na]
	at org.springframework.web.method.support.InvocableHandlerMethod.doInvoke(InvocableHandlerMethod.java:258) ~[spring-web-7.0.3.jar:7.0.3]
	at org.springframework.web.method.support.InvocableHandlerMethod.invokeForRequest(InvocableHandlerMethod.java:190) ~[spring-web-7.0.3.jar:7.0.3]
	at org.springframework.web.servlet.mvc.method.annotation.ServletInvocableHandlerMethod.invokeAndHandle(ServletInvocableHandlerMethod.java:117) ~[spring-webmvc-7.0.3.jar:7.0.3]
	at org.springframework.web.servlet.mvc.method.annotation.RequestMappingHandlerAdapter.invokeHandlerMethod(RequestMappingHandlerAdapter.java:934) ~[spring-webmvc-7.0.3.jar:7.0.3]
	at org.springframework.web.servlet.mvc.method.annotation.RequestMappingHandlerAdapter.handleInternal(RequestMappingHandlerAdapter.java:853) ~[spring-webmvc-7.0.3.jar:7.0.3]
	at org.springframework.web.servlet.mvc.method.AbstractHandlerMethodAdapter.handle(AbstractHandlerMethodAdapter.java:86) ~[spring-webmvc-7.0.3.jar:7.0.3]
	at org.springframework.web.servlet.DispatcherServlet.doDispatch(DispatcherServlet.java:963) ~[spring-webmvc-7.0.3.jar:7.0.3]
	at org.springframework.web.servlet.DispatcherServlet.doService(DispatcherServlet.java:866) ~[spring-webmvc-7.0.3.jar:7.0.3]
	at org.springframework.web.servlet.FrameworkServlet.processRequest(FrameworkServlet.java:1003) ~[spring-webmvc-7.0.3.jar:7.0.3]
	at org.springframework.web.servlet.FrameworkServlet.doPost(FrameworkServlet.java:903) ~[spring-webmvc-7.0.3.jar:7.0.3]
	at jakarta.servlet.http.HttpServlet.service(HttpServlet.java:649) ~[tomcat-embed-core-11.0.15.jar:6.1]
	at org.springframework.web.servlet.FrameworkServlet.service(FrameworkServlet.java:874) ~[spring-webmvc-7.0.3.jar:7.0.3]
	at jakarta.servlet.http.HttpServlet.service(HttpServlet.java:710) ~[tomcat-embed-core-11.0.15.jar:6.1]
	at org.apache.catalina.core.ApplicationFilterChain.doFilter(ApplicationFilterChain.java:128) ~[tomcat-embed-core-11.0.15.jar:11.0.15]
	at org.apache.tomcat.websocket.server.WsFilter.doFilter(WsFilter.java:53) ~[tomcat-embed-websocket-11.0.15.jar:11.0.15]
	at org.apache.catalina.core.ApplicationFilterChain.doFilter(ApplicationFilterChain.java:107) ~[tomcat-embed-core-11.0.15.jar:11.0.15]
	at org.springframework.web.filter.RequestContextFilter.doFilterInternal(RequestContextFilter.java:100) ~[spring-web-7.0.3.jar:7.0.3]
	at org.springframework.web.filter.OncePerRequestFilter.doFilter(OncePerRequestFilter.java:116) ~[spring-web-7.0.3.jar:7.0.3]
	at org.apache.catalina.core.ApplicationFilterChain.doFilter(ApplicationFilterChain.java:107) ~[tomcat-embed-core-11.0.15.jar:11.0.15]
	at org.springframework.web.filter.FormContentFilter.doFilterInternal(FormContentFilter.java:93) ~[spring-web-7.0.3.jar:7.0.3]
	at org.springframework.web.filter.OncePerRequestFilter.doFilter(OncePerRequestFilter.java:116) ~[spring-web-7.0.3.jar:7.0.3]
	at org.apache.catalina.core.ApplicationFilterChain.doFilter(ApplicationFilterChain.java:107) ~[tomcat-embed-core-11.0.15.jar:11.0.15]
	at org.springframework.web.filter.CharacterEncodingFilter.doFilterInternal(CharacterEncodingFilter.java:199) ~[spring-web-7.0.3.jar:7.0.3]
	at org.springframework.web.filter.OncePerRequestFilter.doFilter(OncePerRequestFilter.java:116) ~[spring-web-7.0.3.jar:7.0.3]
	at org.apache.catalina.core.ApplicationFilterChain.doFilter(ApplicationFilterChain.java:107) ~[tomcat-embed-core-11.0.15.jar:11.0.15]
	at org.apache.catalina.core.StandardWrapperValve.invoke(StandardWrapperValve.java:165) ~[tomcat-embed-core-11.0.15.jar:11.0.15]
	at org.apache.catalina.core.StandardContextValve.invoke(StandardContextValve.java:77) ~[tomcat-embed-core-11.0.15.jar:11.0.15]
	at org.apache.catalina.authenticator.AuthenticatorBase.invoke(AuthenticatorBase.java:482) ~[tomcat-embed-core-11.0.15.jar:11.0.15]
	at org.apache.catalina.core.StandardHostValve.invoke(StandardHostValve.java:113) ~[tomcat-embed-core-11.0.15.jar:11.0.15]
	at org.apache.catalina.valves.ErrorReportValve.invoke(ErrorReportValve.java:83) ~[tomcat-embed-core-11.0.15.jar:11.0.15]
	at org.apache.catalina.core.StandardEngineValve.invoke(StandardEngineValve.java:72) ~[tomcat-embed-core-11.0.15.jar:11.0.15]
	at org.apache.catalina.connector.CoyoteAdapter.service(CoyoteAdapter.java:341) ~[tomcat-embed-core-11.0.15.jar:11.0.15]
	at org.apache.coyote.http11.Http11Processor.service(Http11Processor.java:397) ~[tomcat-embed-core-11.0.15.jar:11.0.15]
	at org.apache.coyote.AbstractProcessorLight.process(AbstractProcessorLight.java:63) ~[tomcat-embed-core-11.0.15.jar:11.0.15]
	at org.apache.coyote.AbstractProtocol$ConnectionHandler.process(AbstractProtocol.java:903) ~[tomcat-embed-core-11.0.15.jar:11.0.15]
	at org.apache.tomcat.util.net.NioEndpoint$SocketProcessor.doRun(NioEndpoint.java:1778) ~[tomcat-embed-core-11.0.15.jar:11.0.15]
	at org.apache.tomcat.util.net.SocketProcessorBase.run(SocketProcessorBase.java:52) ~[tomcat-embed-core-11.0.15.jar:11.0.15]
	at org.apache.tomcat.util.threads.ThreadPoolExecutor.runWorker(ThreadPoolExecutor.java:946) ~[tomcat-embed-core-11.0.15.jar:11.0.15]
	at org.apache.tomcat.util.threads.ThreadPoolExecutor$Worker.run(ThreadPoolExecutor.java:480) ~[tomcat-embed-core-11.0.15.jar:11.0.15]
	at org.apache.tomcat.util.threads.TaskThread$WrappingRunnable.run(TaskThread.java:57) ~[tomcat-embed-core-11.0.15.jar:11.0.15]
	at java.base/java.lang.Thread.run(Thread.java:1474) ~[na:na]

2026-03-05T09:59:10.813+05:30  INFO 39664 --- [client-service] [http-nio-8081-exec-8] c.w.client.controller.ClientController   : API Request: POST /api/clients from Advisor ID: 3
2026-03-05T09:59:10.813+05:30  INFO 39664 --- [client-service] [http-nio-8081-exec-8] c.wealth.client.service.ClientService    : Attempting to onboard client: aaaaa for Advisor ID: 3
2026-03-05T09:59:10.815+05:30 DEBUG 39664 --- [client-service] [http-nio-8081-exec-8] org.hibernate.SQL                        : select c1_0.client_id from client c1_0 where c1_0.email_address=? limit ?
2026-03-05T09:59:10.818+05:30 DEBUG 39664 --- [client-service] [http-nio-8081-exec-8] org.hibernate.SQL                        : insert into client (address,advisor_id,created_date,date_of_birth,email_address,employer,full_name,investment_amount,investment_goal,investment_horizon,kyc_document_ref,kyc_status,liquidity_needs,occupation,phone_number,risk_profile) values (?,?,?,?,?,?,?,?,?,?,?,?,?,?,?,?)
2026-03-05T09:59:10.831+05:30  INFO 39664 --- [client-service] [http-nio-8081-exec-8] c.wealth.client.service.ClientService    : Client onboarded successfully. New Client ID: 37
2026-03-05T09:59:10.875+05:30  INFO 39664 --- [client-service] [http-nio-8081-exec-5] c.w.client.controller.ClientController   : API Request: GET /api/clients/37 from Advisor ID: 3
2026-03-05T09:59:10.878+05:30 DEBUG 39664 --- [client-service] [http-nio-8081-exec-5] org.hibernate.SQL                        : select c1_0.client_id,c1_0.address,c1_0.advisor_id,c1_0.created_date,c1_0.date_of_birth,c1_0.email_address,c1_0.employer,c1_0.full_name,c1_0.investment_amount,c1_0.investment_goal,c1_0.investment_horizon,c1_0.kyc_document_ref,c1_0.kyc_status,c1_0.liquidity_needs,c1_0.occupation,c1_0.phone_number,c1_0.risk_profile from client c1_0 where c1_0.client_id=? and c1_0.advisor_id=?
2026-03-05T09:59:28.618+05:30  INFO 39664 --- [client-service] [http-nio-8081-exec-1] c.w.client.controller.ClientController   : API Request: GET /api/clients/37 from Advisor ID: 3
2026-03-05T09:59:28.624+05:30 DEBUG 39664 --- [client-service] [http-nio-8081-exec-1] org.hibernate.SQL                        : select c1_0.client_id,c1_0.address,c1_0.advisor_id,c1_0.created_date,c1_0.date_of_birth,c1_0.email_address,c1_0.employer,c1_0.full_name,c1_0.investment_amount,c1_0.investment_goal,c1_0.investment_horizon,c1_0.kyc_document_ref,c1_0.kyc_status,c1_0.liquidity_needs,c1_0.occupation,c1_0.phone_number,c1_0.risk_profile from client c1_0 where c1_0.client_id=? and c1_0.advisor_id=?
2026-03-05T10:00:07.393+05:30  INFO 39664 --- [client-service] [http-nio-8081-exec-10] c.w.client.controller.ClientController   : API Request: GET /api/clients from Advisor ID: 3
2026-03-05T10:00:07.397+05:30 DEBUG 39664 --- [client-service] [http-nio-8081-exec-10] org.hibernate.SQL                        : select c1_0.client_id,c1_0.address,c1_0.advisor_id,c1_0.created_date,c1_0.date_of_birth,c1_0.email_address,c1_0.employer,c1_0.full_name,c1_0.investment_amount,c1_0.investment_goal,c1_0.investment_horizon,c1_0.kyc_document_ref,c1_0.kyc_status,c1_0.liquidity_needs,c1_0.occupation,c1_0.phone_number,c1_0.risk_profile from client c1_0 where c1_0.advisor_id=?
2026-03-05T10:00:48.823+05:30  INFO 39664 --- [client-service] [http-nio-8081-exec-4] c.w.client.controller.ClientController   : API Request: POST /api/clients from Advisor ID: 3
2026-03-05T10:00:48.823+05:30  INFO 39664 --- [client-service] [http-nio-8081-exec-4] c.wealth.client.service.ClientService    : Attempting to onboard client: pradeep for Advisor ID: 3
2026-03-05T10:00:48.826+05:30 DEBUG 39664 --- [client-service] [http-nio-8081-exec-4] org.hibernate.SQL                        : select c1_0.client_id from client c1_0 where c1_0.email_address=? limit ?
2026-03-05T10:00:48.831+05:30 DEBUG 39664 --- [client-service] [http-nio-8081-exec-4] org.hibernate.SQL                        : insert into client (address,advisor_id,created_date,date_of_birth,email_address,employer,full_name,investment_amount,investment_goal,investment_horizon,kyc_document_ref,kyc_status,liquidity_needs,occupation,phone_number,risk_profile) values (?,?,?,?,?,?,?,?,?,?,?,?,?,?,?,?)
2026-03-05T10:00:48.839+05:30  INFO 39664 --- [client-service] [http-nio-8081-exec-4] c.wealth.client.service.ClientService    : Client onboarded successfully. New Client ID: 1
2026-03-05T10:01:01.854+05:30  INFO 39664 --- [client-service] [http-nio-8081-exec-9] c.w.client.controller.ClientController   : API Request: GET /api/clients/1 from Advisor ID: 3
2026-03-05T10:01:01.857+05:30 DEBUG 39664 --- [client-service] [http-nio-8081-exec-9] org.hibernate.SQL                        : select c1_0.client_id,c1_0.address,c1_0.advisor_id,c1_0.created_date,c1_0.date_of_birth,c1_0.email_address,c1_0.employer,c1_0.full_name,c1_0.investment_amount,c1_0.investment_goal,c1_0.investment_horizon,c1_0.kyc_document_ref,c1_0.kyc_status,c1_0.liquidity_needs,c1_0.occupation,c1_0.phone_number,c1_0.risk_profile from client c1_0 where c1_0.client_id=? and c1_0.advisor_id=?
2026-03-05T10:01:05.879+05:30  INFO 39664 --- [client-service] [http-nio-8081-exec-3] c.w.client.controller.ClientController   : API Request: GET /api/clients/1 from Advisor ID: 3
2026-03-05T10:01:05.883+05:30 DEBUG 39664 --- [client-service] [http-nio-8081-exec-3] org.hibernate.SQL                        : select c1_0.client_id,c1_0.address,c1_0.advisor_id,c1_0.created_date,c1_0.date_of_birth,c1_0.email_address,c1_0.employer,c1_0.full_name,c1_0.investment_amount,c1_0.investment_goal,c1_0.investment_horizon,c1_0.kyc_document_ref,c1_0.kyc_status,c1_0.liquidity_needs,c1_0.occupation,c1_0.phone_number,c1_0.risk_profile from client c1_0 where c1_0.client_id=? and c1_0.advisor_id=?
2026-03-05T10:01:22.586+05:30  INFO 39664 --- [client-service] [http-nio-8081-exec-7] c.w.client.controller.ClientController   : API Request: GET /api/clients from Advisor ID: 3
2026-03-05T10:01:22.589+05:30 DEBUG 39664 --- [client-service] [http-nio-8081-exec-7] org.hibernate.SQL                        : select c1_0.client_id,c1_0.address,c1_0.advisor_id,c1_0.created_date,c1_0.date_of_birth,c1_0.email_address,c1_0.employer,c1_0.full_name,c1_0.investment_amount,c1_0.investment_goal,c1_0.investment_horizon,c1_0.kyc_document_ref,c1_0.kyc_status,c1_0.liquidity_needs,c1_0.occupation,c1_0.phone_number,c1_0.risk_profile from client c1_0 where c1_0.advisor_id=?
2026-03-05T10:01:28.498+05:30  INFO 39664 --- [client-service] [http-nio-8081-exec-8] c.w.client.controller.ClientController   : API Request: GET /api/clients from Advisor ID: 3
2026-03-05T10:01:28.499+05:30 DEBUG 39664 --- [client-service] [http-nio-8081-exec-8] org.hibernate.SQL                        : select c1_0.client_id,c1_0.address,c1_0.advisor_id,c1_0.created_date,c1_0.date_of_birth,c1_0.email_address,c1_0.employer,c1_0.full_name,c1_0.investment_amount,c1_0.investment_goal,c1_0.investment_horizon,c1_0.kyc_document_ref,c1_0.kyc_status,c1_0.liquidity_needs,c1_0.occupation,c1_0.phone_number,c1_0.risk_profile from client c1_0 where c1_0.advisor_id=?
2026-03-05T10:01:28.598+05:30  INFO 39664 --- [client-service] [http-nio-8081-exec-5] c.w.client.controller.ClientController   : API Request: GET /api/clients/1 from Advisor ID: 3
2026-03-05T10:01:28.600+05:30 DEBUG 39664 --- [client-service] [http-nio-8081-exec-5] org.hibernate.SQL                        : select c1_0.client_id,c1_0.address,c1_0.advisor_id,c1_0.created_date,c1_0.date_of_birth,c1_0.email_address,c1_0.employer,c1_0.full_name,c1_0.investment_amount,c1_0.investment_goal,c1_0.investment_horizon,c1_0.kyc_document_ref,c1_0.kyc_status,c1_0.liquidity_needs,c1_0.occupation,c1_0.phone_number,c1_0.risk_profile from client c1_0 where c1_0.client_id=? and c1_0.advisor_id=?
2026-03-05T10:01:50.191+05:30  INFO 39664 --- [client-service] [AsyncResolver-bootstrap-executor-%d] c.n.d.s.r.aws.ConfigClusterResolver      : Resolving eureka endpoints via configuration
2026-03-05T10:03:53.173+05:30  INFO 39664 --- [client-service] [http-nio-8081-exec-2] c.w.client.controller.ClientController   : API Request: GET /api/clients from Advisor ID: 1
2026-03-05T10:03:53.177+05:30 DEBUG 39664 --- [client-service] [http-nio-8081-exec-2] org.hibernate.SQL                        : select c1_0.client_id,c1_0.address,c1_0.advisor_id,c1_0.created_date,c1_0.date_of_birth,c1_0.email_address,c1_0.employer,c1_0.full_name,c1_0.investment_amount,c1_0.investment_goal,c1_0.investment_horizon,c1_0.kyc_document_ref,c1_0.kyc_status,c1_0.liquidity_needs,c1_0.occupation,c1_0.phone_number,c1_0.risk_profile from client c1_0 where c1_0.advisor_id=?
2026-03-05T10:04:38.380+05:30  INFO 39664 --- [client-service] [http-nio-8081-exec-6] c.w.client.controller.ClientController   : API Request: POST /api/clients from Advisor ID: 1
2026-03-05T10:04:38.380+05:30  INFO 39664 --- [client-service] [http-nio-8081-exec-6] c.wealth.client.service.ClientService    : Attempting to onboard client: kiran kumar  for Advisor ID: 1
2026-03-05T10:04:38.382+05:30 DEBUG 39664 --- [client-service] [http-nio-8081-exec-6] org.hibernate.SQL                        : select c1_0.client_id from client c1_0 where c1_0.email_address=? limit ?
2026-03-05T10:04:38.385+05:30 DEBUG 39664 --- [client-service] [http-nio-8081-exec-6] org.hibernate.SQL                        : insert into client (address,advisor_id,created_date,date_of_birth,email_address,employer,full_name,investment_amount,investment_goal,investment_horizon,kyc_document_ref,kyc_status,liquidity_needs,occupation,phone_number,risk_profile) values (?,?,?,?,?,?,?,?,?,?,?,?,?,?,?,?)
2026-03-05T10:04:38.397+05:30  INFO 39664 --- [client-service] [http-nio-8081-exec-6] c.wealth.client.service.ClientService    : Client onboarded successfully. New Client ID: 2
2026-03-05T10:04:38.443+05:30  INFO 39664 --- [client-service] [http-nio-8081-exec-4] c.w.client.controller.ClientController   : API Request: GET /api/clients/2 from Advisor ID: 1
2026-03-05T10:04:38.443+05:30 DEBUG 39664 --- [client-service] [http-nio-8081-exec-4] org.hibernate.SQL                        : select c1_0.client_id,c1_0.address,c1_0.advisor_id,c1_0.created_date,c1_0.date_of_birth,c1_0.email_address,c1_0.employer,c1_0.full_name,c1_0.investment_amount,c1_0.investment_goal,c1_0.investment_horizon,c1_0.kyc_document_ref,c1_0.kyc_status,c1_0.liquidity_needs,c1_0.occupation,c1_0.phone_number,c1_0.risk_profile from client c1_0 where c1_0.client_id=? and c1_0.advisor_id=?
2026-03-05T10:04:49.620+05:30  INFO 39664 --- [client-service] [http-nio-8081-exec-9] c.w.client.controller.ClientController   : API Request: GET /api/clients/2 from Advisor ID: 1
2026-03-05T10:04:49.622+05:30 DEBUG 39664 --- [client-service] [http-nio-8081-exec-9] org.hibernate.SQL                        : select c1_0.client_id,c1_0.address,c1_0.advisor_id,c1_0.created_date,c1_0.date_of_birth,c1_0.email_address,c1_0.employer,c1_0.full_name,c1_0.investment_amount,c1_0.investment_goal,c1_0.investment_horizon,c1_0.kyc_document_ref,c1_0.kyc_status,c1_0.liquidity_needs,c1_0.occupation,c1_0.phone_number,c1_0.risk_profile from client c1_0 where c1_0.client_id=? and c1_0.advisor_id=?
2026-03-05T10:05:12.632+05:30  INFO 39664 --- [client-service] [http-nio-8081-exec-3] c.w.client.controller.ClientController   : API Request: POST /api/clients from Advisor ID: 1
2026-03-05T10:05:12.632+05:30  INFO 39664 --- [client-service] [http-nio-8081-exec-3] c.wealth.client.service.ClientService    : Attempting to onboard client: rass for Advisor ID: 1
2026-03-05T10:05:12.634+05:30 DEBUG 39664 --- [client-service] [http-nio-8081-exec-3] org.hibernate.SQL                        : select c1_0.client_id from client c1_0 where c1_0.email_address=? limit ?
2026-03-05T10:05:12.641+05:30 DEBUG 39664 --- [client-service] [http-nio-8081-exec-3] org.hibernate.SQL                        : insert into client (address,advisor_id,created_date,date_of_birth,email_address,employer,full_name,investment_amount,investment_goal,investment_horizon,kyc_document_ref,kyc_status,liquidity_needs,occupation,phone_number,risk_profile) values (?,?,?,?,?,?,?,?,?,?,?,?,?,?,?,?)
2026-03-05T10:05:12.654+05:30  INFO 39664 --- [client-service] [http-nio-8081-exec-3] c.wealth.client.service.ClientService    : Client onboarded successfully. New Client ID: 3
2026-03-05T10:05:12.707+05:30  INFO 39664 --- [client-service] [http-nio-8081-exec-7] c.w.client.controller.ClientController   : API Request: GET /api/clients/3 from Advisor ID: 1
2026-03-05T10:05:12.709+05:30 DEBUG 39664 --- [client-service] [http-nio-8081-exec-7] org.hibernate.SQL                        : select c1_0.client_id,c1_0.address,c1_0.advisor_id,c1_0.created_date,c1_0.date_of_birth,c1_0.email_address,c1_0.employer,c1_0.full_name,c1_0.investment_amount,c1_0.investment_goal,c1_0.investment_horizon,c1_0.kyc_document_ref,c1_0.kyc_status,c1_0.liquidity_needs,c1_0.occupation,c1_0.phone_number,c1_0.risk_profile from client c1_0 where c1_0.client_id=? and c1_0.advisor_id=?
2026-03-05T10:05:18.480+05:30  INFO 39664 --- [client-service] [http-nio-8081-exec-8] c.w.client.controller.ClientController   : API Request: GET /api/clients/3 from Advisor ID: 1
2026-03-05T10:05:18.480+05:30 DEBUG 39664 --- [client-service] [http-nio-8081-exec-8] org.hibernate.SQL                        : select c1_0.client_id,c1_0.address,c1_0.advisor_id,c1_0.created_date,c1_0.date_of_birth,c1_0.email_address,c1_0.employer,c1_0.full_name,c1_0.investment_amount,c1_0.investment_goal,c1_0.investment_horizon,c1_0.kyc_document_ref,c1_0.kyc_status,c1_0.liquidity_needs,c1_0.occupation,c1_0.phone_number,c1_0.risk_profile from client c1_0 where c1_0.client_id=? and c1_0.advisor_id=?
2026-03-05T10:05:53.997+05:30  INFO 39664 --- [client-service] [http-nio-8081-exec-5] c.w.client.controller.ClientController   : API Request: GET /api/clients/2 from Advisor ID: 1
2026-03-05T10:05:54.000+05:30 DEBUG 39664 --- [client-service] [http-nio-8081-exec-5] org.hibernate.SQL                        : select c1_0.client_id,c1_0.address,c1_0.advisor_id,c1_0.created_date,c1_0.date_of_birth,c1_0.email_address,c1_0.employer,c1_0.full_name,c1_0.investment_amount,c1_0.investment_goal,c1_0.investment_horizon,c1_0.kyc_document_ref,c1_0.kyc_status,c1_0.liquidity_needs,c1_0.occupation,c1_0.phone_number,c1_0.risk_profile from client c1_0 where c1_0.client_id=? and c1_0.advisor_id=?
2026-03-05T10:05:54.098+05:30  INFO 39664 --- [client-service] [http-nio-8081-exec-1] c.w.client.controller.ClientController   : API Request: GET /api/clients/2 from Advisor ID: 1
2026-03-05T10:05:54.098+05:30 DEBUG 39664 --- [client-service] [http-nio-8081-exec-1] org.hibernate.SQL                        : select c1_0.client_id,c1_0.address,c1_0.advisor_id,c1_0.created_date,c1_0.date_of_birth,c1_0.email_address,c1_0.employer,c1_0.full_name,c1_0.investment_amount,c1_0.investment_goal,c1_0.investment_horizon,c1_0.kyc_document_ref,c1_0.kyc_status,c1_0.liquidity_needs,c1_0.occupation,c1_0.phone_number,c1_0.risk_profile from client c1_0 where c1_0.client_id=? and c1_0.advisor_id=?
2026-03-05T10:06:50.195+05:30  INFO 39664 --- [client-service] [AsyncResolver-bootstrap-executor-%d] c.n.d.s.r.aws.ConfigClusterResolver      : Resolving eureka endpoints via configuration
2026-03-05T10:07:43.073+05:30  INFO 39664 --- [client-service] [http-nio-8081-exec-6] c.w.client.controller.ClientController   : API Request: GET /api/clients from Advisor ID: 1
2026-03-05T10:07:43.078+05:30 DEBUG 39664 --- [client-service] [http-nio-8081-exec-6] org.hibernate.SQL                        : select c1_0.client_id,c1_0.address,c1_0.advisor_id,c1_0.created_date,c1_0.date_of_birth,c1_0.email_address,c1_0.employer,c1_0.full_name,c1_0.investment_amount,c1_0.investment_goal,c1_0.investment_horizon,c1_0.kyc_document_ref,c1_0.kyc_status,c1_0.liquidity_needs,c1_0.occupation,c1_0.phone_number,c1_0.risk_profile from client c1_0 where c1_0.advisor_id=?
2026-03-05T10:07:43.280+05:30  INFO 39664 --- [client-service] [http-nio-8081-exec-4] c.w.client.controller.ClientController   : API Request: GET /api/clients/2 from Advisor ID: 1
2026-03-05T10:07:43.280+05:30 DEBUG 39664 --- [client-service] [http-nio-8081-exec-4] org.hibernate.SQL                        : select c1_0.client_id,c1_0.address,c1_0.advisor_id,c1_0.created_date,c1_0.date_of_birth,c1_0.email_address,c1_0.employer,c1_0.full_name,c1_0.investment_amount,c1_0.investment_goal,c1_0.investment_horizon,c1_0.kyc_document_ref,c1_0.kyc_status,c1_0.liquidity_needs,c1_0.occupation,c1_0.phone_number,c1_0.risk_profile from client c1_0 where c1_0.client_id=? and c1_0.advisor_id=?
2026-03-05T10:08:30.044+05:30  INFO 39664 --- [client-service] [http-nio-8081-exec-9] c.w.client.controller.ClientController   : API Request: GET /api/clients from Advisor ID: 1
2026-03-05T10:08:30.045+05:30 DEBUG 39664 --- [client-service] [http-nio-8081-exec-9] org.hibernate.SQL                        : select c1_0.client_id,c1_0.address,c1_0.advisor_id,c1_0.created_date,c1_0.date_of_birth,c1_0.email_address,c1_0.employer,c1_0.full_name,c1_0.investment_amount,c1_0.investment_goal,c1_0.investment_horizon,c1_0.kyc_document_ref,c1_0.kyc_status,c1_0.liquidity_needs,c1_0.occupation,c1_0.phone_number,c1_0.risk_profile from client c1_0 where c1_0.advisor_id=?
2026-03-05T10:09:07.511+05:30  INFO 39664 --- [client-service] [http-nio-8081-exec-7] c.w.client.controller.ClientController   : API Request: POST /api/clients from Advisor ID: 1
2026-03-05T10:09:07.511+05:30  INFO 39664 --- [client-service] [http-nio-8081-exec-7] c.wealth.client.service.ClientService    : Attempting to onboard client: kiran kumar for Advisor ID: 1
2026-03-05T10:09:07.518+05:30 DEBUG 39664 --- [client-service] [http-nio-8081-exec-7] org.hibernate.SQL                        : select c1_0.client_id from client c1_0 where c1_0.email_address=? limit ?
2026-03-05T10:09:07.536+05:30 DEBUG 39664 --- [client-service] [http-nio-8081-exec-7] org.hibernate.SQL                        : insert into client (address,advisor_id,created_date,date_of_birth,email_address,employer,full_name,investment_amount,investment_goal,investment_horizon,kyc_document_ref,kyc_status,liquidity_needs,occupation,phone_number,risk_profile) values (?,?,?,?,?,?,?,?,?,?,?,?,?,?,?,?)
2026-03-05T10:09:07.556+05:30  INFO 39664 --- [client-service] [http-nio-8081-exec-7] c.wealth.client.service.ClientService    : Client onboarded successfully. New Client ID: 1
2026-03-05T10:09:07.610+05:30  INFO 39664 --- [client-service] [http-nio-8081-exec-8] c.w.client.controller.ClientController   : API Request: GET /api/clients/1 from Advisor ID: 1
2026-03-05T10:09:07.612+05:30 DEBUG 39664 --- [client-service] [http-nio-8081-exec-8] org.hibernate.SQL                        : select c1_0.client_id,c1_0.address,c1_0.advisor_id,c1_0.created_date,c1_0.date_of_birth,c1_0.email_address,c1_0.employer,c1_0.full_name,c1_0.investment_amount,c1_0.investment_goal,c1_0.investment_horizon,c1_0.kyc_document_ref,c1_0.kyc_status,c1_0.liquidity_needs,c1_0.occupation,c1_0.phone_number,c1_0.risk_profile from client c1_0 where c1_0.client_id=? and c1_0.advisor_id=?
2026-03-05T10:10:19.514+05:30  INFO 39664 --- [client-service] [http-nio-8081-exec-10] c.w.client.controller.ClientController   : API Request: GET /api/clients from Advisor ID: 1
2026-03-05T10:10:19.558+05:30 DEBUG 39664 --- [client-service] [http-nio-8081-exec-10] org.hibernate.SQL                        : select c1_0.client_id,c1_0.address,c1_0.advisor_id,c1_0.created_date,c1_0.date_of_birth,c1_0.email_address,c1_0.employer,c1_0.full_name,c1_0.investment_amount,c1_0.investment_goal,c1_0.investment_horizon,c1_0.kyc_document_ref,c1_0.kyc_status,c1_0.liquidity_needs,c1_0.occupation,c1_0.phone_number,c1_0.risk_profile from client c1_0 where c1_0.advisor_id=?
2026-03-05T10:10:19.805+05:30  INFO 39664 --- [client-service] [http-nio-8081-exec-2] c.w.client.controller.ClientController   : API Request: GET /api/clients/1 from Advisor ID: 1
2026-03-05T10:10:19.808+05:30 DEBUG 39664 --- [client-service] [http-nio-8081-exec-2] org.hibernate.SQL                        : select c1_0.client_id,c1_0.address,c1_0.advisor_id,c1_0.created_date,c1_0.date_of_birth,c1_0.email_address,c1_0.employer,c1_0.full_name,c1_0.investment_amount,c1_0.investment_goal,c1_0.investment_horizon,c1_0.kyc_document_ref,c1_0.kyc_status,c1_0.liquidity_needs,c1_0.occupation,c1_0.phone_number,c1_0.risk_profile from client c1_0 where c1_0.client_id=? and c1_0.advisor_id=?
2026-03-05T10:10:22.836+05:30  INFO 39664 --- [client-service] [http-nio-8081-exec-6] c.w.client.controller.ClientController   : API Request: GET /api/clients from Advisor ID: 1
2026-03-05T10:10:22.850+05:30 DEBUG 39664 --- [client-service] [http-nio-8081-exec-6] org.hibernate.SQL                        : select c1_0.client_id,c1_0.address,c1_0.advisor_id,c1_0.created_date,c1_0.date_of_birth,c1_0.email_address,c1_0.employer,c1_0.full_name,c1_0.investment_amount,c1_0.investment_goal,c1_0.investment_horizon,c1_0.kyc_document_ref,c1_0.kyc_status,c1_0.liquidity_needs,c1_0.occupation,c1_0.phone_number,c1_0.risk_profile from client c1_0 where c1_0.advisor_id=?
2026-03-05T10:10:23.083+05:30  INFO 39664 --- [client-service] [http-nio-8081-exec-4] c.w.client.controller.ClientController   : API Request: GET /api/clients/1 from Advisor ID: 1
2026-03-05T10:10:23.086+05:30 DEBUG 39664 --- [client-service] [http-nio-8081-exec-4] org.hibernate.SQL                        : select c1_0.client_id,c1_0.address,c1_0.advisor_id,c1_0.created_date,c1_0.date_of_birth,c1_0.email_address,c1_0.employer,c1_0.full_name,c1_0.investment_amount,c1_0.investment_goal,c1_0.investment_horizon,c1_0.kyc_document_ref,c1_0.kyc_status,c1_0.liquidity_needs,c1_0.occupation,c1_0.phone_number,c1_0.risk_profile from client c1_0 where c1_0.client_id=? and c1_0.advisor_id=?
2026-03-05T10:11:50.199+05:30  INFO 39664 --- [client-service] [AsyncResolver-bootstrap-executor-%d] c.n.d.s.r.aws.ConfigClusterResolver      : Resolving eureka endpoints via configuration
2026-03-05T10:12:30.548+05:30  INFO 39664 --- [client-service] [http-nio-8081-exec-7] c.w.client.controller.ClientController   : API Request: GET /api/clients from Advisor ID: 1
2026-03-05T10:12:30.562+05:30 DEBUG 39664 --- [client-service] [http-nio-8081-exec-7] org.hibernate.SQL                        : select c1_0.client_id,c1_0.address,c1_0.advisor_id,c1_0.created_date,c1_0.date_of_birth,c1_0.email_address,c1_0.employer,c1_0.full_name,c1_0.investment_amount,c1_0.investment_goal,c1_0.investment_horizon,c1_0.kyc_document_ref,c1_0.kyc_status,c1_0.liquidity_needs,c1_0.occupation,c1_0.phone_number,c1_0.risk_profile from client c1_0 where c1_0.advisor_id=?
2026-03-05T10:13:01.963+05:30  INFO 39664 --- [client-service] [http-nio-8081-exec-8] c.w.client.controller.ClientController   : API Request: POST /api/clients from Advisor ID: 1
2026-03-05T10:13:01.966+05:30  INFO 39664 --- [client-service] [http-nio-8081-exec-8] c.wealth.client.service.ClientService    : Attempting to onboard client: kiran for Advisor ID: 1
2026-03-05T10:13:01.968+05:30 DEBUG 39664 --- [client-service] [http-nio-8081-exec-8] org.hibernate.SQL                        : select c1_0.client_id from client c1_0 where c1_0.email_address=? limit ?
2026-03-05T10:13:01.990+05:30 DEBUG 39664 --- [client-service] [http-nio-8081-exec-8] org.hibernate.SQL                        : insert into client (address,advisor_id,created_date,date_of_birth,email_address,employer,full_name,investment_amount,investment_goal,investment_horizon,kyc_document_ref,kyc_status,liquidity_needs,occupation,phone_number,risk_profile) values (?,?,?,?,?,?,?,?,?,?,?,?,?,?,?,?)
2026-03-05T10:13:02.022+05:30  INFO 39664 --- [client-service] [http-nio-8081-exec-8] c.wealth.client.service.ClientService    : Client onboarded successfully. New Client ID: 1
2026-03-05T10:13:02.130+05:30  INFO 39664 --- [client-service] [http-nio-8081-exec-5] c.w.client.controller.ClientController   : API Request: GET /api/clients/1 from Advisor ID: 1
2026-03-05T10:13:02.134+05:30 DEBUG 39664 --- [client-service] [http-nio-8081-exec-5] org.hibernate.SQL                        : select c1_0.client_id,c1_0.address,c1_0.advisor_id,c1_0.created_date,c1_0.date_of_birth,c1_0.email_address,c1_0.employer,c1_0.full_name,c1_0.investment_amount,c1_0.investment_goal,c1_0.investment_horizon,c1_0.kyc_document_ref,c1_0.kyc_status,c1_0.liquidity_needs,c1_0.occupation,c1_0.phone_number,c1_0.risk_profile from client c1_0 where c1_0.client_id=? and c1_0.advisor_id=?
2026-03-05T10:13:25.922+05:30  INFO 39664 --- [client-service] [http-nio-8081-exec-1] c.w.client.controller.ClientController   : API Request: GET /api/clients/1 from Advisor ID: 1
2026-03-05T10:13:25.931+05:30 DEBUG 39664 --- [client-service] [http-nio-8081-exec-1] org.hibernate.SQL                        : select c1_0.client_id,c1_0.address,c1_0.advisor_id,c1_0.created_date,c1_0.date_of_birth,c1_0.email_address,c1_0.employer,c1_0.full_name,c1_0.investment_amount,c1_0.investment_goal,c1_0.investment_horizon,c1_0.kyc_document_ref,c1_0.kyc_status,c1_0.liquidity_needs,c1_0.occupation,c1_0.phone_number,c1_0.risk_profile from client c1_0 where c1_0.client_id=? and c1_0.advisor_id=?
2026-03-05T10:13:30.807+05:30  INFO 39664 --- [client-service] [http-nio-8081-exec-10] c.w.client.controller.ClientController   : API Request: GET /api/clients/1 from Advisor ID: 1
2026-03-05T10:13:30.809+05:30 DEBUG 39664 --- [client-service] [http-nio-8081-exec-10] org.hibernate.SQL                        : select c1_0.client_id,c1_0.address,c1_0.advisor_id,c1_0.created_date,c1_0.date_of_birth,c1_0.email_address,c1_0.employer,c1_0.full_name,c1_0.investment_amount,c1_0.investment_goal,c1_0.investment_horizon,c1_0.kyc_document_ref,c1_0.kyc_status,c1_0.liquidity_needs,c1_0.occupation,c1_0.phone_number,c1_0.risk_profile from client c1_0 where c1_0.client_id=? and c1_0.advisor_id=?
2026-03-05T10:16:50.209+05:30  INFO 39664 --- [client-service] [AsyncResolver-bootstrap-executor-%d] c.n.d.s.r.aws.ConfigClusterResolver      : Resolving eureka endpoints via configuration
2026-03-05T10:17:19.091+05:30  INFO 39664 --- [client-service] [http-nio-8081-exec-4] c.w.client.controller.ClientController   : API Request: GET /api/clients from Advisor ID: 1
2026-03-05T10:17:19.093+05:30 DEBUG 39664 --- [client-service] [http-nio-8081-exec-4] org.hibernate.SQL                        : select c1_0.client_id,c1_0.address,c1_0.advisor_id,c1_0.created_date,c1_0.date_of_birth,c1_0.email_address,c1_0.employer,c1_0.full_name,c1_0.investment_amount,c1_0.investment_goal,c1_0.investment_horizon,c1_0.kyc_document_ref,c1_0.kyc_status,c1_0.liquidity_needs,c1_0.occupation,c1_0.phone_number,c1_0.risk_profile from client c1_0 where c1_0.advisor_id=?
2026-03-05T10:17:19.983+05:30  INFO 39664 --- [client-service] [http-nio-8081-exec-3] c.w.client.controller.ClientController   : API Request: GET /api/clients/1 from Advisor ID: 1
2026-03-05T10:17:19.985+05:30 DEBUG 39664 --- [client-service] [http-nio-8081-exec-3] org.hibernate.SQL                        : select c1_0.client_id,c1_0.address,c1_0.advisor_id,c1_0.created_date,c1_0.date_of_birth,c1_0.email_address,c1_0.employer,c1_0.full_name,c1_0.investment_amount,c1_0.investment_goal,c1_0.investment_horizon,c1_0.kyc_document_ref,c1_0.kyc_status,c1_0.liquidity_needs,c1_0.occupation,c1_0.phone_number,c1_0.risk_profile from client c1_0 where c1_0.client_id=? and c1_0.advisor_id=?
2026-03-05T10:17:45.074+05:30  INFO 39664 --- [client-service] [http-nio-8081-exec-9] c.w.client.controller.ClientController   : API Request: GET /api/clients/1 from Advisor ID: 1
2026-03-05T10:17:45.074+05:30 DEBUG 39664 --- [client-service] [http-nio-8081-exec-9] org.hibernate.SQL                        : select c1_0.client_id,c1_0.address,c1_0.advisor_id,c1_0.created_date,c1_0.date_of_birth,c1_0.email_address,c1_0.employer,c1_0.full_name,c1_0.investment_amount,c1_0.investment_goal,c1_0.investment_horizon,c1_0.kyc_document_ref,c1_0.kyc_status,c1_0.liquidity_needs,c1_0.occupation,c1_0.phone_number,c1_0.risk_profile from client c1_0 where c1_0.client_id=? and c1_0.advisor_id=?
2026-03-05T10:18:23.803+05:30  INFO 39664 --- [client-service] [http-nio-8081-exec-5] c.w.client.controller.ClientController   : API Request: GET /api/clients/1 from Advisor ID: 1
2026-03-05T10:18:23.807+05:30 DEBUG 39664 --- [client-service] [http-nio-8081-exec-5] org.hibernate.SQL                        : select c1_0.client_id,c1_0.address,c1_0.advisor_id,c1_0.created_date,c1_0.date_of_birth,c1_0.email_address,c1_0.employer,c1_0.full_name,c1_0.investment_amount,c1_0.investment_goal,c1_0.investment_horizon,c1_0.kyc_document_ref,c1_0.kyc_status,c1_0.liquidity_needs,c1_0.occupation,c1_0.phone_number,c1_0.risk_profile from client c1_0 where c1_0.client_id=? and c1_0.advisor_id=?
2026-03-05T10:18:44.858+05:30  INFO 39664 --- [client-service] [http-nio-8081-exec-1] c.w.client.controller.ClientController   : API Request: GET /api/clients/1 from Advisor ID: 1
2026-03-05T10:18:44.862+05:30 DEBUG 39664 --- [client-service] [http-nio-8081-exec-1] org.hibernate.SQL                        : select c1_0.client_id,c1_0.address,c1_0.advisor_id,c1_0.created_date,c1_0.date_of_birth,c1_0.email_address,c1_0.employer,c1_0.full_name,c1_0.investment_amount,c1_0.investment_goal,c1_0.investment_horizon,c1_0.kyc_document_ref,c1_0.kyc_status,c1_0.liquidity_needs,c1_0.occupation,c1_0.phone_number,c1_0.risk_profile from client c1_0 where c1_0.client_id=? and c1_0.advisor_id=?
2026-03-05T10:21:50.214+05:30  INFO 39664 --- [client-service] [AsyncResolver-bootstrap-executor-%d] c.n.d.s.r.aws.ConfigClusterResolver      : Resolving eureka endpoints via configuration
2026-03-05T10:26:50.224+05:30  INFO 39664 --- [client-service] [AsyncResolver-bootstrap-executor-%d] c.n.d.s.r.aws.ConfigClusterResolver      : Resolving eureka endpoints via configuration
2026-03-05T10:31:50.229+05:30  INFO 39664 --- [client-service] [AsyncResolver-bootstrap-executor-%d] c.n.d.s.r.aws.ConfigClusterResolver      : Resolving eureka endpoints via configuration
2026-03-05T10:36:50.246+05:30  INFO 39664 --- [client-service] [AsyncResolver-bootstrap-executor-%d] c.n.d.s.r.aws.ConfigClusterResolver      : Resolving eureka endpoints via configuration
2026-03-05T10:41:50.253+05:30  INFO 39664 --- [client-service] [AsyncResolver-bootstrap-executor-%d] c.n.d.s.r.aws.ConfigClusterResolver      : Resolving eureka endpoints via configuration
2026-03-05T10:45:35.077+05:30  INFO 39664 --- [client-service] [http-nio-8081-exec-6] c.w.client.controller.ClientController   : API Request: GET /api/clients from Advisor ID: 1
2026-03-05T10:45:35.179+05:30 DEBUG 39664 --- [client-service] [http-nio-8081-exec-6] org.hibernate.SQL                        : select c1_0.client_id,c1_0.address,c1_0.advisor_id,c1_0.created_date,c1_0.date_of_birth,c1_0.email_address,c1_0.employer,c1_0.full_name,c1_0.investment_amount,c1_0.investment_goal,c1_0.investment_horizon,c1_0.kyc_document_ref,c1_0.kyc_status,c1_0.liquidity_needs,c1_0.occupation,c1_0.phone_number,c1_0.risk_profile from client c1_0 where c1_0.advisor_id=?
2026-03-05T10:46:50.256+05:30  INFO 39664 --- [client-service] [AsyncResolver-bootstrap-executor-%d] c.n.d.s.r.aws.ConfigClusterResolver      : Resolving eureka endpoints via configuration
2026-03-05T10:47:26.035+05:30  INFO 39664 --- [client-service] [http-nio-8081-exec-3] c.w.client.controller.ClientController   : API Request: GET /api/clients from Advisor ID: 1
2026-03-05T10:47:26.037+05:30 DEBUG 39664 --- [client-service] [http-nio-8081-exec-3] org.hibernate.SQL                        : select c1_0.client_id,c1_0.address,c1_0.advisor_id,c1_0.created_date,c1_0.date_of_birth,c1_0.email_address,c1_0.employer,c1_0.full_name,c1_0.investment_amount,c1_0.investment_goal,c1_0.investment_horizon,c1_0.kyc_document_ref,c1_0.kyc_status,c1_0.liquidity_needs,c1_0.occupation,c1_0.phone_number,c1_0.risk_profile from client c1_0 where c1_0.advisor_id=?
2026-03-05T10:51:02.398+05:30  INFO 39664 --- [client-service] [http-nio-8081-exec-7] c.w.client.controller.ClientController   : API Request: GET /api/clients from Advisor ID: 1
2026-03-05T10:51:02.405+05:30 DEBUG 39664 --- [client-service] [http-nio-8081-exec-7] org.hibernate.SQL                        : select c1_0.client_id,c1_0.address,c1_0.advisor_id,c1_0.created_date,c1_0.date_of_birth,c1_0.email_address,c1_0.employer,c1_0.full_name,c1_0.investment_amount,c1_0.investment_goal,c1_0.investment_horizon,c1_0.kyc_document_ref,c1_0.kyc_status,c1_0.liquidity_needs,c1_0.occupation,c1_0.phone_number,c1_0.risk_profile from client c1_0 where c1_0.advisor_id=?
2026-03-05T10:51:20.653+05:30  INFO 39664 --- [client-service] [http-nio-8081-exec-8] c.w.client.controller.ClientController   : API Request: GET /api/clients from Advisor ID: 1
2026-03-05T10:51:20.657+05:30 DEBUG 39664 --- [client-service] [http-nio-8081-exec-8] org.hibernate.SQL                        : select c1_0.client_id,c1_0.address,c1_0.advisor_id,c1_0.created_date,c1_0.date_of_birth,c1_0.email_address,c1_0.employer,c1_0.full_name,c1_0.investment_amount,c1_0.investment_goal,c1_0.investment_horizon,c1_0.kyc_document_ref,c1_0.kyc_status,c1_0.liquidity_needs,c1_0.occupation,c1_0.phone_number,c1_0.risk_profile from client c1_0 where c1_0.advisor_id=?
2026-03-05T10:51:27.526+05:30  INFO 39664 --- [client-service] [http-nio-8081-exec-5] c.w.client.controller.ClientController   : API Request: GET /api/clients/1 from Advisor ID: 1
2026-03-05T10:51:27.529+05:30 DEBUG 39664 --- [client-service] [http-nio-8081-exec-5] org.hibernate.SQL                        : select c1_0.client_id,c1_0.address,c1_0.advisor_id,c1_0.created_date,c1_0.date_of_birth,c1_0.email_address,c1_0.employer,c1_0.full_name,c1_0.investment_amount,c1_0.investment_goal,c1_0.investment_horizon,c1_0.kyc_document_ref,c1_0.kyc_status,c1_0.liquidity_needs,c1_0.occupation,c1_0.phone_number,c1_0.risk_profile from client c1_0 where c1_0.client_id=? and c1_0.advisor_id=?
2026-03-05T10:51:50.258+05:30  INFO 39664 --- [client-service] [AsyncResolver-bootstrap-executor-%d] c.n.d.s.r.aws.ConfigClusterResolver      : Resolving eureka endpoints via configuration
2026-03-05T10:55:08.492+05:30  INFO 39664 --- [client-service] [http-nio-8081-exec-2] c.w.client.controller.ClientController   : API Request: GET /api/clients from Advisor ID: 1
2026-03-05T10:55:08.494+05:30 DEBUG 39664 --- [client-service] [http-nio-8081-exec-2] org.hibernate.SQL                        : select c1_0.client_id,c1_0.address,c1_0.advisor_id,c1_0.created_date,c1_0.date_of_birth,c1_0.email_address,c1_0.employer,c1_0.full_name,c1_0.investment_amount,c1_0.investment_goal,c1_0.investment_horizon,c1_0.kyc_document_ref,c1_0.kyc_status,c1_0.liquidity_needs,c1_0.occupation,c1_0.phone_number,c1_0.risk_profile from client c1_0 where c1_0.advisor_id=?
2026-03-05T10:56:50.259+05:30  INFO 39664 --- [client-service] [AsyncResolver-bootstrap-executor-%d] c.n.d.s.r.aws.ConfigClusterResolver      : Resolving eureka endpoints via configuration
2026-03-05T11:01:50.272+05:30  INFO 39664 --- [client-service] [AsyncResolver-bootstrap-executor-%d] c.n.d.s.r.aws.ConfigClusterResolver      : Resolving eureka endpoints via configuration
2026-03-05T11:03:59.743+05:30  INFO 39664 --- [client-service] [http-nio-8081-exec-4] c.w.client.controller.ClientController   : API Request: GET /api/clients from Advisor ID: 1
2026-03-05T11:03:59.749+05:30 DEBUG 39664 --- [client-service] [http-nio-8081-exec-4] org.hibernate.SQL                        : select c1_0.client_id,c1_0.address,c1_0.advisor_id,c1_0.created_date,c1_0.date_of_birth,c1_0.email_address,c1_0.employer,c1_0.full_name,c1_0.investment_amount,c1_0.investment_goal,c1_0.investment_horizon,c1_0.kyc_document_ref,c1_0.kyc_status,c1_0.liquidity_needs,c1_0.occupation,c1_0.phone_number,c1_0.risk_profile from client c1_0 where c1_0.advisor_id=?
2026-03-05T11:04:49.026+05:30  INFO 39664 --- [client-service] [http-nio-8081-exec-3] c.w.client.controller.ClientController   : API Request: GET /api/clients/1 from Advisor ID: 1
2026-03-05T11:04:49.029+05:30 DEBUG 39664 --- [client-service] [http-nio-8081-exec-3] org.hibernate.SQL                        : select c1_0.client_id,c1_0.address,c1_0.advisor_id,c1_0.created_date,c1_0.date_of_birth,c1_0.email_address,c1_0.employer,c1_0.full_name,c1_0.investment_amount,c1_0.investment_goal,c1_0.investment_horizon,c1_0.kyc_document_ref,c1_0.kyc_status,c1_0.liquidity_needs,c1_0.occupation,c1_0.phone_number,c1_0.risk_profile from client c1_0 where c1_0.client_id=? and c1_0.advisor_id=?
2026-03-05T11:06:50.274+05:30  INFO 39664 --- [client-service] [AsyncResolver-bootstrap-executor-%d] c.n.d.s.r.aws.ConfigClusterResolver      : Resolving eureka endpoints via configuration
2026-03-05T11:07:41.621+05:30  INFO 39664 --- [client-service] [http-nio-8081-exec-8] c.w.client.controller.ClientController   : API Request: GET /api/clients/1 from Advisor ID: 1
2026-03-05T11:07:41.625+05:30 DEBUG 39664 --- [client-service] [http-nio-8081-exec-8] org.hibernate.SQL                        : select c1_0.client_id,c1_0.address,c1_0.advisor_id,c1_0.created_date,c1_0.date_of_birth,c1_0.email_address,c1_0.employer,c1_0.full_name,c1_0.investment_amount,c1_0.investment_goal,c1_0.investment_horizon,c1_0.kyc_document_ref,c1_0.kyc_status,c1_0.liquidity_needs,c1_0.occupation,c1_0.phone_number,c1_0.risk_profile from client c1_0 where c1_0.client_id=? and c1_0.advisor_id=?
2026-03-05T11:11:50.276+05:30  INFO 39664 --- [client-service] [AsyncResolver-bootstrap-executor-%d] c.n.d.s.r.aws.ConfigClusterResolver      : Resolving eureka endpoints via configuration
2026-03-05T11:15:39.955+05:30  INFO 39664 --- [client-service] [http-nio-8081-exec-1] c.w.client.controller.ClientController   : API Request: GET /api/clients from Advisor ID: 1
2026-03-05T11:15:39.972+05:30 DEBUG 39664 --- [client-service] [http-nio-8081-exec-1] org.hibernate.SQL                        : select c1_0.client_id,c1_0.address,c1_0.advisor_id,c1_0.created_date,c1_0.date_of_birth,c1_0.email_address,c1_0.employer,c1_0.full_name,c1_0.investment_amount,c1_0.investment_goal,c1_0.investment_horizon,c1_0.kyc_document_ref,c1_0.kyc_status,c1_0.liquidity_needs,c1_0.occupation,c1_0.phone_number,c1_0.risk_profile from client c1_0 where c1_0.advisor_id=?
2026-03-05T11:16:34.040+05:30  INFO 39664 --- [client-service] [http-nio-8081-exec-10] c.w.client.controller.ClientController   : API Request: GET /api/clients from Advisor ID: 1
2026-03-05T11:16:34.043+05:30 DEBUG 39664 --- [client-service] [http-nio-8081-exec-10] org.hibernate.SQL                        : select c1_0.client_id,c1_0.address,c1_0.advisor_id,c1_0.created_date,c1_0.date_of_birth,c1_0.email_address,c1_0.employer,c1_0.full_name,c1_0.investment_amount,c1_0.investment_goal,c1_0.investment_horizon,c1_0.kyc_document_ref,c1_0.kyc_status,c1_0.liquidity_needs,c1_0.occupation,c1_0.phone_number,c1_0.risk_profile from client c1_0 where c1_0.advisor_id=?
2026-03-05T11:16:50.279+05:30  INFO 39664 --- [client-service] [AsyncResolver-bootstrap-executor-%d] c.n.d.s.r.aws.ConfigClusterResolver      : Resolving eureka endpoints via configuration
2026-03-05T11:20:30.937+05:30  INFO 39664 --- [client-service] [http-nio-8081-exec-6] c.w.client.controller.ClientController   : API Request: GET /api/clients from Advisor ID: 1
2026-03-05T11:20:30.939+05:30 DEBUG 39664 --- [client-service] [http-nio-8081-exec-6] org.hibernate.SQL                        : select c1_0.client_id,c1_0.address,c1_0.advisor_id,c1_0.created_date,c1_0.date_of_birth,c1_0.email_address,c1_0.employer,c1_0.full_name,c1_0.investment_amount,c1_0.investment_goal,c1_0.investment_horizon,c1_0.kyc_document_ref,c1_0.kyc_status,c1_0.liquidity_needs,c1_0.occupation,c1_0.phone_number,c1_0.risk_profile from client c1_0 where c1_0.advisor_id=?
2026-03-05T11:20:46.024+05:30  INFO 39664 --- [client-service] [http-nio-8081-exec-4] c.w.client.controller.ClientController   : API Request: GET /api/clients from Advisor ID: 1
2026-03-05T11:20:46.026+05:30 DEBUG 39664 --- [client-service] [http-nio-8081-exec-4] org.hibernate.SQL                        : select c1_0.client_id,c1_0.address,c1_0.advisor_id,c1_0.created_date,c1_0.date_of_birth,c1_0.email_address,c1_0.employer,c1_0.full_name,c1_0.investment_amount,c1_0.investment_goal,c1_0.investment_horizon,c1_0.kyc_document_ref,c1_0.kyc_status,c1_0.liquidity_needs,c1_0.occupation,c1_0.phone_number,c1_0.risk_profile from client c1_0 where c1_0.advisor_id=?
2026-03-05T11:21:04.018+05:30  INFO 39664 --- [client-service] [http-nio-8081-exec-3] c.w.client.controller.ClientController   : API Request: GET /api/clients/1 from Advisor ID: 1
2026-03-05T11:21:04.024+05:30 DEBUG 39664 --- [client-service] [http-nio-8081-exec-3] org.hibernate.SQL                        : select c1_0.client_id,c1_0.address,c1_0.advisor_id,c1_0.created_date,c1_0.date_of_birth,c1_0.email_address,c1_0.employer,c1_0.full_name,c1_0.investment_amount,c1_0.investment_goal,c1_0.investment_horizon,c1_0.kyc_document_ref,c1_0.kyc_status,c1_0.liquidity_needs,c1_0.occupation,c1_0.phone_number,c1_0.risk_profile from client c1_0 where c1_0.client_id=? and c1_0.advisor_id=?
2026-03-05T11:21:36.052+05:30  INFO 39664 --- [client-service] [http-nio-8081-exec-9] c.w.client.controller.ClientController   : API Request: GET /api/clients/1 from Advisor ID: 1
2026-03-05T11:21:36.057+05:30 DEBUG 39664 --- [client-service] [http-nio-8081-exec-9] org.hibernate.SQL                        : select c1_0.client_id,c1_0.address,c1_0.advisor_id,c1_0.created_date,c1_0.date_of_birth,c1_0.email_address,c1_0.employer,c1_0.full_name,c1_0.investment_amount,c1_0.investment_goal,c1_0.investment_horizon,c1_0.kyc_document_ref,c1_0.kyc_status,c1_0.liquidity_needs,c1_0.occupation,c1_0.phone_number,c1_0.risk_profile from client c1_0 where c1_0.client_id=? and c1_0.advisor_id=?
2026-03-05T11:21:43.717+05:30  INFO 39664 --- [client-service] [http-nio-8081-exec-7] c.w.client.controller.ClientController   : API Request: GET /api/clients from Advisor ID: 1
2026-03-05T11:21:43.718+05:30 DEBUG 39664 --- [client-service] [http-nio-8081-exec-7] org.hibernate.SQL                        : select c1_0.client_id,c1_0.address,c1_0.advisor_id,c1_0.created_date,c1_0.date_of_birth,c1_0.email_address,c1_0.employer,c1_0.full_name,c1_0.investment_amount,c1_0.investment_goal,c1_0.investment_horizon,c1_0.kyc_document_ref,c1_0.kyc_status,c1_0.liquidity_needs,c1_0.occupation,c1_0.phone_number,c1_0.risk_profile from client c1_0 where c1_0.advisor_id=?
2026-03-05T11:21:43.828+05:30  INFO 39664 --- [client-service] [http-nio-8081-exec-8] c.w.client.controller.ClientController   : API Request: GET /api/clients/1 from Advisor ID: 1
2026-03-05T11:21:43.830+05:30 DEBUG 39664 --- [client-service] [http-nio-8081-exec-8] org.hibernate.SQL                        : select c1_0.client_id,c1_0.address,c1_0.advisor_id,c1_0.created_date,c1_0.date_of_birth,c1_0.email_address,c1_0.employer,c1_0.full_name,c1_0.investment_amount,c1_0.investment_goal,c1_0.investment_horizon,c1_0.kyc_document_ref,c1_0.kyc_status,c1_0.liquidity_needs,c1_0.occupation,c1_0.phone_number,c1_0.risk_profile from client c1_0 where c1_0.client_id=? and c1_0.advisor_id=?
2026-03-05T11:21:48.632+05:30  INFO 39664 --- [client-service] [http-nio-8081-exec-5] c.w.client.controller.ClientController   : API Request: GET /api/clients from Advisor ID: 1
2026-03-05T11:21:48.634+05:30 DEBUG 39664 --- [client-service] [http-nio-8081-exec-5] org.hibernate.SQL                        : select c1_0.client_id,c1_0.address,c1_0.advisor_id,c1_0.created_date,c1_0.date_of_birth,c1_0.email_address,c1_0.employer,c1_0.full_name,c1_0.investment_amount,c1_0.investment_goal,c1_0.investment_horizon,c1_0.kyc_document_ref,c1_0.kyc_status,c1_0.liquidity_needs,c1_0.occupation,c1_0.phone_number,c1_0.risk_profile from client c1_0 where c1_0.advisor_id=?
2026-03-05T11:21:48.735+05:30  INFO 39664 --- [client-service] [http-nio-8081-exec-1] c.w.client.controller.ClientController   : API Request: GET /api/clients/1 from Advisor ID: 1
2026-03-05T11:21:48.735+05:30 DEBUG 39664 --- [client-service] [http-nio-8081-exec-1] org.hibernate.SQL                        : select c1_0.client_id,c1_0.address,c1_0.advisor_id,c1_0.created_date,c1_0.date_of_birth,c1_0.email_address,c1_0.employer,c1_0.full_name,c1_0.investment_amount,c1_0.investment_goal,c1_0.investment_horizon,c1_0.kyc_document_ref,c1_0.kyc_status,c1_0.liquidity_needs,c1_0.occupation,c1_0.phone_number,c1_0.risk_profile from client c1_0 where c1_0.client_id=? and c1_0.advisor_id=?
2026-03-05T11:21:50.284+05:30  INFO 39664 --- [client-service] [AsyncResolver-bootstrap-executor-%d] c.n.d.s.r.aws.ConfigClusterResolver      : Resolving eureka endpoints via configuration
2026-03-05T11:21:50.632+05:30  INFO 39664 --- [client-service] [http-nio-8081-exec-10] c.w.client.controller.ClientController   : API Request: GET /api/clients/1 from Advisor ID: 1
2026-03-05T11:21:50.632+05:30 DEBUG 39664 --- [client-service] [http-nio-8081-exec-10] org.hibernate.SQL                        : select c1_0.client_id,c1_0.address,c1_0.advisor_id,c1_0.created_date,c1_0.date_of_birth,c1_0.email_address,c1_0.employer,c1_0.full_name,c1_0.investment_amount,c1_0.investment_goal,c1_0.investment_horizon,c1_0.kyc_document_ref,c1_0.kyc_status,c1_0.liquidity_needs,c1_0.occupation,c1_0.phone_number,c1_0.risk_profile from client c1_0 where c1_0.client_id=? and c1_0.advisor_id=?
2026-03-05T11:22:24.815+05:30  INFO 39664 --- [client-service] [http-nio-8081-exec-2] c.w.client.controller.ClientController   : API Request: GET /api/clients from Advisor ID: 1
2026-03-05T11:22:24.816+05:30 DEBUG 39664 --- [client-service] [http-nio-8081-exec-2] org.hibernate.SQL                        : select c1_0.client_id,c1_0.address,c1_0.advisor_id,c1_0.created_date,c1_0.date_of_birth,c1_0.email_address,c1_0.employer,c1_0.full_name,c1_0.investment_amount,c1_0.investment_goal,c1_0.investment_horizon,c1_0.kyc_document_ref,c1_0.kyc_status,c1_0.liquidity_needs,c1_0.occupation,c1_0.phone_number,c1_0.risk_profile from client c1_0 where c1_0.advisor_id=?
2026-03-05T11:24:21.644+05:30  INFO 39664 --- [client-service] [http-nio-8081-exec-3] c.w.client.controller.ClientController   : API Request: GET /api/clients from Advisor ID: 1
2026-03-05T11:24:21.654+05:30 DEBUG 39664 --- [client-service] [http-nio-8081-exec-3] org.hibernate.SQL                        : select c1_0.client_id,c1_0.address,c1_0.advisor_id,c1_0.created_date,c1_0.date_of_birth,c1_0.email_address,c1_0.employer,c1_0.full_name,c1_0.investment_amount,c1_0.investment_goal,c1_0.investment_horizon,c1_0.kyc_document_ref,c1_0.kyc_status,c1_0.liquidity_needs,c1_0.occupation,c1_0.phone_number,c1_0.risk_profile from client c1_0 where c1_0.advisor_id=?
2026-03-05T11:25:35.241+05:30  INFO 39664 --- [client-service] [http-nio-8081-exec-7] c.w.client.controller.ClientController   : API Request: GET /api/clients from Advisor ID: 1
2026-03-05T11:25:35.248+05:30 DEBUG 39664 --- [client-service] [http-nio-8081-exec-7] org.hibernate.SQL                        : select c1_0.client_id,c1_0.address,c1_0.advisor_id,c1_0.created_date,c1_0.date_of_birth,c1_0.email_address,c1_0.employer,c1_0.full_name,c1_0.investment_amount,c1_0.investment_goal,c1_0.investment_horizon,c1_0.kyc_document_ref,c1_0.kyc_status,c1_0.liquidity_needs,c1_0.occupation,c1_0.phone_number,c1_0.risk_profile from client c1_0 where c1_0.advisor_id=?
2026-03-05T11:25:57.708+05:30  INFO 39664 --- [client-service] [http-nio-8081-exec-8] c.w.client.controller.ClientController   : API Request: GET /api/clients from Advisor ID: 1
2026-03-05T11:25:57.714+05:30 DEBUG 39664 --- [client-service] [http-nio-8081-exec-8] org.hibernate.SQL                        : select c1_0.client_id,c1_0.address,c1_0.advisor_id,c1_0.created_date,c1_0.date_of_birth,c1_0.email_address,c1_0.employer,c1_0.full_name,c1_0.investment_amount,c1_0.investment_goal,c1_0.investment_horizon,c1_0.kyc_document_ref,c1_0.kyc_status,c1_0.liquidity_needs,c1_0.occupation,c1_0.phone_number,c1_0.risk_profile from client c1_0 where c1_0.advisor_id=?
2026-03-05T11:26:50.297+05:30  INFO 39664 --- [client-service] [AsyncResolver-bootstrap-executor-%d] c.n.d.s.r.aws.ConfigClusterResolver      : Resolving eureka endpoints via configuration
2026-03-05T11:31:50.309+05:30  INFO 39664 --- [client-service] [AsyncResolver-bootstrap-executor-%d] c.n.d.s.r.aws.ConfigClusterResolver      : Resolving eureka endpoints via configuration
2026-03-05T11:34:04.197+05:30  INFO 39664 --- [client-service] [http-nio-8081-exec-1] c.w.client.controller.ClientController   : API Request: GET /api/clients from Advisor ID: 1
2026-03-05T11:34:04.219+05:30 DEBUG 39664 --- [client-service] [http-nio-8081-exec-1] org.hibernate.SQL                        : select c1_0.client_id,c1_0.address,c1_0.advisor_id,c1_0.created_date,c1_0.date_of_birth,c1_0.email_address,c1_0.employer,c1_0.full_name,c1_0.investment_amount,c1_0.investment_goal,c1_0.investment_horizon,c1_0.kyc_document_ref,c1_0.kyc_status,c1_0.liquidity_needs,c1_0.occupation,c1_0.phone_number,c1_0.risk_profile from client c1_0 where c1_0.advisor_id=?
2026-03-05T11:36:50.317+05:30  INFO 39664 --- [client-service] [AsyncResolver-bootstrap-executor-%d] c.n.d.s.r.aws.ConfigClusterResolver      : Resolving eureka endpoints via configuration
2026-03-05T11:41:50.329+05:30  INFO 39664 --- [client-service] [AsyncResolver-bootstrap-executor-%d] c.n.d.s.r.aws.ConfigClusterResolver      : Resolving eureka endpoints via configuration
2026-03-05T11:42:37.340+05:30  INFO 39664 --- [client-service] [http-nio-8081-exec-2] c.w.client.controller.ClientController   : API Request: GET /api/clients from Advisor ID: 1
2026-03-05T11:42:37.349+05:30 DEBUG 39664 --- [client-service] [http-nio-8081-exec-2] org.hibernate.SQL                        : select c1_0.client_id,c1_0.address,c1_0.advisor_id,c1_0.created_date,c1_0.date_of_birth,c1_0.email_address,c1_0.employer,c1_0.full_name,c1_0.investment_amount,c1_0.investment_goal,c1_0.investment_horizon,c1_0.kyc_document_ref,c1_0.kyc_status,c1_0.liquidity_needs,c1_0.occupation,c1_0.phone_number,c1_0.risk_profile from client c1_0 where c1_0.advisor_id=?
2026-03-05T11:43:24.702+05:30  INFO 39664 --- [client-service] [http-nio-8081-exec-6] c.w.client.controller.ClientController   : API Request: GET /api/clients/1 from Advisor ID: 1
2026-03-05T11:43:24.702+05:30 DEBUG 39664 --- [client-service] [http-nio-8081-exec-6] org.hibernate.SQL                        : select c1_0.client_id,c1_0.address,c1_0.advisor_id,c1_0.created_date,c1_0.date_of_birth,c1_0.email_address,c1_0.employer,c1_0.full_name,c1_0.investment_amount,c1_0.investment_goal,c1_0.investment_horizon,c1_0.kyc_document_ref,c1_0.kyc_status,c1_0.liquidity_needs,c1_0.occupation,c1_0.phone_number,c1_0.risk_profile from client c1_0 where c1_0.client_id=? and c1_0.advisor_id=?
2026-03-05T11:46:11.981+05:30  INFO 39664 --- [client-service] [http-nio-8081-exec-9] c.w.client.controller.ClientController   : API Request: GET /api/clients from Advisor ID: 1
2026-03-05T11:46:11.983+05:30 DEBUG 39664 --- [client-service] [http-nio-8081-exec-9] org.hibernate.SQL                        : select c1_0.client_id,c1_0.address,c1_0.advisor_id,c1_0.created_date,c1_0.date_of_birth,c1_0.email_address,c1_0.employer,c1_0.full_name,c1_0.investment_amount,c1_0.investment_goal,c1_0.investment_horizon,c1_0.kyc_document_ref,c1_0.kyc_status,c1_0.liquidity_needs,c1_0.occupation,c1_0.phone_number,c1_0.risk_profile from client c1_0 where c1_0.advisor_id=?
2026-03-05T11:46:50.332+05:30  INFO 39664 --- [client-service] [AsyncResolver-bootstrap-executor-%d] c.n.d.s.r.aws.ConfigClusterResolver      : Resolving eureka endpoints via configuration
2026-03-05T11:47:03.640+05:30  INFO 39664 --- [client-service] [http-nio-8081-exec-7] c.w.client.controller.ClientController   : API Request: GET /api/clients from Advisor ID: 1
2026-03-05T11:47:03.641+05:30 DEBUG 39664 --- [client-service] [http-nio-8081-exec-7] org.hibernate.SQL                        : select c1_0.client_id,c1_0.address,c1_0.advisor_id,c1_0.created_date,c1_0.date_of_birth,c1_0.email_address,c1_0.employer,c1_0.full_name,c1_0.investment_amount,c1_0.investment_goal,c1_0.investment_horizon,c1_0.kyc_document_ref,c1_0.kyc_status,c1_0.liquidity_needs,c1_0.occupation,c1_0.phone_number,c1_0.risk_profile from client c1_0 where c1_0.advisor_id=?
2026-03-05T11:48:43.250+05:30  INFO 39664 --- [client-service] [http-nio-8081-exec-5] c.w.client.controller.ClientController   : API Request: GET /api/clients/1 from Advisor ID: 1
2026-03-05T11:48:43.252+05:30 DEBUG 39664 --- [client-service] [http-nio-8081-exec-5] org.hibernate.SQL                        : select c1_0.client_id,c1_0.address,c1_0.advisor_id,c1_0.created_date,c1_0.date_of_birth,c1_0.email_address,c1_0.employer,c1_0.full_name,c1_0.investment_amount,c1_0.investment_goal,c1_0.investment_horizon,c1_0.kyc_document_ref,c1_0.kyc_status,c1_0.liquidity_needs,c1_0.occupation,c1_0.phone_number,c1_0.risk_profile from client c1_0 where c1_0.client_id=? and c1_0.advisor_id=?
2026-03-05T11:49:22.981+05:30  INFO 39664 --- [client-service] [http-nio-8081-exec-1] c.w.client.controller.ClientController   : API Request: POST /api/clients from Advisor ID: 1
2026-03-05T11:49:22.982+05:30  INFO 39664 --- [client-service] [http-nio-8081-exec-1] c.wealth.client.service.ClientService    : Attempting to onboard client: arjun for Advisor ID: 1
2026-03-05T11:49:22.986+05:30 DEBUG 39664 --- [client-service] [http-nio-8081-exec-1] org.hibernate.SQL                        : select c1_0.client_id from client c1_0 where c1_0.email_address=? limit ?
2026-03-05T11:49:23.095+05:30 DEBUG 39664 --- [client-service] [http-nio-8081-exec-1] org.hibernate.SQL                        : insert into client (address,advisor_id,created_date,date_of_birth,email_address,employer,full_name,investment_amount,investment_goal,investment_horizon,kyc_document_ref,kyc_status,liquidity_needs,occupation,phone_number,risk_profile) values (?,?,?,?,?,?,?,?,?,?,?,?,?,?,?,?)
2026-03-05T11:49:23.150+05:30  INFO 39664 --- [client-service] [http-nio-8081-exec-1] c.wealth.client.service.ClientService    : Client onboarded successfully. New Client ID: 2
2026-03-05T11:49:23.207+05:30  INFO 39664 --- [client-service] [http-nio-8081-exec-10] c.w.client.controller.ClientController   : API Request: GET /api/clients/2 from Advisor ID: 1
2026-03-05T11:49:23.209+05:30 DEBUG 39664 --- [client-service] [http-nio-8081-exec-10] org.hibernate.SQL                        : select c1_0.client_id,c1_0.address,c1_0.advisor_id,c1_0.created_date,c1_0.date_of_birth,c1_0.email_address,c1_0.employer,c1_0.full_name,c1_0.investment_amount,c1_0.investment_goal,c1_0.investment_horizon,c1_0.kyc_document_ref,c1_0.kyc_status,c1_0.liquidity_needs,c1_0.occupation,c1_0.phone_number,c1_0.risk_profile from client c1_0 where c1_0.client_id=? and c1_0.advisor_id=?
2026-03-05T11:49:23.788+05:30  INFO 39664 --- [client-service] [http-nio-8081-exec-2] c.w.client.controller.ClientController   : API Request: GET /api/clients/2 from Advisor ID: 1
2026-03-05T11:49:23.789+05:30 DEBUG 39664 --- [client-service] [http-nio-8081-exec-2] org.hibernate.SQL                        : select c1_0.client_id,c1_0.address,c1_0.advisor_id,c1_0.created_date,c1_0.date_of_birth,c1_0.email_address,c1_0.employer,c1_0.full_name,c1_0.investment_amount,c1_0.investment_goal,c1_0.investment_horizon,c1_0.kyc_document_ref,c1_0.kyc_status,c1_0.liquidity_needs,c1_0.occupation,c1_0.phone_number,c1_0.risk_profile from client c1_0 where c1_0.client_id=? and c1_0.advisor_id=?
2026-03-05T11:51:50.350+05:30  INFO 39664 --- [client-service] [AsyncResolver-bootstrap-executor-%d] c.n.d.s.r.aws.ConfigClusterResolver      : Resolving eureka endpoints via configuration
2026-03-05T11:59:00.995+05:30  WARN 39664 --- [client-service] [HikariPool-1:housekeeper] com.zaxxer.hikari.pool.HikariPool        : HikariPool-1 - Thread starvation or clock leap detected (housekeeper delta=4m12s704ms76µs800ns).
2026-03-05T12:00:22.515+05:30  INFO 39664 --- [client-service] [http-nio-8081-exec-9] c.w.client.controller.ClientController   : API Request: GET /api/clients from Advisor ID: 1
2026-03-05T12:00:22.559+05:30 DEBUG 39664 --- [client-service] [http-nio-8081-exec-9] org.hibernate.SQL                        : select c1_0.client_id,c1_0.address,c1_0.advisor_id,c1_0.created_date,c1_0.date_of_birth,c1_0.email_address,c1_0.employer,c1_0.full_name,c1_0.investment_amount,c1_0.investment_goal,c1_0.investment_horizon,c1_0.kyc_document_ref,c1_0.kyc_status,c1_0.liquidity_needs,c1_0.occupation,c1_0.phone_number,c1_0.risk_profile from client c1_0 where c1_0.advisor_id=?
2026-03-05T12:00:44.520+05:30  INFO 39664 --- [client-service] [AsyncResolver-bootstrap-executor-%d] c.n.d.s.r.aws.ConfigClusterResolver      : Resolving eureka endpoints via configuration
2026-03-05T12:02:03.622+05:30  INFO 39664 --- [client-service] [http-nio-8081-exec-8] c.w.client.controller.ClientController   : API Request: POST /api/clients from Advisor ID: 1
2026-03-05T12:02:03.623+05:30  INFO 39664 --- [client-service] [http-nio-8081-exec-8] c.wealth.client.service.ClientService    : Attempting to onboard client: pavan for Advisor ID: 1
2026-03-05T12:02:03.626+05:30 DEBUG 39664 --- [client-service] [http-nio-8081-exec-8] org.hibernate.SQL                        : select c1_0.client_id from client c1_0 where c1_0.email_address=? limit ?
2026-03-05T12:02:03.644+05:30 DEBUG 39664 --- [client-service] [http-nio-8081-exec-8] org.hibernate.SQL                        : insert into client (address,advisor_id,created_date,date_of_birth,email_address,employer,full_name,investment_amount,investment_goal,investment_horizon,kyc_document_ref,kyc_status,liquidity_needs,occupation,phone_number,risk_profile) values (?,?,?,?,?,?,?,?,?,?,?,?,?,?,?,?)
2026-03-05T12:02:03.664+05:30  INFO 39664 --- [client-service] [http-nio-8081-exec-8] c.wealth.client.service.ClientService    : Client onboarded successfully. New Client ID: 3
2026-03-05T12:02:03.772+05:30  INFO 39664 --- [client-service] [http-nio-8081-exec-5] c.w.client.controller.ClientController   : API Request: GET /api/clients/3 from Advisor ID: 1
2026-03-05T12:02:03.773+05:30 DEBUG 39664 --- [client-service] [http-nio-8081-exec-5] org.hibernate.SQL                        : select c1_0.client_id,c1_0.address,c1_0.advisor_id,c1_0.created_date,c1_0.date_of_birth,c1_0.email_address,c1_0.employer,c1_0.full_name,c1_0.investment_amount,c1_0.investment_goal,c1_0.investment_horizon,c1_0.kyc_document_ref,c1_0.kyc_status,c1_0.liquidity_needs,c1_0.occupation,c1_0.phone_number,c1_0.risk_profile from client c1_0 where c1_0.client_id=? and c1_0.advisor_id=?
2026-03-05T12:05:44.526+05:30  INFO 39664 --- [client-service] [AsyncResolver-bootstrap-executor-%d] c.n.d.s.r.aws.ConfigClusterResolver      : Resolving eureka endpoints via configuration
2026-03-05T12:09:35.765+05:30  WARN 39664 --- [client-service] [HikariPool-1:housekeeper] com.zaxxer.hikari.pool.HikariPool        : HikariPool-1 - Thread starvation or clock leap detected (housekeeper delta=1m4s572ms839µs500ns).
2026-03-05T12:09:45.273+05:30  INFO 39664 --- [client-service] [http-nio-8081-exec-2] c.w.client.controller.ClientController   : API Request: GET /api/clients from Advisor ID: 1
2026-03-05T12:09:45.381+05:30 DEBUG 39664 --- [client-service] [http-nio-8081-exec-2] org.hibernate.SQL                        : select c1_0.client_id,c1_0.address,c1_0.advisor_id,c1_0.created_date,c1_0.date_of_birth,c1_0.email_address,c1_0.employer,c1_0.full_name,c1_0.investment_amount,c1_0.investment_goal,c1_0.investment_horizon,c1_0.kyc_document_ref,c1_0.kyc_status,c1_0.liquidity_needs,c1_0.occupation,c1_0.phone_number,c1_0.risk_profile from client c1_0 where c1_0.advisor_id=?
2026-03-05T12:11:31.176+05:30  INFO 39664 --- [client-service] [AsyncResolver-bootstrap-executor-%d] c.n.d.s.r.aws.ConfigClusterResolver      : Resolving eureka endpoints via configuration
2026-03-05T12:11:38.902+05:30  INFO 39664 --- [client-service] [http-nio-8081-exec-6] c.w.client.controller.ClientController   : API Request: GET /api/clients/2 from Advisor ID: 1
2026-03-05T12:11:38.906+05:30 DEBUG 39664 --- [client-service] [http-nio-8081-exec-6] org.hibernate.SQL                        : select c1_0.client_id,c1_0.address,c1_0.advisor_id,c1_0.created_date,c1_0.date_of_birth,c1_0.email_address,c1_0.employer,c1_0.full_name,c1_0.investment_amount,c1_0.investment_goal,c1_0.investment_horizon,c1_0.kyc_document_ref,c1_0.kyc_status,c1_0.liquidity_needs,c1_0.occupation,c1_0.phone_number,c1_0.risk_profile from client c1_0 where c1_0.client_id=? and c1_0.advisor_id=?
2026-03-05T12:12:57.849+05:30  INFO 39664 --- [client-service] [http-nio-8081-exec-9] c.w.client.controller.ClientController   : API Request: GET /api/clients from Advisor ID: 1
2026-03-05T12:12:57.851+05:30 DEBUG 39664 --- [client-service] [http-nio-8081-exec-9] org.hibernate.SQL                        : select c1_0.client_id,c1_0.address,c1_0.advisor_id,c1_0.created_date,c1_0.date_of_birth,c1_0.email_address,c1_0.employer,c1_0.full_name,c1_0.investment_amount,c1_0.investment_goal,c1_0.investment_horizon,c1_0.kyc_document_ref,c1_0.kyc_status,c1_0.liquidity_needs,c1_0.occupation,c1_0.phone_number,c1_0.risk_profile from client c1_0 where c1_0.advisor_id=?
2026-03-05T12:15:59.099+05:30  INFO 39664 --- [client-service] [http-nio-8081-exec-8] c.w.client.controller.ClientController   : API Request: GET /api/clients from Advisor ID: 1
2026-03-05T12:15:59.121+05:30 DEBUG 39664 --- [client-service] [http-nio-8081-exec-8] org.hibernate.SQL                        : select c1_0.client_id,c1_0.address,c1_0.advisor_id,c1_0.created_date,c1_0.date_of_birth,c1_0.email_address,c1_0.employer,c1_0.full_name,c1_0.investment_amount,c1_0.investment_goal,c1_0.investment_horizon,c1_0.kyc_document_ref,c1_0.kyc_status,c1_0.liquidity_needs,c1_0.occupation,c1_0.phone_number,c1_0.risk_profile from client c1_0 where c1_0.advisor_id=?
2026-03-05T12:16:31.197+05:30  INFO 39664 --- [client-service] [AsyncResolver-bootstrap-executor-%d] c.n.d.s.r.aws.ConfigClusterResolver      : Resolving eureka endpoints via configuration
2026-03-05T12:21:31.206+05:30  INFO 39664 --- [client-service] [AsyncResolver-bootstrap-executor-%d] c.n.d.s.r.aws.ConfigClusterResolver      : Resolving eureka endpoints via configuration
2026-03-05T12:29:43.678+05:30  INFO 39664 --- [client-service] [http-nio-8081-exec-1] c.w.client.controller.ClientController   : API Request: GET /api/clients from Advisor ID: 1
2026-03-05T12:29:43.734+05:30 DEBUG 39664 --- [client-service] [http-nio-8081-exec-1] org.hibernate.SQL                        : select c1_0.client_id,c1_0.address,c1_0.advisor_id,c1_0.created_date,c1_0.date_of_birth,c1_0.email_address,c1_0.employer,c1_0.full_name,c1_0.investment_amount,c1_0.investment_goal,c1_0.investment_horizon,c1_0.kyc_document_ref,c1_0.kyc_status,c1_0.liquidity_needs,c1_0.occupation,c1_0.phone_number,c1_0.risk_profile from client c1_0 where c1_0.advisor_id=?
2026-03-05T12:29:45.093+05:30  WARN 39664 --- [client-service] [HikariPool-1:housekeeper] com.zaxxer.hikari.pool.HikariPool        : HikariPool-1 - Thread starvation or clock leap detected (housekeeper delta=6m39s152ms190µs700ns).
2026-03-05T12:32:52.202+05:30  INFO 39664 --- [client-service] [AsyncResolver-bootstrap-executor-%d] c.n.d.s.r.aws.ConfigClusterResolver      : Resolving eureka endpoints via configuration
2026-03-05T12:37:52.214+05:30  INFO 39664 --- [client-service] [AsyncResolver-bootstrap-executor-%d] c.n.d.s.r.aws.ConfigClusterResolver      : Resolving eureka endpoints via configuration
2026-03-05T14:48:39.567+05:30  INFO 27484 --- [client-service] [main] c.w.client.ClientServiceApplication      : Starting ClientServiceApplication using Java 25 with PID 27484 (C:\Users\2463660\OneDrive - Cognizant\Desktop\Wealth-Wise-Management-Portfoilio-Advisory-System\Backend\client-service\client-service\target\classes started by 2463660 in C:\Users\2463660\OneDrive - Cognizant\Desktop\Wealth-Wise-Management-Portfoilio-Advisory-System\Backend\client-service\client-service)
2026-03-05T14:48:39.577+05:30  INFO 27484 --- [client-service] [main] c.w.client.ClientServiceApplication      : No active profile set, falling back to 1 default profile: "default"
2026-03-05T14:48:43.572+05:30  INFO 27484 --- [client-service] [main] .s.d.r.c.RepositoryConfigurationDelegate : Bootstrapping Spring Data JPA repositories in DEFAULT mode.
2026-03-05T14:48:44.201+05:30  INFO 27484 --- [client-service] [main] .s.d.r.c.RepositoryConfigurationDelegate : Finished Spring Data repository scanning in 578 ms. Found 1 JPA repository interface.
2026-03-05T14:48:44.918+05:30  INFO 27484 --- [client-service] [main] o.s.cloud.context.scope.GenericScope     : BeanFactory id=ec5c0d43-0339-3e3a-a9ea-0dfc89d70fb0
2026-03-05T14:48:46.105+05:30  INFO 27484 --- [client-service] [main] o.s.boot.tomcat.TomcatWebServer          : Tomcat initialized with port 8081 (http)
2026-03-05T14:48:46.140+05:30  INFO 27484 --- [client-service] [main] o.apache.catalina.core.StandardService   : Starting service [Tomcat]
2026-03-05T14:48:46.142+05:30  INFO 27484 --- [client-service] [main] o.apache.catalina.core.StandardEngine    : Starting Servlet engine: [Apache Tomcat/11.0.15]
2026-03-05T14:48:46.358+05:30  INFO 27484 --- [client-service] [main] b.w.c.s.WebApplicationContextInitializer : Root WebApplicationContext: initialization completed in 6646 ms
2026-03-05T14:48:46.822+05:30  INFO 27484 --- [client-service] [main] org.hibernate.orm.jpa                    : HHH008540: Processing PersistenceUnitInfo [name: default]
2026-03-05T14:48:46.962+05:30  INFO 27484 --- [client-service] [main] org.hibernate.orm.core                   : HHH000001: Hibernate ORM core version 7.2.1.Final
2026-03-05T14:48:48.891+05:30  INFO 27484 --- [client-service] [main] o.s.o.j.p.SpringPersistenceUnitInfo      : No LoadTimeWeaver setup: ignoring JPA class transformer
2026-03-05T14:48:48.966+05:30  INFO 27484 --- [client-service] [main] com.zaxxer.hikari.HikariDataSource       : HikariPool-1 - Starting...
2026-03-05T14:48:50.678+05:30  WARN 27484 --- [client-service] [main] org.hibernate.orm.jdbc.error             : HHH000247: ErrorCode: 1045, SQLState: 28000
2026-03-05T14:48:50.683+05:30  WARN 27484 --- [client-service] [main] org.hibernate.orm.jdbc.error             : Access denied for user 'root'@'localhost' (using password: YES)
2026-03-05T14:48:50.685+05:30  WARN 27484 --- [client-service] [main] org.hibernate.orm.jdbc                   : HHH100046: Could not obtain connection to query JDBC database metadata

org.hibernate.exception.AuthException: Unable to obtain isolated JDBC connection [Access denied for user 'root'@'localhost' (using password: YES)] [n/a]
	at org.hibernate.exception.internal.SQLStateConversionDelegate.convert(SQLStateConversionDelegate.java:87) ~[hibernate-core-7.2.1.Final.jar:7.2.1.Final]
	at org.hibernate.exception.internal.StandardSQLExceptionConverter.convert(StandardSQLExceptionConverter.java:34) ~[hibernate-core-7.2.1.Final.jar:7.2.1.Final]
	at org.hibernate.engine.jdbc.spi.SqlExceptionHelper.convert(SqlExceptionHelper.java:115) ~[hibernate-core-7.2.1.Final.jar:7.2.1.Final]
	at org.hibernate.engine.jdbc.spi.SqlExceptionHelper.convert(SqlExceptionHelper.java:101) ~[hibernate-core-7.2.1.Final.jar:7.2.1.Final]
	at org.hibernate.resource.transaction.backend.jdbc.internal.JdbcIsolationDelegate.delegateWork(JdbcIsolationDelegate.java:51) ~[hibernate-core-7.2.1.Final.jar:7.2.1.Final]
	at org.hibernate.engine.jdbc.env.internal.JdbcEnvironmentInitiator.getJdbcEnvironmentUsingJdbcMetadata(JdbcEnvironmentInitiator.java:366) ~[hibernate-core-7.2.1.Final.jar:7.2.1.Final]
	at org.hibernate.engine.jdbc.env.internal.JdbcEnvironmentInitiator.getJdbcEnvironment(JdbcEnvironmentInitiator.java:143) ~[hibernate-core-7.2.1.Final.jar:7.2.1.Final]
	at org.hibernate.engine.jdbc.env.internal.JdbcEnvironmentInitiator.initiateService(JdbcEnvironmentInitiator.java:120) ~[hibernate-core-7.2.1.Final.jar:7.2.1.Final]
	at org.hibernate.engine.jdbc.env.internal.JdbcEnvironmentInitiator.initiateService(JdbcEnvironmentInitiator.java:80) ~[hibernate-core-7.2.1.Final.jar:7.2.1.Final]
	at org.hibernate.boot.registry.internal.StandardServiceRegistryImpl.initiateService(StandardServiceRegistryImpl.java:133) ~[hibernate-core-7.2.1.Final.jar:7.2.1.Final]
	at org.hibernate.service.internal.AbstractServiceRegistryImpl.createService(AbstractServiceRegistryImpl.java:260) ~[hibernate-core-7.2.1.Final.jar:7.2.1.Final]
	at org.hibernate.service.internal.AbstractServiceRegistryImpl.initializeService(AbstractServiceRegistryImpl.java:235) ~[hibernate-core-7.2.1.Final.jar:7.2.1.Final]
	at org.hibernate.service.internal.AbstractServiceRegistryImpl.getService(AbstractServiceRegistryImpl.java:212) ~[hibernate-core-7.2.1.Final.jar:7.2.1.Final]
	at org.hibernate.boot.model.relational.Database.<init>(Database.java:44) ~[hibernate-core-7.2.1.Final.jar:7.2.1.Final]
	at org.hibernate.boot.internal.InFlightMetadataCollectorImpl.getDatabase(InFlightMetadataCollectorImpl.java:251) ~[hibernate-core-7.2.1.Final.jar:7.2.1.Final]
	at org.hibernate.boot.internal.InFlightMetadataCollectorImpl.<init>(InFlightMetadataCollectorImpl.java:203) ~[hibernate-core-7.2.1.Final.jar:7.2.1.Final]
	at org.hibernate.boot.model.process.spi.MetadataBuildingProcess.complete(MetadataBuildingProcess.java:170) ~[hibernate-core-7.2.1.Final.jar:7.2.1.Final]
	at org.hibernate.jpa.boot.internal.EntityManagerFactoryBuilderImpl.metadata(EntityManagerFactoryBuilderImpl.java:1392) ~[hibernate-core-7.2.1.Final.jar:7.2.1.Final]
	at org.hibernate.jpa.boot.internal.EntityManagerFactoryBuilderImpl.populateSessionFactoryBuilder(EntityManagerFactoryBuilderImpl.java:1472) ~[hibernate-core-7.2.1.Final.jar:7.2.1.Final]
	at org.hibernate.jpa.boot.internal.EntityManagerFactoryBuilderImpl.build(EntityManagerFactoryBuilderImpl.java:1454) ~[hibernate-core-7.2.1.Final.jar:7.2.1.Final]
	at org.springframework.orm.jpa.vendor.SpringHibernateJpaPersistenceProvider.createContainerEntityManagerFactory(SpringHibernateJpaPersistenceProvider.java:66) ~[spring-orm-7.0.3.jar:7.0.3]
	at org.springframework.orm.jpa.LocalContainerEntityManagerFactoryBean.createNativeEntityManagerFactory(LocalContainerEntityManagerFactoryBean.java:433) ~[spring-orm-7.0.3.jar:7.0.3]
	at org.springframework.orm.jpa.AbstractEntityManagerFactoryBean.buildNativeEntityManagerFactory(AbstractEntityManagerFactoryBean.java:416) ~[spring-orm-7.0.3.jar:7.0.3]
	at org.springframework.orm.jpa.AbstractEntityManagerFactoryBean.afterPropertiesSet(AbstractEntityManagerFactoryBean.java:396) ~[spring-orm-7.0.3.jar:7.0.3]
	at org.springframework.orm.jpa.LocalContainerEntityManagerFactoryBean.afterPropertiesSet(LocalContainerEntityManagerFactoryBean.java:409) ~[spring-orm-7.0.3.jar:7.0.3]
	at org.springframework.beans.factory.support.AbstractAutowireCapableBeanFactory.invokeInitMethods(AbstractAutowireCapableBeanFactory.java:1864) ~[spring-beans-7.0.3.jar:7.0.3]
	at org.springframework.beans.factory.support.AbstractAutowireCapableBeanFactory.initializeBean(AbstractAutowireCapableBeanFactory.java:1813) ~[spring-beans-7.0.3.jar:7.0.3]
	at org.springframework.beans.factory.support.AbstractAutowireCapableBeanFactory.doCreateBean(AbstractAutowireCapableBeanFactory.java:603) ~[spring-beans-7.0.3.jar:7.0.3]
	at org.springframework.beans.factory.support.AbstractAutowireCapableBeanFactory.createBean(AbstractAutowireCapableBeanFactory.java:525) ~[spring-beans-7.0.3.jar:7.0.3]
	at org.springframework.beans.factory.support.AbstractBeanFactory.lambda$doGetBean$0(AbstractBeanFactory.java:333) ~[spring-beans-7.0.3.jar:7.0.3]
	at org.springframework.beans.factory.support.DefaultSingletonBeanRegistry.getSingleton(DefaultSingletonBeanRegistry.java:371) ~[spring-beans-7.0.3.jar:7.0.3]
	at org.springframework.beans.factory.support.AbstractBeanFactory.doGetBean(AbstractBeanFactory.java:331) ~[spring-beans-7.0.3.jar:7.0.3]
	at org.springframework.beans.factory.support.AbstractBeanFactory.getBean(AbstractBeanFactory.java:201) ~[spring-beans-7.0.3.jar:7.0.3]
	at org.springframework.context.support.AbstractApplicationContext.finishBeanFactoryInitialization(AbstractApplicationContext.java:976) ~[spring-context-7.0.3.jar:7.0.3]
	at org.springframework.context.support.AbstractApplicationContext.refresh(AbstractApplicationContext.java:620) ~[spring-context-7.0.3.jar:7.0.3]
	at org.springframework.boot.web.server.servlet.context.ServletWebServerApplicationContext.refresh(ServletWebServerApplicationContext.java:143) ~[spring-boot-web-server-4.0.2.jar:4.0.2]
	at org.springframework.boot.SpringApplication.refresh(SpringApplication.java:756) ~[spring-boot-4.0.2.jar:4.0.2]
	at org.springframework.boot.SpringApplication.refreshContext(SpringApplication.java:445) ~[spring-boot-4.0.2.jar:4.0.2]
	at org.springframework.boot.SpringApplication.run(SpringApplication.java:321) ~[spring-boot-4.0.2.jar:4.0.2]
	at org.springframework.boot.SpringApplication.run(SpringApplication.java:1365) ~[spring-boot-4.0.2.jar:4.0.2]
	at org.springframework.boot.SpringApplication.run(SpringApplication.java:1354) ~[spring-boot-4.0.2.jar:4.0.2]
	at com.wealth.client.ClientServiceApplication.main(ClientServiceApplication.java:11) ~[classes/:na]
Caused by: java.sql.SQLException: Access denied for user 'root'@'localhost' (using password: YES)
	at com.mysql.cj.jdbc.exceptions.SQLError.createSQLException(SQLError.java:121) ~[mysql-connector-j-9.5.0.jar:9.5.0]
	at com.mysql.cj.jdbc.exceptions.SQLExceptionsMapping.translateException(SQLExceptionsMapping.java:114) ~[mysql-connector-j-9.5.0.jar:9.5.0]
	at com.mysql.cj.jdbc.ConnectionImpl.createNewIO(ConnectionImpl.java:840) ~[mysql-connector-j-9.5.0.jar:9.5.0]
	at com.mysql.cj.jdbc.ConnectionImpl.<init>(ConnectionImpl.java:416) ~[mysql-connector-j-9.5.0.jar:9.5.0]
	at com.mysql.cj.jdbc.ConnectionImpl.getInstance(ConnectionImpl.java:237) ~[mysql-connector-j-9.5.0.jar:9.5.0]
	at com.mysql.cj.jdbc.NonRegisteringDriver.connect(NonRegisteringDriver.java:180) ~[mysql-connector-j-9.5.0.jar:9.5.0]
	at com.zaxxer.hikari.util.DriverDataSource.getConnection(DriverDataSource.java:144) ~[HikariCP-7.0.2.jar:na]
	at com.zaxxer.hikari.pool.PoolBase.newConnection(PoolBase.java:373) ~[HikariCP-7.0.2.jar:na]
	at com.zaxxer.hikari.pool.PoolBase.newPoolEntry(PoolBase.java:210) ~[HikariCP-7.0.2.jar:na]
	at com.zaxxer.hikari.pool.HikariPool.createPoolEntry(HikariPool.java:488) ~[HikariCP-7.0.2.jar:na]
	at com.zaxxer.hikari.pool.HikariPool.checkFailFast(HikariPool.java:576) ~[HikariCP-7.0.2.jar:na]
	at com.zaxxer.hikari.pool.HikariPool.<init>(HikariPool.java:97) ~[HikariCP-7.0.2.jar:na]
	at com.zaxxer.hikari.HikariDataSource.getConnection(HikariDataSource.java:111) ~[HikariCP-7.0.2.jar:na]
	at org.hibernate.engine.jdbc.connections.internal.DataSourceConnectionProvider.getConnection(DataSourceConnectionProvider.java:137) ~[hibernate-core-7.2.1.Final.jar:7.2.1.Final]
	at org.hibernate.engine.jdbc.env.internal.JdbcEnvironmentInitiator$ConnectionProviderJdbcConnectionAccess.obtainConnection(JdbcEnvironmentInitiator.java:508) ~[hibernate-core-7.2.1.Final.jar:7.2.1.Final]
	at org.hibernate.resource.transaction.backend.jdbc.internal.JdbcIsolationDelegate.delegateWork(JdbcIsolationDelegate.java:48) ~[hibernate-core-7.2.1.Final.jar:7.2.1.Final]
	... 37 common frames omitted

2026-03-05T14:48:50.713+05:30 ERROR 27484 --- [client-service] [main] j.LocalContainerEntityManagerFactoryBean : Failed to initialize JPA EntityManagerFactory: Unable to create requested service [org.hibernate.engine.jdbc.env.spi.JdbcEnvironment] due to: Unable to determine Dialect without JDBC metadata (please set 'jakarta.persistence.jdbc.url' for common cases or 'hibernate.dialect' when a custom Dialect implementation must be provided)
2026-03-05T14:48:50.715+05:30  WARN 27484 --- [client-service] [main] ConfigServletWebServerApplicationContext : Exception encountered during context initialization - cancelling refresh attempt: org.springframework.beans.factory.BeanCreationException: Error creating bean with name 'entityManagerFactory' defined in class path resource [org/springframework/boot/hibernate/autoconfigure/HibernateJpaConfiguration.class]: Unable to create requested service [org.hibernate.engine.jdbc.env.spi.JdbcEnvironment] due to: Unable to determine Dialect without JDBC metadata (please set 'jakarta.persistence.jdbc.url' for common cases or 'hibernate.dialect' when a custom Dialect implementation must be provided)
2026-03-05T14:48:50.723+05:30  INFO 27484 --- [client-service] [main] o.apache.catalina.core.StandardService   : Stopping service [Tomcat]
2026-03-05T14:48:50.744+05:30  INFO 27484 --- [client-service] [main] .s.b.a.l.ConditionEvaluationReportLogger : 

Error starting ApplicationContext. To display the condition evaluation report re-run your application with 'debug' enabled.
2026-03-05T14:48:50.780+05:30 ERROR 27484 --- [client-service] [main] o.s.boot.SpringApplication               : Application run failed

org.springframework.beans.factory.BeanCreationException: Error creating bean with name 'entityManagerFactory' defined in class path resource [org/springframework/boot/hibernate/autoconfigure/HibernateJpaConfiguration.class]: Unable to create requested service [org.hibernate.engine.jdbc.env.spi.JdbcEnvironment] due to: Unable to determine Dialect without JDBC metadata (please set 'jakarta.persistence.jdbc.url' for common cases or 'hibernate.dialect' when a custom Dialect implementation must be provided)
	at org.springframework.beans.factory.support.AbstractAutowireCapableBeanFactory.initializeBean(AbstractAutowireCapableBeanFactory.java:1817) ~[spring-beans-7.0.3.jar:7.0.3]
	at org.springframework.beans.factory.support.AbstractAutowireCapableBeanFactory.doCreateBean(AbstractAutowireCapableBeanFactory.java:603) ~[spring-beans-7.0.3.jar:7.0.3]
	at org.springframework.beans.factory.support.AbstractAutowireCapableBeanFactory.createBean(AbstractAutowireCapableBeanFactory.java:525) ~[spring-beans-7.0.3.jar:7.0.3]
	at org.springframework.beans.factory.support.AbstractBeanFactory.lambda$doGetBean$0(AbstractBeanFactory.java:333) ~[spring-beans-7.0.3.jar:7.0.3]
	at org.springframework.beans.factory.support.DefaultSingletonBeanRegistry.getSingleton(DefaultSingletonBeanRegistry.java:371) ~[spring-beans-7.0.3.jar:7.0.3]
	at org.springframework.beans.factory.support.AbstractBeanFactory.doGetBean(AbstractBeanFactory.java:331) ~[spring-beans-7.0.3.jar:7.0.3]
	at org.springframework.beans.factory.support.AbstractBeanFactory.getBean(AbstractBeanFactory.java:201) ~[spring-beans-7.0.3.jar:7.0.3]
	at org.springframework.context.support.AbstractApplicationContext.finishBeanFactoryInitialization(AbstractApplicationContext.java:976) ~[spring-context-7.0.3.jar:7.0.3]
	at org.springframework.context.support.AbstractApplicationContext.refresh(AbstractApplicationContext.java:620) ~[spring-context-7.0.3.jar:7.0.3]
	at org.springframework.boot.web.server.servlet.context.ServletWebServerApplicationContext.refresh(ServletWebServerApplicationContext.java:143) ~[spring-boot-web-server-4.0.2.jar:4.0.2]
	at org.springframework.boot.SpringApplication.refresh(SpringApplication.java:756) ~[spring-boot-4.0.2.jar:4.0.2]
	at org.springframework.boot.SpringApplication.refreshContext(SpringApplication.java:445) ~[spring-boot-4.0.2.jar:4.0.2]
	at org.springframework.boot.SpringApplication.run(SpringApplication.java:321) ~[spring-boot-4.0.2.jar:4.0.2]
	at org.springframework.boot.SpringApplication.run(SpringApplication.java:1365) ~[spring-boot-4.0.2.jar:4.0.2]
	at org.springframework.boot.SpringApplication.run(SpringApplication.java:1354) ~[spring-boot-4.0.2.jar:4.0.2]
	at com.wealth.client.ClientServiceApplication.main(ClientServiceApplication.java:11) ~[classes/:na]
Caused by: org.hibernate.service.spi.ServiceException: Unable to create requested service [org.hibernate.engine.jdbc.env.spi.JdbcEnvironment] due to: Unable to determine Dialect without JDBC metadata (please set 'jakarta.persistence.jdbc.url' for common cases or 'hibernate.dialect' when a custom Dialect implementation must be provided)
	at org.hibernate.service.internal.AbstractServiceRegistryImpl.createService(AbstractServiceRegistryImpl.java:273) ~[hibernate-core-7.2.1.Final.jar:7.2.1.Final]
	at org.hibernate.service.internal.AbstractServiceRegistryImpl.initializeService(AbstractServiceRegistryImpl.java:235) ~[hibernate-core-7.2.1.Final.jar:7.2.1.Final]
	at org.hibernate.service.internal.AbstractServiceRegistryImpl.getService(AbstractServiceRegistryImpl.java:212) ~[hibernate-core-7.2.1.Final.jar:7.2.1.Final]
	at org.hibernate.boot.model.relational.Database.<init>(Database.java:44) ~[hibernate-core-7.2.1.Final.jar:7.2.1.Final]
	at org.hibernate.boot.internal.InFlightMetadataCollectorImpl.getDatabase(InFlightMetadataCollectorImpl.java:251) ~[hibernate-core-7.2.1.Final.jar:7.2.1.Final]
	at org.hibernate.boot.internal.InFlightMetadataCollectorImpl.<init>(InFlightMetadataCollectorImpl.java:203) ~[hibernate-core-7.2.1.Final.jar:7.2.1.Final]
	at org.hibernate.boot.model.process.spi.MetadataBuildingProcess.complete(MetadataBuildingProcess.java:170) ~[hibernate-core-7.2.1.Final.jar:7.2.1.Final]
	at org.hibernate.jpa.boot.internal.EntityManagerFactoryBuilderImpl.metadata(EntityManagerFactoryBuilderImpl.java:1392) ~[hibernate-core-7.2.1.Final.jar:7.2.1.Final]
	at org.hibernate.jpa.boot.internal.EntityManagerFactoryBuilderImpl.populateSessionFactoryBuilder(EntityManagerFactoryBuilderImpl.java:1472) ~[hibernate-core-7.2.1.Final.jar:7.2.1.Final]
	at org.hibernate.jpa.boot.internal.EntityManagerFactoryBuilderImpl.build(EntityManagerFactoryBuilderImpl.java:1454) ~[hibernate-core-7.2.1.Final.jar:7.2.1.Final]
	at org.springframework.orm.jpa.vendor.SpringHibernateJpaPersistenceProvider.createContainerEntityManagerFactory(SpringHibernateJpaPersistenceProvider.java:66) ~[spring-orm-7.0.3.jar:7.0.3]
	at org.springframework.orm.jpa.LocalContainerEntityManagerFactoryBean.createNativeEntityManagerFactory(LocalContainerEntityManagerFactoryBean.java:433) ~[spring-orm-7.0.3.jar:7.0.3]
	at org.springframework.orm.jpa.AbstractEntityManagerFactoryBean.buildNativeEntityManagerFactory(AbstractEntityManagerFactoryBean.java:416) ~[spring-orm-7.0.3.jar:7.0.3]
	at org.springframework.orm.jpa.AbstractEntityManagerFactoryBean.afterPropertiesSet(AbstractEntityManagerFactoryBean.java:396) ~[spring-orm-7.0.3.jar:7.0.3]
	at org.springframework.orm.jpa.LocalContainerEntityManagerFactoryBean.afterPropertiesSet(LocalContainerEntityManagerFactoryBean.java:409) ~[spring-orm-7.0.3.jar:7.0.3]
	at org.springframework.beans.factory.support.AbstractAutowireCapableBeanFactory.invokeInitMethods(AbstractAutowireCapableBeanFactory.java:1864) ~[spring-beans-7.0.3.jar:7.0.3]
	at org.springframework.beans.factory.support.AbstractAutowireCapableBeanFactory.initializeBean(AbstractAutowireCapableBeanFactory.java:1813) ~[spring-beans-7.0.3.jar:7.0.3]
	... 15 common frames omitted
Caused by: org.hibernate.HibernateException: Unable to determine Dialect without JDBC metadata (please set 'jakarta.persistence.jdbc.url' for common cases or 'hibernate.dialect' when a custom Dialect implementation must be provided)
	at org.hibernate.engine.jdbc.dialect.internal.DialectFactoryImpl.determineDialect(DialectFactoryImpl.java:190) ~[hibernate-core-7.2.1.Final.jar:7.2.1.Final]
	at org.hibernate.engine.jdbc.dialect.internal.DialectFactoryImpl.buildDialect(DialectFactoryImpl.java:86) ~[hibernate-core-7.2.1.Final.jar:7.2.1.Final]
	at org.hibernate.engine.jdbc.env.internal.JdbcEnvironmentInitiator.getJdbcEnvironmentWithDefaults(JdbcEnvironmentInitiator.java:200) ~[hibernate-core-7.2.1.Final.jar:7.2.1.Final]
	at org.hibernate.engine.jdbc.env.internal.JdbcEnvironmentInitiator.getJdbcEnvironmentUsingJdbcMetadata(JdbcEnvironmentInitiator.java:452) ~[hibernate-core-7.2.1.Final.jar:7.2.1.Final]
	at org.hibernate.engine.jdbc.env.internal.JdbcEnvironmentInitiator.getJdbcEnvironment(JdbcEnvironmentInitiator.java:143) ~[hibernate-core-7.2.1.Final.jar:7.2.1.Final]
	at org.hibernate.engine.jdbc.env.internal.JdbcEnvironmentInitiator.initiateService(JdbcEnvironmentInitiator.java:120) ~[hibernate-core-7.2.1.Final.jar:7.2.1.Final]
	at org.hibernate.engine.jdbc.env.internal.JdbcEnvironmentInitiator.initiateService(JdbcEnvironmentInitiator.java:80) ~[hibernate-core-7.2.1.Final.jar:7.2.1.Final]
	at org.hibernate.boot.registry.internal.StandardServiceRegistryImpl.initiateService(StandardServiceRegistryImpl.java:133) ~[hibernate-core-7.2.1.Final.jar:7.2.1.Final]
	at org.hibernate.service.internal.AbstractServiceRegistryImpl.createService(AbstractServiceRegistryImpl.java:260) ~[hibernate-core-7.2.1.Final.jar:7.2.1.Final]
	... 31 common frames omitted

2026-03-05T14:49:25.372+05:30  INFO 29360 --- [client-service] [main] c.w.client.ClientServiceApplication      : Starting ClientServiceApplication using Java 25 with PID 29360 (C:\Users\2463660\OneDrive - Cognizant\Desktop\Wealth-Wise-Management-Portfoilio-Advisory-System\Backend\client-service\client-service\target\classes started by 2463660 in C:\Users\2463660\OneDrive - Cognizant\Desktop\Wealth-Wise-Management-Portfoilio-Advisory-System\Backend\client-service\client-service)
2026-03-05T14:49:25.376+05:30  INFO 29360 --- [client-service] [main] c.w.client.ClientServiceApplication      : No active profile set, falling back to 1 default profile: "default"
2026-03-05T14:49:26.885+05:30  INFO 29360 --- [client-service] [main] .s.d.r.c.RepositoryConfigurationDelegate : Bootstrapping Spring Data JPA repositories in DEFAULT mode.
2026-03-05T14:49:27.134+05:30  INFO 29360 --- [client-service] [main] .s.d.r.c.RepositoryConfigurationDelegate : Finished Spring Data repository scanning in 234 ms. Found 1 JPA repository interface.
2026-03-05T14:49:27.462+05:30  INFO 29360 --- [client-service] [main] o.s.cloud.context.scope.GenericScope     : BeanFactory id=ec5c0d43-0339-3e3a-a9ea-0dfc89d70fb0
2026-03-05T14:49:28.187+05:30  INFO 29360 --- [client-service] [main] o.s.boot.tomcat.TomcatWebServer          : Tomcat initialized with port 8081 (http)
2026-03-05T14:49:28.209+05:30  INFO 29360 --- [client-service] [main] o.apache.catalina.core.StandardService   : Starting service [Tomcat]
2026-03-05T14:49:28.209+05:30  INFO 29360 --- [client-service] [main] o.apache.catalina.core.StandardEngine    : Starting Servlet engine: [Apache Tomcat/11.0.15]
2026-03-05T14:49:28.324+05:30  INFO 29360 --- [client-service] [main] b.w.c.s.WebApplicationContextInitializer : Root WebApplicationContext: initialization completed in 2869 ms
2026-03-05T14:49:28.658+05:30  INFO 29360 --- [client-service] [main] org.hibernate.orm.jpa                    : HHH008540: Processing PersistenceUnitInfo [name: default]
2026-03-05T14:49:28.769+05:30  INFO 29360 --- [client-service] [main] org.hibernate.orm.core                   : HHH000001: Hibernate ORM core version 7.2.1.Final
2026-03-05T14:49:29.578+05:30  INFO 29360 --- [client-service] [main] o.s.o.j.p.SpringPersistenceUnitInfo      : No LoadTimeWeaver setup: ignoring JPA class transformer
2026-03-05T14:49:29.635+05:30  INFO 29360 --- [client-service] [main] com.zaxxer.hikari.HikariDataSource       : HikariPool-1 - Starting...
2026-03-05T14:49:30.208+05:30  INFO 29360 --- [client-service] [main] com.zaxxer.hikari.pool.HikariPool        : HikariPool-1 - Added connection com.mysql.cj.jdbc.ConnectionImpl@60e80279
2026-03-05T14:49:30.212+05:30  INFO 29360 --- [client-service] [main] com.zaxxer.hikari.HikariDataSource       : HikariPool-1 - Start completed.
2026-03-05T14:49:30.479+05:30  INFO 29360 --- [client-service] [main] org.hibernate.orm.connections.pooling    : HHH10001005: Database info:
	Database JDBC URL [jdbc:mysql://localhost:3306/finance_db]
	Database driver: MySQL Connector/J
	Database dialect: MySQLDialect
	Database version: 8.0.44
	Default catalog/schema: finance_db/undefined
	Autocommit mode: undefined/unknown
	Isolation level: REPEATABLE_READ [default REPEATABLE_READ]
	JDBC fetch size: none
	Pool: DataSourceConnectionProvider
	Minimum pool size: undefined/unknown
	Maximum pool size: undefined/unknown
2026-03-05T14:49:32.860+05:30  INFO 29360 --- [client-service] [main] org.hibernate.orm.core                   : HHH000489: No JTA platform available (set 'hibernate.transaction.jta.platform' to enable JTA platform integration)
2026-03-05T14:49:33.068+05:30  INFO 29360 --- [client-service] [main] j.LocalContainerEntityManagerFactoryBean : Initialized JPA EntityManagerFactory for persistence unit 'default'
2026-03-05T14:49:33.393+05:30  INFO 29360 --- [client-service] [main] o.s.d.j.r.query.QueryEnhancerFactories   : Hibernate is in classpath; If applicable, HQL parser will be used.
2026-03-05T14:49:34.007+05:30  WARN 29360 --- [client-service] [main] JpaBaseConfiguration$JpaWebConfiguration : spring.jpa.open-in-view is enabled by default. Therefore, database queries may be performed during view rendering. Explicitly configure spring.jpa.open-in-view to disable this warning
2026-03-05T14:49:35.106+05:30  INFO 29360 --- [client-service] [main] DiscoveryClientOptionalArgsConfiguration : Eureka HTTP Client uses RestClient.
2026-03-05T14:49:35.186+05:30  WARN 29360 --- [client-service] [main] iguration$LoadBalancerCaffeineWarnLogger : Spring Cloud LoadBalancer is currently working with the default cache. While this cache implementation is useful for development and tests, it's recommended to use Caffeine cache in production.You can switch to using Caffeine cache, by adding it and org.springframework.cache.caffeine.CaffeineCacheManager to the classpath.
2026-03-05T14:49:35.240+05:30  INFO 29360 --- [client-service] [main] o.s.c.n.eureka.InstanceInfoFactory       : Setting initial instance status as: STARTING
2026-03-05T14:49:35.297+05:30  INFO 29360 --- [client-service] [main] com.netflix.discovery.DiscoveryClient    : Initializing Eureka in region us-east-1
2026-03-05T14:49:35.305+05:30  INFO 29360 --- [client-service] [main] c.n.d.s.r.aws.ConfigClusterResolver      : Resolving eureka endpoints via configuration
2026-03-05T14:49:35.326+05:30  INFO 29360 --- [client-service] [main] com.netflix.discovery.DiscoveryClient    : Disable delta property : false
2026-03-05T14:49:35.327+05:30  INFO 29360 --- [client-service] [main] com.netflix.discovery.DiscoveryClient    : Single vip registry refresh property : null
2026-03-05T14:49:35.327+05:30  INFO 29360 --- [client-service] [main] com.netflix.discovery.DiscoveryClient    : Force full registry fetch : false
2026-03-05T14:49:35.327+05:30  INFO 29360 --- [client-service] [main] com.netflix.discovery.DiscoveryClient    : Application is null : false
2026-03-05T14:49:35.328+05:30  INFO 29360 --- [client-service] [main] com.netflix.discovery.DiscoveryClient    : Registered Applications size is zero : true
2026-03-05T14:49:35.328+05:30  INFO 29360 --- [client-service] [main] com.netflix.discovery.DiscoveryClient    : Application version is -1: true
2026-03-05T14:49:35.328+05:30  INFO 29360 --- [client-service] [main] com.netflix.discovery.DiscoveryClient    : Getting all instance registry info from the eureka server
2026-03-05T14:49:36.081+05:30  INFO 29360 --- [client-service] [main] com.netflix.discovery.DiscoveryClient    : The response status is 200
2026-03-05T14:49:36.085+05:30  INFO 29360 --- [client-service] [main] com.netflix.discovery.DiscoveryClient    : Starting heartbeat executor: renew interval is: 30
2026-03-05T14:49:36.090+05:30  INFO 29360 --- [client-service] [main] c.n.discovery.InstanceInfoReplicator     : InstanceInfoReplicator onDemand update allowed rate per min is 4
2026-03-05T14:49:36.095+05:30  INFO 29360 --- [client-service] [main] com.netflix.discovery.DiscoveryClient    : Discovery Client initialized at timestamp 1772702376093 with initial instances count: 2
2026-03-05T14:49:36.100+05:30  INFO 29360 --- [client-service] [main] o.s.c.n.e.s.EurekaServiceRegistry        : Registering application CLIENT-SERVICE with eureka with status UP
2026-03-05T14:49:36.102+05:30  INFO 29360 --- [client-service] [main] com.netflix.discovery.DiscoveryClient    : Saw local status change event StatusChangeEvent [timestamp=1772702376102, current=UP, previous=STARTING]
2026-03-05T14:49:36.106+05:30  INFO 29360 --- [client-service] [DiscoveryClient-InstanceInfoReplicator-%d] com.netflix.discovery.DiscoveryClient    : DiscoveryClient_CLIENT-SERVICE/LTIN656932.cts.com:client-service:8081: registering service...
2026-03-05T14:49:36.158+05:30  INFO 29360 --- [client-service] [main] o.s.boot.tomcat.TomcatWebServer          : Tomcat started on port 8081 (http) with context path '/'
2026-03-05T14:49:36.160+05:30  INFO 29360 --- [client-service] [main] .s.c.n.e.s.EurekaAutoServiceRegistration : Updating port to 8081
2026-03-05T14:49:36.181+05:30  INFO 29360 --- [client-service] [main] c.w.client.ClientServiceApplication      : Started ClientServiceApplication in 11.744 seconds (process running for 13.038)
2026-03-05T14:49:36.197+05:30  INFO 29360 --- [client-service] [DiscoveryClient-InstanceInfoReplicator-%d] com.netflix.discovery.DiscoveryClient    : DiscoveryClient_CLIENT-SERVICE/LTIN656932.cts.com:client-service:8081 - registration status: 204
2026-03-05T14:52:12.180+05:30  INFO 29360 --- [client-service] [http-nio-8081-exec-1] o.a.c.c.C.[Tomcat].[localhost].[/]       : Initializing Spring DispatcherServlet 'dispatcherServlet'
2026-03-05T14:52:12.187+05:30  INFO 29360 --- [client-service] [http-nio-8081-exec-1] o.s.web.servlet.DispatcherServlet        : Initializing Servlet 'dispatcherServlet'
2026-03-05T14:52:12.250+05:30  INFO 29360 --- [client-service] [http-nio-8081-exec-1] o.s.web.servlet.DispatcherServlet        : Completed initialization in 63 ms
2026-03-05T14:52:12.504+05:30  INFO 29360 --- [client-service] [http-nio-8081-exec-1] c.w.client.controller.ClientController   : API Request: GET /api/clients from Advisor ID: 1
2026-03-05T14:52:13.396+05:30 DEBUG 29360 --- [client-service] [http-nio-8081-exec-1] org.hibernate.SQL                        : select c1_0.client_id,c1_0.address,c1_0.advisor_id,c1_0.created_date,c1_0.date_of_birth,c1_0.email_address,c1_0.employer,c1_0.full_name,c1_0.investment_amount,c1_0.investment_goal,c1_0.investment_horizon,c1_0.kyc_document_ref,c1_0.kyc_status,c1_0.liquidity_needs,c1_0.occupation,c1_0.phone_number,c1_0.risk_profile from client c1_0 where c1_0.advisor_id=?
2026-03-05T14:52:14.623+05:30  INFO 29360 --- [client-service] [http-nio-8081-exec-2] c.w.client.controller.ClientController   : API Request: GET /api/clients/1 from Advisor ID: 1
2026-03-05T14:52:14.654+05:30 DEBUG 29360 --- [client-service] [http-nio-8081-exec-2] org.hibernate.SQL                        : select c1_0.client_id,c1_0.address,c1_0.advisor_id,c1_0.created_date,c1_0.date_of_birth,c1_0.email_address,c1_0.employer,c1_0.full_name,c1_0.investment_amount,c1_0.investment_goal,c1_0.investment_horizon,c1_0.kyc_document_ref,c1_0.kyc_status,c1_0.liquidity_needs,c1_0.occupation,c1_0.phone_number,c1_0.risk_profile from client c1_0 where c1_0.client_id=? and c1_0.advisor_id=?
2026-03-05T14:53:03.641+05:30  INFO 29360 --- [client-service] [http-nio-8081-exec-3] c.w.client.controller.ClientController   : API Request: GET /api/clients/1 from Advisor ID: 1
2026-03-05T14:53:03.645+05:30 DEBUG 29360 --- [client-service] [http-nio-8081-exec-3] org.hibernate.SQL                        : select c1_0.client_id,c1_0.address,c1_0.advisor_id,c1_0.created_date,c1_0.date_of_birth,c1_0.email_address,c1_0.employer,c1_0.full_name,c1_0.investment_amount,c1_0.investment_goal,c1_0.investment_horizon,c1_0.kyc_document_ref,c1_0.kyc_status,c1_0.liquidity_needs,c1_0.occupation,c1_0.phone_number,c1_0.risk_profile from client c1_0 where c1_0.client_id=? and c1_0.advisor_id=?
2026-03-05T14:54:10.393+05:30  INFO 29360 --- [client-service] [http-nio-8081-exec-6] c.w.client.controller.ClientController   : API Request: GET /api/clients/1/kyc-document from Advisor ID: 1
2026-03-05T14:54:10.395+05:30 DEBUG 29360 --- [client-service] [http-nio-8081-exec-6] org.hibernate.SQL                        : select c1_0.client_id,c1_0.address,c1_0.advisor_id,c1_0.created_date,c1_0.date_of_birth,c1_0.email_address,c1_0.employer,c1_0.full_name,c1_0.investment_amount,c1_0.investment_goal,c1_0.investment_horizon,c1_0.kyc_document_ref,c1_0.kyc_status,c1_0.liquidity_needs,c1_0.occupation,c1_0.phone_number,c1_0.risk_profile from client c1_0 where c1_0.client_id=? and c1_0.advisor_id=?
2026-03-05T14:54:35.340+05:30  INFO 29360 --- [client-service] [AsyncResolver-bootstrap-executor-%d] c.n.d.s.r.aws.ConfigClusterResolver      : Resolving eureka endpoints via configuration
2026-03-05T14:58:07.003+05:30  INFO 29360 --- [client-service] [http-nio-8081-exec-10] c.w.client.controller.ClientController   : API Request: GET /api/clients/2 from Advisor ID: 1
2026-03-05T14:58:07.005+05:30 DEBUG 29360 --- [client-service] [http-nio-8081-exec-10] org.hibernate.SQL                        : select c1_0.client_id,c1_0.address,c1_0.advisor_id,c1_0.created_date,c1_0.date_of_birth,c1_0.email_address,c1_0.employer,c1_0.full_name,c1_0.investment_amount,c1_0.investment_goal,c1_0.investment_horizon,c1_0.kyc_document_ref,c1_0.kyc_status,c1_0.liquidity_needs,c1_0.occupation,c1_0.phone_number,c1_0.risk_profile from client c1_0 where c1_0.client_id=? and c1_0.advisor_id=?
2026-03-05T14:58:07.105+05:30  INFO 29360 --- [client-service] [http-nio-8081-exec-9] c.w.client.controller.ClientController   : API Request: GET /api/clients/2 from Advisor ID: 1
2026-03-05T14:58:07.115+05:30 DEBUG 29360 --- [client-service] [http-nio-8081-exec-9] org.hibernate.SQL                        : select c1_0.client_id,c1_0.address,c1_0.advisor_id,c1_0.created_date,c1_0.date_of_birth,c1_0.email_address,c1_0.employer,c1_0.full_name,c1_0.investment_amount,c1_0.investment_goal,c1_0.investment_horizon,c1_0.kyc_document_ref,c1_0.kyc_status,c1_0.liquidity_needs,c1_0.occupation,c1_0.phone_number,c1_0.risk_profile from client c1_0 where c1_0.client_id=? and c1_0.advisor_id=?
2026-03-05T14:58:12.711+05:30  INFO 29360 --- [client-service] [http-nio-8081-exec-8] c.w.client.controller.ClientController   : API Request: GET /api/clients/2 from Advisor ID: 1
2026-03-05T14:58:12.712+05:30 DEBUG 29360 --- [client-service] [http-nio-8081-exec-8] org.hibernate.SQL                        : select c1_0.client_id,c1_0.address,c1_0.advisor_id,c1_0.created_date,c1_0.date_of_birth,c1_0.email_address,c1_0.employer,c1_0.full_name,c1_0.investment_amount,c1_0.investment_goal,c1_0.investment_horizon,c1_0.kyc_document_ref,c1_0.kyc_status,c1_0.liquidity_needs,c1_0.occupation,c1_0.phone_number,c1_0.risk_profile from client c1_0 where c1_0.client_id=? and c1_0.advisor_id=?
2026-03-05T14:58:20.183+05:30  INFO 29360 --- [client-service] [http-nio-8081-exec-1] c.w.client.controller.ClientController   : API Request: GET /api/clients/5 from Advisor ID: 1
2026-03-05T14:58:20.186+05:30 DEBUG 29360 --- [client-service] [http-nio-8081-exec-1] org.hibernate.SQL                        : select c1_0.client_id,c1_0.address,c1_0.advisor_id,c1_0.created_date,c1_0.date_of_birth,c1_0.email_address,c1_0.employer,c1_0.full_name,c1_0.investment_amount,c1_0.investment_goal,c1_0.investment_horizon,c1_0.kyc_document_ref,c1_0.kyc_status,c1_0.liquidity_needs,c1_0.occupation,c1_0.phone_number,c1_0.risk_profile from client c1_0 where c1_0.client_id=? and c1_0.advisor_id=?
2026-03-05T14:58:20.288+05:30  INFO 29360 --- [client-service] [http-nio-8081-exec-2] c.w.client.controller.ClientController   : API Request: GET /api/clients/5 from Advisor ID: 1
2026-03-05T14:58:20.288+05:30 DEBUG 29360 --- [client-service] [http-nio-8081-exec-2] org.hibernate.SQL                        : select c1_0.client_id,c1_0.address,c1_0.advisor_id,c1_0.created_date,c1_0.date_of_birth,c1_0.email_address,c1_0.employer,c1_0.full_name,c1_0.investment_amount,c1_0.investment_goal,c1_0.investment_horizon,c1_0.kyc_document_ref,c1_0.kyc_status,c1_0.liquidity_needs,c1_0.occupation,c1_0.phone_number,c1_0.risk_profile from client c1_0 where c1_0.client_id=? and c1_0.advisor_id=?
2026-03-05T14:58:20.368+05:30  INFO 29360 --- [client-service] [http-nio-8081-exec-3] c.w.client.controller.ClientController   : API Request: GET /api/clients/5 from Advisor ID: 1
2026-03-05T14:58:20.369+05:30 DEBUG 29360 --- [client-service] [http-nio-8081-exec-3] org.hibernate.SQL                        : select c1_0.client_id,c1_0.address,c1_0.advisor_id,c1_0.created_date,c1_0.date_of_birth,c1_0.email_address,c1_0.employer,c1_0.full_name,c1_0.investment_amount,c1_0.investment_goal,c1_0.investment_horizon,c1_0.kyc_document_ref,c1_0.kyc_status,c1_0.liquidity_needs,c1_0.occupation,c1_0.phone_number,c1_0.risk_profile from client c1_0 where c1_0.client_id=? and c1_0.advisor_id=?
2026-03-05T14:59:23.086+05:30  INFO 29360 --- [client-service] [http-nio-8081-exec-5] c.w.client.controller.ClientController   : API Request: GET /api/clients/5/kyc-document from Advisor ID: 1
2026-03-05T14:59:23.086+05:30 DEBUG 29360 --- [client-service] [http-nio-8081-exec-5] org.hibernate.SQL                        : select c1_0.client_id,c1_0.address,c1_0.advisor_id,c1_0.created_date,c1_0.date_of_birth,c1_0.email_address,c1_0.employer,c1_0.full_name,c1_0.investment_amount,c1_0.investment_goal,c1_0.investment_horizon,c1_0.kyc_document_ref,c1_0.kyc_status,c1_0.liquidity_needs,c1_0.occupation,c1_0.phone_number,c1_0.risk_profile from client c1_0 where c1_0.client_id=? and c1_0.advisor_id=?
2026-03-05T14:59:35.347+05:30  INFO 29360 --- [client-service] [AsyncResolver-bootstrap-executor-%d] c.n.d.s.r.aws.ConfigClusterResolver      : Resolving eureka endpoints via configuration
2026-03-05T15:00:54.405+05:30  INFO 29360 --- [client-service] [http-nio-8081-exec-7] c.w.client.controller.ClientController   : API Request: GET /api/clients from Advisor ID: 1
2026-03-05T15:00:54.405+05:30 DEBUG 29360 --- [client-service] [http-nio-8081-exec-7] org.hibernate.SQL                        : select c1_0.client_id,c1_0.address,c1_0.advisor_id,c1_0.created_date,c1_0.date_of_birth,c1_0.email_address,c1_0.employer,c1_0.full_name,c1_0.investment_amount,c1_0.investment_goal,c1_0.investment_horizon,c1_0.kyc_document_ref,c1_0.kyc_status,c1_0.liquidity_needs,c1_0.occupation,c1_0.phone_number,c1_0.risk_profile from client c1_0 where c1_0.advisor_id=?
2026-03-05T15:00:56.559+05:30  INFO 29360 --- [client-service] [http-nio-8081-exec-10] c.w.client.controller.ClientController   : API Request: GET /api/clients from Advisor ID: 1
2026-03-05T15:00:56.561+05:30 DEBUG 29360 --- [client-service] [http-nio-8081-exec-10] org.hibernate.SQL                        : select c1_0.client_id,c1_0.address,c1_0.advisor_id,c1_0.created_date,c1_0.date_of_birth,c1_0.email_address,c1_0.employer,c1_0.full_name,c1_0.investment_amount,c1_0.investment_goal,c1_0.investment_horizon,c1_0.kyc_document_ref,c1_0.kyc_status,c1_0.liquidity_needs,c1_0.occupation,c1_0.phone_number,c1_0.risk_profile from client c1_0 where c1_0.advisor_id=?
2026-03-05T15:00:59.818+05:30  INFO 29360 --- [client-service] [http-nio-8081-exec-9] c.w.client.controller.ClientController   : API Request: GET /api/clients from Advisor ID: 1
2026-03-05T15:00:59.821+05:30 DEBUG 29360 --- [client-service] [http-nio-8081-exec-9] org.hibernate.SQL                        : select c1_0.client_id,c1_0.address,c1_0.advisor_id,c1_0.created_date,c1_0.date_of_birth,c1_0.email_address,c1_0.employer,c1_0.full_name,c1_0.investment_amount,c1_0.investment_goal,c1_0.investment_horizon,c1_0.kyc_document_ref,c1_0.kyc_status,c1_0.liquidity_needs,c1_0.occupation,c1_0.phone_number,c1_0.risk_profile from client c1_0 where c1_0.advisor_id=?
2026-03-05T15:02:00.040+05:30  INFO 29360 --- [client-service] [http-nio-8081-exec-8] c.w.client.controller.ClientController   : API Request: GET /api/clients from Advisor ID: 1
2026-03-05T15:02:00.044+05:30 DEBUG 29360 --- [client-service] [http-nio-8081-exec-8] org.hibernate.SQL                        : select c1_0.client_id,c1_0.address,c1_0.advisor_id,c1_0.created_date,c1_0.date_of_birth,c1_0.email_address,c1_0.employer,c1_0.full_name,c1_0.investment_amount,c1_0.investment_goal,c1_0.investment_horizon,c1_0.kyc_document_ref,c1_0.kyc_status,c1_0.liquidity_needs,c1_0.occupation,c1_0.phone_number,c1_0.risk_profile from client c1_0 where c1_0.advisor_id=?
2026-03-05T15:02:35.790+05:30  INFO 29360 --- [client-service] [http-nio-8081-exec-1] c.w.client.controller.ClientController   : API Request: POST /api/clients/1/kyc from Advisor ID: 1
2026-03-05T15:02:35.790+05:30  INFO 29360 --- [client-service] [http-nio-8081-exec-1] c.wealth.client.service.ClientService    : Attempting to upload KYC document for Client ID: 1 by Advisor ID: 1
2026-03-05T15:02:35.791+05:30 DEBUG 29360 --- [client-service] [http-nio-8081-exec-1] org.hibernate.SQL                        : select c1_0.client_id,c1_0.address,c1_0.advisor_id,c1_0.created_date,c1_0.date_of_birth,c1_0.email_address,c1_0.employer,c1_0.full_name,c1_0.investment_amount,c1_0.investment_goal,c1_0.investment_horizon,c1_0.kyc_document_ref,c1_0.kyc_status,c1_0.liquidity_needs,c1_0.occupation,c1_0.phone_number,c1_0.risk_profile from client c1_0 where c1_0.client_id=? and c1_0.advisor_id=?
2026-03-05T15:02:35.822+05:30  INFO 29360 --- [client-service] [http-nio-8081-exec-1] c.wealth.client.service.ClientService    : Successfully saved new KYC document at: uploads\kyc-docs\03b97383-d562-4410-a321-f8109b6e6b56.pdf
2026-03-05T15:02:35.926+05:30 DEBUG 29360 --- [client-service] [http-nio-8081-exec-1] org.hibernate.SQL                        : update client set address=?,advisor_id=?,date_of_birth=?,email_address=?,employer=?,full_name=?,investment_amount=?,investment_goal=?,investment_horizon=?,kyc_document_ref=?,kyc_status=?,liquidity_needs=?,occupation=?,phone_number=?,risk_profile=? where client_id=?
2026-03-05T15:02:39.084+05:30  INFO 29360 --- [client-service] [http-nio-8081-exec-2] c.w.client.controller.ClientController   : API Request: PUT /api/clients/1/kyc-status
2026-03-05T15:02:39.086+05:30  INFO 29360 --- [client-service] [http-nio-8081-exec-2] c.wealth.client.service.ClientService    : Updating KYC status for Client ID: 1 to VERIFIED
2026-03-05T15:02:39.089+05:30 DEBUG 29360 --- [client-service] [http-nio-8081-exec-2] org.hibernate.SQL                        : select c1_0.client_id,c1_0.address,c1_0.advisor_id,c1_0.created_date,c1_0.date_of_birth,c1_0.email_address,c1_0.employer,c1_0.full_name,c1_0.investment_amount,c1_0.investment_goal,c1_0.investment_horizon,c1_0.kyc_document_ref,c1_0.kyc_status,c1_0.liquidity_needs,c1_0.occupation,c1_0.phone_number,c1_0.risk_profile from client c1_0 where c1_0.client_id=? and c1_0.advisor_id=?
2026-03-05T15:02:39.104+05:30 DEBUG 29360 --- [client-service] [http-nio-8081-exec-2] org.hibernate.SQL                        : update client set address=?,advisor_id=?,date_of_birth=?,email_address=?,employer=?,full_name=?,investment_amount=?,investment_goal=?,investment_horizon=?,kyc_document_ref=?,kyc_status=?,liquidity_needs=?,occupation=?,phone_number=?,risk_profile=? where client_id=?
2026-03-05T15:02:44.472+05:30  INFO 29360 --- [client-service] [http-nio-8081-exec-3] c.w.client.controller.ClientController   : API Request: GET /api/clients/1/kyc-document from Advisor ID: 1
2026-03-05T15:02:44.472+05:30 DEBUG 29360 --- [client-service] [http-nio-8081-exec-3] org.hibernate.SQL                        : select c1_0.client_id,c1_0.address,c1_0.advisor_id,c1_0.created_date,c1_0.date_of_birth,c1_0.email_address,c1_0.employer,c1_0.full_name,c1_0.investment_amount,c1_0.investment_goal,c1_0.investment_horizon,c1_0.kyc_document_ref,c1_0.kyc_status,c1_0.liquidity_needs,c1_0.occupation,c1_0.phone_number,c1_0.risk_profile from client c1_0 where c1_0.client_id=? and c1_0.advisor_id=?
2026-03-05T15:03:32.286+05:30  INFO 29360 --- [client-service] [http-nio-8081-exec-4] c.w.client.controller.ClientController   : API Request: GET /api/clients/7 from Advisor ID: 1
2026-03-05T15:03:32.288+05:30 DEBUG 29360 --- [client-service] [http-nio-8081-exec-4] org.hibernate.SQL                        : select c1_0.client_id,c1_0.address,c1_0.advisor_id,c1_0.created_date,c1_0.date_of_birth,c1_0.email_address,c1_0.employer,c1_0.full_name,c1_0.investment_amount,c1_0.investment_goal,c1_0.investment_horizon,c1_0.kyc_document_ref,c1_0.kyc_status,c1_0.liquidity_needs,c1_0.occupation,c1_0.phone_number,c1_0.risk_profile from client c1_0 where c1_0.client_id=? and c1_0.advisor_id=?
2026-03-05T15:03:36.762+05:30  INFO 29360 --- [client-service] [http-nio-8081-exec-5] c.w.client.controller.ClientController   : API Request: GET /api/clients/7 from Advisor ID: 1
2026-03-05T15:03:36.766+05:30 DEBUG 29360 --- [client-service] [http-nio-8081-exec-5] org.hibernate.SQL                        : select c1_0.client_id,c1_0.address,c1_0.advisor_id,c1_0.created_date,c1_0.date_of_birth,c1_0.email_address,c1_0.employer,c1_0.full_name,c1_0.investment_amount,c1_0.investment_goal,c1_0.investment_horizon,c1_0.kyc_document_ref,c1_0.kyc_status,c1_0.liquidity_needs,c1_0.occupation,c1_0.phone_number,c1_0.risk_profile from client c1_0 where c1_0.client_id=? and c1_0.advisor_id=?
2026-03-05T15:04:35.359+05:30  INFO 29360 --- [client-service] [AsyncResolver-bootstrap-executor-%d] c.n.d.s.r.aws.ConfigClusterResolver      : Resolving eureka endpoints via configuration
2026-03-05T15:07:54.456+05:30  INFO 29360 --- [client-service] [http-nio-8081-exec-9] c.w.client.controller.ClientController   : API Request: GET /api/clients from Advisor ID: 3
2026-03-05T15:07:54.464+05:30 DEBUG 29360 --- [client-service] [http-nio-8081-exec-9] org.hibernate.SQL                        : select c1_0.client_id,c1_0.address,c1_0.advisor_id,c1_0.created_date,c1_0.date_of_birth,c1_0.email_address,c1_0.employer,c1_0.full_name,c1_0.investment_amount,c1_0.investment_goal,c1_0.investment_horizon,c1_0.kyc_document_ref,c1_0.kyc_status,c1_0.liquidity_needs,c1_0.occupation,c1_0.phone_number,c1_0.risk_profile from client c1_0 where c1_0.advisor_id=?
2026-03-05T15:07:54.581+05:30  INFO 29360 --- [client-service] [http-nio-8081-exec-8] c.w.client.controller.ClientController   : API Request: GET /api/clients/6 from Advisor ID: 3
2026-03-05T15:07:54.584+05:30 DEBUG 29360 --- [client-service] [http-nio-8081-exec-8] org.hibernate.SQL                        : select c1_0.client_id,c1_0.address,c1_0.advisor_id,c1_0.created_date,c1_0.date_of_birth,c1_0.email_address,c1_0.employer,c1_0.full_name,c1_0.investment_amount,c1_0.investment_goal,c1_0.investment_horizon,c1_0.kyc_document_ref,c1_0.kyc_status,c1_0.liquidity_needs,c1_0.occupation,c1_0.phone_number,c1_0.risk_profile from client c1_0 where c1_0.client_id=? and c1_0.advisor_id=?
2026-03-05T15:09:35.367+05:30  INFO 29360 --- [client-service] [AsyncResolver-bootstrap-executor-%d] c.n.d.s.r.aws.ConfigClusterResolver      : Resolving eureka endpoints via configuration
2026-03-05T15:10:30.080+05:30  INFO 29360 --- [client-service] [http-nio-8081-exec-3] c.w.client.controller.ClientController   : API Request: POST /api/clients from Advisor ID: 3
2026-03-05T15:10:30.092+05:30  INFO 29360 --- [client-service] [http-nio-8081-exec-3] c.wealth.client.service.ClientService    : Attempting to onboard client: smiley for Advisor ID: 3
2026-03-05T15:10:30.131+05:30 DEBUG 29360 --- [client-service] [http-nio-8081-exec-3] org.hibernate.SQL                        : select c1_0.client_id from client c1_0 where c1_0.email_address=? limit ?
2026-03-05T15:10:30.175+05:30 DEBUG 29360 --- [client-service] [http-nio-8081-exec-3] org.hibernate.SQL                        : insert into client (address,advisor_id,created_date,date_of_birth,email_address,employer,full_name,investment_amount,investment_goal,investment_horizon,kyc_document_ref,kyc_status,liquidity_needs,occupation,phone_number,risk_profile) values (?,?,?,?,?,?,?,?,?,?,?,?,?,?,?,?)
2026-03-05T15:10:30.222+05:30  INFO 29360 --- [client-service] [http-nio-8081-exec-3] c.wealth.client.service.ClientService    : Client onboarded successfully. New Client ID: 8
2026-03-05T15:10:30.271+05:30  INFO 29360 --- [client-service] [http-nio-8081-exec-4] c.w.client.controller.ClientController   : API Request: GET /api/clients/8 from Advisor ID: 3
2026-03-05T15:10:30.273+05:30 DEBUG 29360 --- [client-service] [http-nio-8081-exec-4] org.hibernate.SQL                        : select c1_0.client_id,c1_0.address,c1_0.advisor_id,c1_0.created_date,c1_0.date_of_birth,c1_0.email_address,c1_0.employer,c1_0.full_name,c1_0.investment_amount,c1_0.investment_goal,c1_0.investment_horizon,c1_0.kyc_document_ref,c1_0.kyc_status,c1_0.liquidity_needs,c1_0.occupation,c1_0.phone_number,c1_0.risk_profile from client c1_0 where c1_0.client_id=? and c1_0.advisor_id=?
2026-03-05T15:10:46.105+05:30  INFO 29360 --- [client-service] [http-nio-8081-exec-5] c.w.client.controller.ClientController   : API Request: GET /api/clients/8 from Advisor ID: 3
2026-03-05T15:10:46.107+05:30 DEBUG 29360 --- [client-service] [http-nio-8081-exec-5] org.hibernate.SQL                        : select c1_0.client_id,c1_0.address,c1_0.advisor_id,c1_0.created_date,c1_0.date_of_birth,c1_0.email_address,c1_0.employer,c1_0.full_name,c1_0.investment_amount,c1_0.investment_goal,c1_0.investment_horizon,c1_0.kyc_document_ref,c1_0.kyc_status,c1_0.liquidity_needs,c1_0.occupation,c1_0.phone_number,c1_0.risk_profile from client c1_0 where c1_0.client_id=? and c1_0.advisor_id=?
2026-03-05T15:10:55.782+05:30  INFO 29360 --- [client-service] [http-nio-8081-exec-6] c.w.client.controller.ClientController   : API Request: GET /api/clients/8/kyc-document from Advisor ID: 3
2026-03-05T15:10:55.784+05:30 DEBUG 29360 --- [client-service] [http-nio-8081-exec-6] org.hibernate.SQL                        : select c1_0.client_id,c1_0.address,c1_0.advisor_id,c1_0.created_date,c1_0.date_of_birth,c1_0.email_address,c1_0.employer,c1_0.full_name,c1_0.investment_amount,c1_0.investment_goal,c1_0.investment_horizon,c1_0.kyc_document_ref,c1_0.kyc_status,c1_0.liquidity_needs,c1_0.occupation,c1_0.phone_number,c1_0.risk_profile from client c1_0 where c1_0.client_id=? and c1_0.advisor_id=?
2026-03-05T15:14:02.353+05:30  INFO 29360 --- [client-service] [http-nio-8081-exec-8] c.w.client.controller.ClientController   : API Request: GET /api/clients from Advisor ID: 3
2026-03-05T15:14:02.355+05:30 DEBUG 29360 --- [client-service] [http-nio-8081-exec-8] org.hibernate.SQL                        : select c1_0.client_id,c1_0.address,c1_0.advisor_id,c1_0.created_date,c1_0.date_of_birth,c1_0.email_address,c1_0.employer,c1_0.full_name,c1_0.investment_amount,c1_0.investment_goal,c1_0.investment_horizon,c1_0.kyc_document_ref,c1_0.kyc_status,c1_0.liquidity_needs,c1_0.occupation,c1_0.phone_number,c1_0.risk_profile from client c1_0 where c1_0.advisor_id=?
2026-03-05T15:14:14.447+05:30  INFO 29360 --- [client-service] [http-nio-8081-exec-1] c.w.client.controller.ClientController   : API Request: GET /api/clients from Advisor ID: 3
2026-03-05T15:14:14.447+05:30 DEBUG 29360 --- [client-service] [http-nio-8081-exec-1] org.hibernate.SQL                        : select c1_0.client_id,c1_0.address,c1_0.advisor_id,c1_0.created_date,c1_0.date_of_birth,c1_0.email_address,c1_0.employer,c1_0.full_name,c1_0.investment_amount,c1_0.investment_goal,c1_0.investment_horizon,c1_0.kyc_document_ref,c1_0.kyc_status,c1_0.liquidity_needs,c1_0.occupation,c1_0.phone_number,c1_0.risk_profile from client c1_0 where c1_0.advisor_id=?
2026-03-05T15:14:16.759+05:30  INFO 29360 --- [client-service] [http-nio-8081-exec-2] c.w.client.controller.ClientController   : API Request: GET /api/clients from Advisor ID: 3
2026-03-05T15:14:16.761+05:30 DEBUG 29360 --- [client-service] [http-nio-8081-exec-2] org.hibernate.SQL                        : select c1_0.client_id,c1_0.address,c1_0.advisor_id,c1_0.created_date,c1_0.date_of_birth,c1_0.email_address,c1_0.employer,c1_0.full_name,c1_0.investment_amount,c1_0.investment_goal,c1_0.investment_horizon,c1_0.kyc_document_ref,c1_0.kyc_status,c1_0.liquidity_needs,c1_0.occupation,c1_0.phone_number,c1_0.risk_profile from client c1_0 where c1_0.advisor_id=?
2026-03-05T15:14:18.028+05:30  INFO 29360 --- [client-service] [http-nio-8081-exec-3] c.w.client.controller.ClientController   : API Request: GET /api/clients from Advisor ID: 3
2026-03-05T15:14:18.037+05:30 DEBUG 29360 --- [client-service] [http-nio-8081-exec-3] org.hibernate.SQL                        : select c1_0.client_id,c1_0.address,c1_0.advisor_id,c1_0.created_date,c1_0.date_of_birth,c1_0.email_address,c1_0.employer,c1_0.full_name,c1_0.investment_amount,c1_0.investment_goal,c1_0.investment_horizon,c1_0.kyc_document_ref,c1_0.kyc_status,c1_0.liquidity_needs,c1_0.occupation,c1_0.phone_number,c1_0.risk_profile from client c1_0 where c1_0.advisor_id=?
2026-03-05T15:14:28.698+05:30  INFO 29360 --- [client-service] [http-nio-8081-exec-4] c.w.client.controller.ClientController   : API Request: GET /api/clients from Advisor ID: 1
2026-03-05T15:14:28.699+05:30 DEBUG 29360 --- [client-service] [http-nio-8081-exec-4] org.hibernate.SQL                        : select c1_0.client_id,c1_0.address,c1_0.advisor_id,c1_0.created_date,c1_0.date_of_birth,c1_0.email_address,c1_0.employer,c1_0.full_name,c1_0.investment_amount,c1_0.investment_goal,c1_0.investment_horizon,c1_0.kyc_document_ref,c1_0.kyc_status,c1_0.liquidity_needs,c1_0.occupation,c1_0.phone_number,c1_0.risk_profile from client c1_0 where c1_0.advisor_id=?
2026-03-05T15:14:28.837+05:30  INFO 29360 --- [client-service] [http-nio-8081-exec-5] c.w.client.controller.ClientController   : API Request: GET /api/clients/1 from Advisor ID: 1
2026-03-05T15:14:28.837+05:30 DEBUG 29360 --- [client-service] [http-nio-8081-exec-5] org.hibernate.SQL                        : select c1_0.client_id,c1_0.address,c1_0.advisor_id,c1_0.created_date,c1_0.date_of_birth,c1_0.email_address,c1_0.employer,c1_0.full_name,c1_0.investment_amount,c1_0.investment_goal,c1_0.investment_horizon,c1_0.kyc_document_ref,c1_0.kyc_status,c1_0.liquidity_needs,c1_0.occupation,c1_0.phone_number,c1_0.risk_profile from client c1_0 where c1_0.client_id=? and c1_0.advisor_id=?
2026-03-05T15:14:30.591+05:30  INFO 29360 --- [client-service] [http-nio-8081-exec-6] c.w.client.controller.ClientController   : API Request: GET /api/clients/1 from Advisor ID: 1
2026-03-05T15:14:30.591+05:30 DEBUG 29360 --- [client-service] [http-nio-8081-exec-6] org.hibernate.SQL                        : select c1_0.client_id,c1_0.address,c1_0.advisor_id,c1_0.created_date,c1_0.date_of_birth,c1_0.email_address,c1_0.employer,c1_0.full_name,c1_0.investment_amount,c1_0.investment_goal,c1_0.investment_horizon,c1_0.kyc_document_ref,c1_0.kyc_status,c1_0.liquidity_needs,c1_0.occupation,c1_0.phone_number,c1_0.risk_profile from client c1_0 where c1_0.client_id=? and c1_0.advisor_id=?
2026-03-05T15:14:35.380+05:30  INFO 29360 --- [client-service] [AsyncResolver-bootstrap-executor-%d] c.n.d.s.r.aws.ConfigClusterResolver      : Resolving eureka endpoints via configuration
2026-03-05T15:14:37.853+05:30  INFO 29360 --- [client-service] [http-nio-8081-exec-7] c.w.client.controller.ClientController   : API Request: GET /api/clients/2 from Advisor ID: 1
2026-03-05T15:14:37.857+05:30 DEBUG 29360 --- [client-service] [http-nio-8081-exec-7] org.hibernate.SQL                        : select c1_0.client_id,c1_0.address,c1_0.advisor_id,c1_0.created_date,c1_0.date_of_birth,c1_0.email_address,c1_0.employer,c1_0.full_name,c1_0.investment_amount,c1_0.investment_goal,c1_0.investment_horizon,c1_0.kyc_document_ref,c1_0.kyc_status,c1_0.liquidity_needs,c1_0.occupation,c1_0.phone_number,c1_0.risk_profile from client c1_0 where c1_0.client_id=? and c1_0.advisor_id=?
2026-03-05T15:14:45.026+05:30  INFO 29360 --- [client-service] [http-nio-8081-exec-10] c.w.client.controller.ClientController   : API Request: GET /api/clients/5 from Advisor ID: 1
2026-03-05T15:14:45.033+05:30 DEBUG 29360 --- [client-service] [http-nio-8081-exec-10] org.hibernate.SQL                        : select c1_0.client_id,c1_0.address,c1_0.advisor_id,c1_0.created_date,c1_0.date_of_birth,c1_0.email_address,c1_0.employer,c1_0.full_name,c1_0.investment_amount,c1_0.investment_goal,c1_0.investment_horizon,c1_0.kyc_document_ref,c1_0.kyc_status,c1_0.liquidity_needs,c1_0.occupation,c1_0.phone_number,c1_0.risk_profile from client c1_0 where c1_0.client_id=? and c1_0.advisor_id=?
2026-03-05T15:14:52.564+05:30  INFO 29360 --- [client-service] [http-nio-8081-exec-9] c.w.client.controller.ClientController   : API Request: GET /api/clients/7 from Advisor ID: 1
2026-03-05T15:14:52.566+05:30 DEBUG 29360 --- [client-service] [http-nio-8081-exec-9] org.hibernate.SQL                        : select c1_0.client_id,c1_0.address,c1_0.advisor_id,c1_0.created_date,c1_0.date_of_birth,c1_0.email_address,c1_0.employer,c1_0.full_name,c1_0.investment_amount,c1_0.investment_goal,c1_0.investment_horizon,c1_0.kyc_document_ref,c1_0.kyc_status,c1_0.liquidity_needs,c1_0.occupation,c1_0.phone_number,c1_0.risk_profile from client c1_0 where c1_0.client_id=? and c1_0.advisor_id=?
2026-03-05T15:18:17.837+05:30  INFO 29360 --- [client-service] [http-nio-8081-exec-2] c.w.client.controller.ClientController   : API Request: GET /api/clients/7 from Advisor ID: 1
2026-03-05T15:18:17.838+05:30 DEBUG 29360 --- [client-service] [http-nio-8081-exec-2] org.hibernate.SQL                        : select c1_0.client_id,c1_0.address,c1_0.advisor_id,c1_0.created_date,c1_0.date_of_birth,c1_0.email_address,c1_0.employer,c1_0.full_name,c1_0.investment_amount,c1_0.investment_goal,c1_0.investment_horizon,c1_0.kyc_document_ref,c1_0.kyc_status,c1_0.liquidity_needs,c1_0.occupation,c1_0.phone_number,c1_0.risk_profile from client c1_0 where c1_0.client_id=? and c1_0.advisor_id=?
2026-03-05T15:18:49.486+05:30  INFO 29360 --- [client-service] [http-nio-8081-exec-3] c.w.client.controller.ClientController   : API Request: GET /api/clients/7 from Advisor ID: 1
2026-03-05T15:18:49.486+05:30 DEBUG 29360 --- [client-service] [http-nio-8081-exec-3] org.hibernate.SQL                        : select c1_0.client_id,c1_0.address,c1_0.advisor_id,c1_0.created_date,c1_0.date_of_birth,c1_0.email_address,c1_0.employer,c1_0.full_name,c1_0.investment_amount,c1_0.investment_goal,c1_0.investment_horizon,c1_0.kyc_document_ref,c1_0.kyc_status,c1_0.liquidity_needs,c1_0.occupation,c1_0.phone_number,c1_0.risk_profile from client c1_0 where c1_0.client_id=? and c1_0.advisor_id=?
2026-03-05T15:19:20.153+05:30  INFO 29360 --- [client-service] [http-nio-8081-exec-4] c.w.client.controller.ClientController   : API Request: GET /api/clients/7 from Advisor ID: 1
2026-03-05T15:19:20.156+05:30 DEBUG 29360 --- [client-service] [http-nio-8081-exec-4] org.hibernate.SQL                        : select c1_0.client_id,c1_0.address,c1_0.advisor_id,c1_0.created_date,c1_0.date_of_birth,c1_0.email_address,c1_0.employer,c1_0.full_name,c1_0.investment_amount,c1_0.investment_goal,c1_0.investment_horizon,c1_0.kyc_document_ref,c1_0.kyc_status,c1_0.liquidity_needs,c1_0.occupation,c1_0.phone_number,c1_0.risk_profile from client c1_0 where c1_0.client_id=? and c1_0.advisor_id=?
2026-03-05T15:19:34.284+05:30  INFO 29360 --- [client-service] [http-nio-8081-exec-5] c.w.client.controller.ClientController   : API Request: GET /api/clients/7 from Advisor ID: 1
2026-03-05T15:19:34.284+05:30 DEBUG 29360 --- [client-service] [http-nio-8081-exec-5] org.hibernate.SQL                        : select c1_0.client_id,c1_0.address,c1_0.advisor_id,c1_0.created_date,c1_0.date_of_birth,c1_0.email_address,c1_0.employer,c1_0.full_name,c1_0.investment_amount,c1_0.investment_goal,c1_0.investment_horizon,c1_0.kyc_document_ref,c1_0.kyc_status,c1_0.liquidity_needs,c1_0.occupation,c1_0.phone_number,c1_0.risk_profile from client c1_0 where c1_0.client_id=? and c1_0.advisor_id=?
2026-03-05T15:19:35.384+05:30  INFO 29360 --- [client-service] [AsyncResolver-bootstrap-executor-%d] c.n.d.s.r.aws.ConfigClusterResolver      : Resolving eureka endpoints via configuration
2026-03-05T15:20:26.600+05:30  INFO 29360 --- [client-service] [http-nio-8081-exec-6] c.w.client.controller.ClientController   : API Request: GET /api/clients from Advisor ID: 1
2026-03-05T15:20:26.606+05:30 DEBUG 29360 --- [client-service] [http-nio-8081-exec-6] org.hibernate.SQL                        : select c1_0.client_id,c1_0.address,c1_0.advisor_id,c1_0.created_date,c1_0.date_of_birth,c1_0.email_address,c1_0.employer,c1_0.full_name,c1_0.investment_amount,c1_0.investment_goal,c1_0.investment_horizon,c1_0.kyc_document_ref,c1_0.kyc_status,c1_0.liquidity_needs,c1_0.occupation,c1_0.phone_number,c1_0.risk_profile from client c1_0 where c1_0.advisor_id=?
2026-03-05T15:20:26.774+05:30  INFO 29360 --- [client-service] [http-nio-8081-exec-7] c.w.client.controller.ClientController   : API Request: GET /api/clients/1 from Advisor ID: 1
2026-03-05T15:20:26.775+05:30 DEBUG 29360 --- [client-service] [http-nio-8081-exec-7] org.hibernate.SQL                        : select c1_0.client_id,c1_0.address,c1_0.advisor_id,c1_0.created_date,c1_0.date_of_birth,c1_0.email_address,c1_0.employer,c1_0.full_name,c1_0.investment_amount,c1_0.investment_goal,c1_0.investment_horizon,c1_0.kyc_document_ref,c1_0.kyc_status,c1_0.liquidity_needs,c1_0.occupation,c1_0.phone_number,c1_0.risk_profile from client c1_0 where c1_0.client_id=? and c1_0.advisor_id=?
2026-03-05T15:20:36.565+05:30  INFO 29360 --- [client-service] [http-nio-8081-exec-10] c.w.client.controller.ClientController   : API Request: GET /api/clients from Advisor ID: 1
2026-03-05T15:20:36.566+05:30 DEBUG 29360 --- [client-service] [http-nio-8081-exec-10] org.hibernate.SQL                        : select c1_0.client_id,c1_0.address,c1_0.advisor_id,c1_0.created_date,c1_0.date_of_birth,c1_0.email_address,c1_0.employer,c1_0.full_name,c1_0.investment_amount,c1_0.investment_goal,c1_0.investment_horizon,c1_0.kyc_document_ref,c1_0.kyc_status,c1_0.liquidity_needs,c1_0.occupation,c1_0.phone_number,c1_0.risk_profile from client c1_0 where c1_0.advisor_id=?
2026-03-05T15:20:36.724+05:30  INFO 29360 --- [client-service] [http-nio-8081-exec-9] c.w.client.controller.ClientController   : API Request: GET /api/clients/1 from Advisor ID: 1
2026-03-05T15:20:36.727+05:30 DEBUG 29360 --- [client-service] [http-nio-8081-exec-9] org.hibernate.SQL                        : select c1_0.client_id,c1_0.address,c1_0.advisor_id,c1_0.created_date,c1_0.date_of_birth,c1_0.email_address,c1_0.employer,c1_0.full_name,c1_0.investment_amount,c1_0.investment_goal,c1_0.investment_horizon,c1_0.kyc_document_ref,c1_0.kyc_status,c1_0.liquidity_needs,c1_0.occupation,c1_0.phone_number,c1_0.risk_profile from client c1_0 where c1_0.client_id=? and c1_0.advisor_id=?
2026-03-05T15:21:02.349+05:30  INFO 29360 --- [client-service] [http-nio-8081-exec-8] c.w.client.controller.ClientController   : API Request: GET /api/clients from Advisor ID: 1
2026-03-05T15:21:02.351+05:30 DEBUG 29360 --- [client-service] [http-nio-8081-exec-8] org.hibernate.SQL                        : select c1_0.client_id,c1_0.address,c1_0.advisor_id,c1_0.created_date,c1_0.date_of_birth,c1_0.email_address,c1_0.employer,c1_0.full_name,c1_0.investment_amount,c1_0.investment_goal,c1_0.investment_horizon,c1_0.kyc_document_ref,c1_0.kyc_status,c1_0.liquidity_needs,c1_0.occupation,c1_0.phone_number,c1_0.risk_profile from client c1_0 where c1_0.advisor_id=?
2026-03-05T15:21:02.495+05:30  INFO 29360 --- [client-service] [http-nio-8081-exec-1] c.w.client.controller.ClientController   : API Request: GET /api/clients/1 from Advisor ID: 1
2026-03-05T15:21:02.497+05:30 DEBUG 29360 --- [client-service] [http-nio-8081-exec-1] org.hibernate.SQL                        : select c1_0.client_id,c1_0.address,c1_0.advisor_id,c1_0.created_date,c1_0.date_of_birth,c1_0.email_address,c1_0.employer,c1_0.full_name,c1_0.investment_amount,c1_0.investment_goal,c1_0.investment_horizon,c1_0.kyc_document_ref,c1_0.kyc_status,c1_0.liquidity_needs,c1_0.occupation,c1_0.phone_number,c1_0.risk_profile from client c1_0 where c1_0.client_id=? and c1_0.advisor_id=?
2026-03-05T15:21:10.986+05:30  INFO 29360 --- [client-service] [http-nio-8081-exec-2] c.w.client.controller.ClientController   : API Request: GET /api/clients from Advisor ID: 1
2026-03-05T15:21:10.989+05:30 DEBUG 29360 --- [client-service] [http-nio-8081-exec-2] org.hibernate.SQL                        : select c1_0.client_id,c1_0.address,c1_0.advisor_id,c1_0.created_date,c1_0.date_of_birth,c1_0.email_address,c1_0.employer,c1_0.full_name,c1_0.investment_amount,c1_0.investment_goal,c1_0.investment_horizon,c1_0.kyc_document_ref,c1_0.kyc_status,c1_0.liquidity_needs,c1_0.occupation,c1_0.phone_number,c1_0.risk_profile from client c1_0 where c1_0.advisor_id=?
2026-03-05T15:21:11.146+05:30  INFO 29360 --- [client-service] [http-nio-8081-exec-3] c.w.client.controller.ClientController   : API Request: GET /api/clients/1 from Advisor ID: 1
2026-03-05T15:21:11.147+05:30 DEBUG 29360 --- [client-service] [http-nio-8081-exec-3] org.hibernate.SQL                        : select c1_0.client_id,c1_0.address,c1_0.advisor_id,c1_0.created_date,c1_0.date_of_birth,c1_0.email_address,c1_0.employer,c1_0.full_name,c1_0.investment_amount,c1_0.investment_goal,c1_0.investment_horizon,c1_0.kyc_document_ref,c1_0.kyc_status,c1_0.liquidity_needs,c1_0.occupation,c1_0.phone_number,c1_0.risk_profile from client c1_0 where c1_0.client_id=? and c1_0.advisor_id=?
2026-03-05T15:21:12.613+05:30  INFO 29360 --- [client-service] [http-nio-8081-exec-4] c.w.client.controller.ClientController   : API Request: GET /api/clients from Advisor ID: 1
2026-03-05T15:21:12.615+05:30 DEBUG 29360 --- [client-service] [http-nio-8081-exec-4] org.hibernate.SQL                        : select c1_0.client_id,c1_0.address,c1_0.advisor_id,c1_0.created_date,c1_0.date_of_birth,c1_0.email_address,c1_0.employer,c1_0.full_name,c1_0.investment_amount,c1_0.investment_goal,c1_0.investment_horizon,c1_0.kyc_document_ref,c1_0.kyc_status,c1_0.liquidity_needs,c1_0.occupation,c1_0.phone_number,c1_0.risk_profile from client c1_0 where c1_0.advisor_id=?
2026-03-05T15:21:12.746+05:30  INFO 29360 --- [client-service] [http-nio-8081-exec-5] c.w.client.controller.ClientController   : API Request: GET /api/clients/1 from Advisor ID: 1
2026-03-05T15:21:12.748+05:30 DEBUG 29360 --- [client-service] [http-nio-8081-exec-5] org.hibernate.SQL                        : select c1_0.client_id,c1_0.address,c1_0.advisor_id,c1_0.created_date,c1_0.date_of_birth,c1_0.email_address,c1_0.employer,c1_0.full_name,c1_0.investment_amount,c1_0.investment_goal,c1_0.investment_horizon,c1_0.kyc_document_ref,c1_0.kyc_status,c1_0.liquidity_needs,c1_0.occupation,c1_0.phone_number,c1_0.risk_profile from client c1_0 where c1_0.client_id=? and c1_0.advisor_id=?
2026-03-05T15:21:24.930+05:30  INFO 29360 --- [client-service] [http-nio-8081-exec-6] c.w.client.controller.ClientController   : API Request: GET /api/clients from Advisor ID: 1
2026-03-05T15:21:24.932+05:30 DEBUG 29360 --- [client-service] [http-nio-8081-exec-6] org.hibernate.SQL                        : select c1_0.client_id,c1_0.address,c1_0.advisor_id,c1_0.created_date,c1_0.date_of_birth,c1_0.email_address,c1_0.employer,c1_0.full_name,c1_0.investment_amount,c1_0.investment_goal,c1_0.investment_horizon,c1_0.kyc_document_ref,c1_0.kyc_status,c1_0.liquidity_needs,c1_0.occupation,c1_0.phone_number,c1_0.risk_profile from client c1_0 where c1_0.advisor_id=?
2026-03-05T15:21:25.115+05:30  INFO 29360 --- [client-service] [http-nio-8081-exec-7] c.w.client.controller.ClientController   : API Request: GET /api/clients/1 from Advisor ID: 1
2026-03-05T15:21:25.117+05:30 DEBUG 29360 --- [client-service] [http-nio-8081-exec-7] org.hibernate.SQL                        : select c1_0.client_id,c1_0.address,c1_0.advisor_id,c1_0.created_date,c1_0.date_of_birth,c1_0.email_address,c1_0.employer,c1_0.full_name,c1_0.investment_amount,c1_0.investment_goal,c1_0.investment_horizon,c1_0.kyc_document_ref,c1_0.kyc_status,c1_0.liquidity_needs,c1_0.occupation,c1_0.phone_number,c1_0.risk_profile from client c1_0 where c1_0.client_id=? and c1_0.advisor_id=?
2026-03-05T15:21:27.086+05:30  INFO 29360 --- [client-service] [http-nio-8081-exec-10] c.w.client.controller.ClientController   : API Request: GET /api/clients/1 from Advisor ID: 1
2026-03-05T15:21:27.088+05:30 DEBUG 29360 --- [client-service] [http-nio-8081-exec-10] org.hibernate.SQL                        : select c1_0.client_id,c1_0.address,c1_0.advisor_id,c1_0.created_date,c1_0.date_of_birth,c1_0.email_address,c1_0.employer,c1_0.full_name,c1_0.investment_amount,c1_0.investment_goal,c1_0.investment_horizon,c1_0.kyc_document_ref,c1_0.kyc_status,c1_0.liquidity_needs,c1_0.occupation,c1_0.phone_number,c1_0.risk_profile from client c1_0 where c1_0.client_id=? and c1_0.advisor_id=?
2026-03-05T15:21:34.339+05:30  INFO 29360 --- [client-service] [http-nio-8081-exec-9] c.w.client.controller.ClientController   : API Request: GET /api/clients/7 from Advisor ID: 1
2026-03-05T15:21:34.339+05:30 DEBUG 29360 --- [client-service] [http-nio-8081-exec-9] org.hibernate.SQL                        : select c1_0.client_id,c1_0.address,c1_0.advisor_id,c1_0.created_date,c1_0.date_of_birth,c1_0.email_address,c1_0.employer,c1_0.full_name,c1_0.investment_amount,c1_0.investment_goal,c1_0.investment_horizon,c1_0.kyc_document_ref,c1_0.kyc_status,c1_0.liquidity_needs,c1_0.occupation,c1_0.phone_number,c1_0.risk_profile from client c1_0 where c1_0.client_id=? and c1_0.advisor_id=?
2026-03-05T15:22:06.476+05:30  INFO 29360 --- [client-service] [http-nio-8081-exec-8] c.w.client.controller.ClientController   : API Request: GET /api/clients from Advisor ID: 1
2026-03-05T15:22:06.480+05:30 DEBUG 29360 --- [client-service] [http-nio-8081-exec-8] org.hibernate.SQL                        : select c1_0.client_id,c1_0.address,c1_0.advisor_id,c1_0.created_date,c1_0.date_of_birth,c1_0.email_address,c1_0.employer,c1_0.full_name,c1_0.investment_amount,c1_0.investment_goal,c1_0.investment_horizon,c1_0.kyc_document_ref,c1_0.kyc_status,c1_0.liquidity_needs,c1_0.occupation,c1_0.phone_number,c1_0.risk_profile from client c1_0 where c1_0.advisor_id=?
2026-03-05T15:22:06.610+05:30  INFO 29360 --- [client-service] [http-nio-8081-exec-1] c.w.client.controller.ClientController   : API Request: GET /api/clients/1 from Advisor ID: 1
2026-03-05T15:22:06.610+05:30 DEBUG 29360 --- [client-service] [http-nio-8081-exec-1] org.hibernate.SQL                        : select c1_0.client_id,c1_0.address,c1_0.advisor_id,c1_0.created_date,c1_0.date_of_birth,c1_0.email_address,c1_0.employer,c1_0.full_name,c1_0.investment_amount,c1_0.investment_goal,c1_0.investment_horizon,c1_0.kyc_document_ref,c1_0.kyc_status,c1_0.liquidity_needs,c1_0.occupation,c1_0.phone_number,c1_0.risk_profile from client c1_0 where c1_0.client_id=? and c1_0.advisor_id=?
2026-03-05T15:22:12.736+05:30  INFO 29360 --- [client-service] [http-nio-8081-exec-2] c.w.client.controller.ClientController   : API Request: GET /api/clients from Advisor ID: 1
2026-03-05T15:22:12.738+05:30 DEBUG 29360 --- [client-service] [http-nio-8081-exec-2] org.hibernate.SQL                        : select c1_0.client_id,c1_0.address,c1_0.advisor_id,c1_0.created_date,c1_0.date_of_birth,c1_0.email_address,c1_0.employer,c1_0.full_name,c1_0.investment_amount,c1_0.investment_goal,c1_0.investment_horizon,c1_0.kyc_document_ref,c1_0.kyc_status,c1_0.liquidity_needs,c1_0.occupation,c1_0.phone_number,c1_0.risk_profile from client c1_0 where c1_0.advisor_id=?
2026-03-05T15:22:12.895+05:30  INFO 29360 --- [client-service] [http-nio-8081-exec-3] c.w.client.controller.ClientController   : API Request: GET /api/clients/1 from Advisor ID: 1
2026-03-05T15:22:12.898+05:30 DEBUG 29360 --- [client-service] [http-nio-8081-exec-3] org.hibernate.SQL                        : select c1_0.client_id,c1_0.address,c1_0.advisor_id,c1_0.created_date,c1_0.date_of_birth,c1_0.email_address,c1_0.employer,c1_0.full_name,c1_0.investment_amount,c1_0.investment_goal,c1_0.investment_horizon,c1_0.kyc_document_ref,c1_0.kyc_status,c1_0.liquidity_needs,c1_0.occupation,c1_0.phone_number,c1_0.risk_profile from client c1_0 where c1_0.client_id=? and c1_0.advisor_id=?
2026-03-05T15:22:38.731+05:30  INFO 29360 --- [client-service] [http-nio-8081-exec-4] c.w.client.controller.ClientController   : API Request: GET /api/clients/7 from Advisor ID: 1
2026-03-05T15:22:38.731+05:30 DEBUG 29360 --- [client-service] [http-nio-8081-exec-4] org.hibernate.SQL                        : select c1_0.client_id,c1_0.address,c1_0.advisor_id,c1_0.created_date,c1_0.date_of_birth,c1_0.email_address,c1_0.employer,c1_0.full_name,c1_0.investment_amount,c1_0.investment_goal,c1_0.investment_horizon,c1_0.kyc_document_ref,c1_0.kyc_status,c1_0.liquidity_needs,c1_0.occupation,c1_0.phone_number,c1_0.risk_profile from client c1_0 where c1_0.client_id=? and c1_0.advisor_id=?
2026-03-06T12:15:50.941+05:30  INFO 15684 --- [client-service] [main] c.w.client.ClientServiceApplication      : Starting ClientServiceApplication using Java 25 with PID 15684 (C:\Users\2463660\OneDrive - Cognizant\Desktop\Wealth-Wise-Management-Portfoilio-Advisory-System\Backend\client-service\client-service\target\classes started by 2463660 in C:\Users\2463660\OneDrive - Cognizant\Desktop\Wealth-Wise-Management-Portfoilio-Advisory-System\Backend\client-service\client-service)
2026-03-06T12:15:50.947+05:30  INFO 15684 --- [client-service] [main] c.w.client.ClientServiceApplication      : No active profile set, falling back to 1 default profile: "default"
2026-03-06T12:15:52.949+05:30  INFO 15684 --- [client-service] [main] .s.d.r.c.RepositoryConfigurationDelegate : Bootstrapping Spring Data JPA repositories in DEFAULT mode.
2026-03-06T12:15:53.307+05:30  INFO 15684 --- [client-service] [main] .s.d.r.c.RepositoryConfigurationDelegate : Finished Spring Data repository scanning in 335 ms. Found 1 JPA repository interface.
2026-03-06T12:15:53.737+05:30  INFO 15684 --- [client-service] [main] o.s.cloud.context.scope.GenericScope     : BeanFactory id=ec5c0d43-0339-3e3a-a9ea-0dfc89d70fb0
2026-03-06T12:15:54.629+05:30  INFO 15684 --- [client-service] [main] o.s.boot.tomcat.TomcatWebServer          : Tomcat initialized with port 8081 (http)
2026-03-06T12:15:54.657+05:30  INFO 15684 --- [client-service] [main] o.apache.catalina.core.StandardService   : Starting service [Tomcat]
2026-03-06T12:15:54.658+05:30  INFO 15684 --- [client-service] [main] o.apache.catalina.core.StandardEngine    : Starting Servlet engine: [Apache Tomcat/11.0.15]
2026-03-06T12:15:54.830+05:30  INFO 15684 --- [client-service] [main] b.w.c.s.WebApplicationContextInitializer : Root WebApplicationContext: initialization completed in 3739 ms
2026-03-06T12:15:55.219+05:30  INFO 15684 --- [client-service] [main] org.hibernate.orm.jpa                    : HHH008540: Processing PersistenceUnitInfo [name: default]
2026-03-06T12:15:55.387+05:30  INFO 15684 --- [client-service] [main] org.hibernate.orm.core                   : HHH000001: Hibernate ORM core version 7.2.1.Final
2026-03-06T12:15:56.600+05:30  INFO 15684 --- [client-service] [main] o.s.o.j.p.SpringPersistenceUnitInfo      : No LoadTimeWeaver setup: ignoring JPA class transformer
2026-03-06T12:15:56.684+05:30  INFO 15684 --- [client-service] [main] com.zaxxer.hikari.HikariDataSource       : HikariPool-1 - Starting...
2026-03-06T12:15:57.522+05:30  INFO 15684 --- [client-service] [main] com.zaxxer.hikari.pool.HikariPool        : HikariPool-1 - Added connection com.mysql.cj.jdbc.ConnectionImpl@60e80279
2026-03-06T12:15:57.528+05:30  INFO 15684 --- [client-service] [main] com.zaxxer.hikari.HikariDataSource       : HikariPool-1 - Start completed.
2026-03-06T12:15:57.818+05:30  INFO 15684 --- [client-service] [main] org.hibernate.orm.connections.pooling    : HHH10001005: Database info:
	Database JDBC URL [jdbc:mysql://localhost:3306/finance_db]
	Database driver: MySQL Connector/J
	Database dialect: MySQLDialect
	Database version: 8.0.44
	Default catalog/schema: finance_db/undefined
	Autocommit mode: undefined/unknown
	Isolation level: REPEATABLE_READ [default REPEATABLE_READ]
	JDBC fetch size: none
	Pool: DataSourceConnectionProvider
	Minimum pool size: undefined/unknown
	Maximum pool size: undefined/unknown
2026-03-06T12:16:00.563+05:30  INFO 15684 --- [client-service] [main] org.hibernate.orm.core                   : HHH000489: No JTA platform available (set 'hibernate.transaction.jta.platform' to enable JTA platform integration)
2026-03-06T12:16:00.725+05:30  INFO 15684 --- [client-service] [main] j.LocalContainerEntityManagerFactoryBean : Initialized JPA EntityManagerFactory for persistence unit 'default'
2026-03-06T12:16:00.924+05:30  INFO 15684 --- [client-service] [main] o.s.d.j.r.query.QueryEnhancerFactories   : Hibernate is in classpath; If applicable, HQL parser will be used.
2026-03-06T12:16:01.467+05:30  WARN 15684 --- [client-service] [main] JpaBaseConfiguration$JpaWebConfiguration : spring.jpa.open-in-view is enabled by default. Therefore, database queries may be performed during view rendering. Explicitly configure spring.jpa.open-in-view to disable this warning
2026-03-06T12:16:02.704+05:30  INFO 15684 --- [client-service] [main] DiscoveryClientOptionalArgsConfiguration : Eureka HTTP Client uses RestClient.
2026-03-06T12:16:02.795+05:30  WARN 15684 --- [client-service] [main] iguration$LoadBalancerCaffeineWarnLogger : Spring Cloud LoadBalancer is currently working with the default cache. While this cache implementation is useful for development and tests, it's recommended to use Caffeine cache in production.You can switch to using Caffeine cache, by adding it and org.springframework.cache.caffeine.CaffeineCacheManager to the classpath.
2026-03-06T12:16:02.846+05:30  INFO 15684 --- [client-service] [main] o.s.c.n.eureka.InstanceInfoFactory       : Setting initial instance status as: STARTING
2026-03-06T12:16:02.927+05:30  INFO 15684 --- [client-service] [main] com.netflix.discovery.DiscoveryClient    : Initializing Eureka in region us-east-1
2026-03-06T12:16:02.937+05:30  INFO 15684 --- [client-service] [main] c.n.d.s.r.aws.ConfigClusterResolver      : Resolving eureka endpoints via configuration
2026-03-06T12:16:02.958+05:30  INFO 15684 --- [client-service] [main] com.netflix.discovery.DiscoveryClient    : Disable delta property : false
2026-03-06T12:16:02.959+05:30  INFO 15684 --- [client-service] [main] com.netflix.discovery.DiscoveryClient    : Single vip registry refresh property : null
2026-03-06T12:16:02.959+05:30  INFO 15684 --- [client-service] [main] com.netflix.discovery.DiscoveryClient    : Force full registry fetch : false
2026-03-06T12:16:02.959+05:30  INFO 15684 --- [client-service] [main] com.netflix.discovery.DiscoveryClient    : Application is null : false
2026-03-06T12:16:02.960+05:30  INFO 15684 --- [client-service] [main] com.netflix.discovery.DiscoveryClient    : Registered Applications size is zero : true
2026-03-06T12:16:02.960+05:30  INFO 15684 --- [client-service] [main] com.netflix.discovery.DiscoveryClient    : Application version is -1: true
2026-03-06T12:16:02.960+05:30  INFO 15684 --- [client-service] [main] com.netflix.discovery.DiscoveryClient    : Getting all instance registry info from the eureka server
2026-03-06T12:16:03.755+05:30  INFO 15684 --- [client-service] [main] com.netflix.discovery.DiscoveryClient    : The response status is 200
2026-03-06T12:16:03.759+05:30  INFO 15684 --- [client-service] [main] com.netflix.discovery.DiscoveryClient    : Starting heartbeat executor: renew interval is: 30
2026-03-06T12:16:03.764+05:30  INFO 15684 --- [client-service] [main] c.n.discovery.InstanceInfoReplicator     : InstanceInfoReplicator onDemand update allowed rate per min is 4
2026-03-06T12:16:03.768+05:30  INFO 15684 --- [client-service] [main] com.netflix.discovery.DiscoveryClient    : Discovery Client initialized at timestamp 1772779563766 with initial instances count: 4
2026-03-06T12:16:03.775+05:30  INFO 15684 --- [client-service] [main] o.s.c.n.e.s.EurekaServiceRegistry        : Registering application CLIENT-SERVICE with eureka with status UP
2026-03-06T12:16:03.777+05:30  INFO 15684 --- [client-service] [main] com.netflix.discovery.DiscoveryClient    : Saw local status change event StatusChangeEvent [timestamp=1772779563777, current=UP, previous=STARTING]
2026-03-06T12:16:03.782+05:30  INFO 15684 --- [client-service] [DiscoveryClient-InstanceInfoReplicator-%d] com.netflix.discovery.DiscoveryClient    : DiscoveryClient_CLIENT-SERVICE/LTIN656932.cts.com:client-service:8081: registering service...
2026-03-06T12:16:03.821+05:30  INFO 15684 --- [client-service] [main] o.s.boot.tomcat.TomcatWebServer          : Tomcat started on port 8081 (http) with context path '/'
2026-03-06T12:16:03.823+05:30  INFO 15684 --- [client-service] [main] .s.c.n.e.s.EurekaAutoServiceRegistration : Updating port to 8081
2026-03-06T12:16:03.844+05:30  INFO 15684 --- [client-service] [main] c.w.client.ClientServiceApplication      : Started ClientServiceApplication in 14.507 seconds (process running for 16.375)
2026-03-06T12:16:03.858+05:30  INFO 15684 --- [client-service] [DiscoveryClient-InstanceInfoReplicator-%d] com.netflix.discovery.DiscoveryClient    : DiscoveryClient_CLIENT-SERVICE/LTIN656932.cts.com:client-service:8081 - registration status: 204
2026-03-06T12:20:47.094+05:30  INFO 15684 --- [client-service] [http-nio-8081-exec-2] o.a.c.c.C.[Tomcat].[localhost].[/]       : Initializing Spring DispatcherServlet 'dispatcherServlet'
2026-03-06T12:20:47.102+05:30  INFO 15684 --- [client-service] [http-nio-8081-exec-2] o.s.web.servlet.DispatcherServlet        : Initializing Servlet 'dispatcherServlet'
2026-03-06T12:20:47.128+05:30  INFO 15684 --- [client-service] [http-nio-8081-exec-2] o.s.web.servlet.DispatcherServlet        : Completed initialization in 26 ms
2026-03-06T12:20:47.360+05:30  INFO 15684 --- [client-service] [http-nio-8081-exec-2] c.w.client.controller.ClientController   : API Request: GET /api/clients from Advisor ID: 1
2026-03-06T12:20:48.207+05:30 DEBUG 15684 --- [client-service] [http-nio-8081-exec-2] org.hibernate.SQL                        : select c1_0.client_id,c1_0.address,c1_0.advisor_id,c1_0.created_date,c1_0.date_of_birth,c1_0.email_address,c1_0.employer,c1_0.full_name,c1_0.investment_amount,c1_0.investment_goal,c1_0.investment_horizon,c1_0.kyc_document_ref,c1_0.kyc_status,c1_0.liquidity_needs,c1_0.occupation,c1_0.phone_number,c1_0.risk_profile from client c1_0 where c1_0.advisor_id=?
2026-03-06T12:20:49.423+05:30  INFO 15684 --- [client-service] [http-nio-8081-exec-3] c.w.client.controller.ClientController   : API Request: GET /api/clients/1 from Advisor ID: 1
2026-03-06T12:20:49.452+05:30 DEBUG 15684 --- [client-service] [http-nio-8081-exec-3] org.hibernate.SQL                        : select c1_0.client_id,c1_0.address,c1_0.advisor_id,c1_0.created_date,c1_0.date_of_birth,c1_0.email_address,c1_0.employer,c1_0.full_name,c1_0.investment_amount,c1_0.investment_goal,c1_0.investment_horizon,c1_0.kyc_document_ref,c1_0.kyc_status,c1_0.liquidity_needs,c1_0.occupation,c1_0.phone_number,c1_0.risk_profile from client c1_0 where c1_0.client_id=? and c1_0.advisor_id=?
2026-03-06T12:21:02.975+05:30  INFO 15684 --- [client-service] [AsyncResolver-bootstrap-executor-%d] c.n.d.s.r.aws.ConfigClusterResolver      : Resolving eureka endpoints via configuration
2026-03-06T12:21:04.333+05:30  INFO 15684 --- [client-service] [http-nio-8081-exec-1] c.w.client.controller.ClientController   : API Request: GET /api/clients from Advisor ID: 1
2026-03-06T12:21:04.337+05:30 DEBUG 15684 --- [client-service] [http-nio-8081-exec-1] org.hibernate.SQL                        : select c1_0.client_id,c1_0.address,c1_0.advisor_id,c1_0.created_date,c1_0.date_of_birth,c1_0.email_address,c1_0.employer,c1_0.full_name,c1_0.investment_amount,c1_0.investment_goal,c1_0.investment_horizon,c1_0.kyc_document_ref,c1_0.kyc_status,c1_0.liquidity_needs,c1_0.occupation,c1_0.phone_number,c1_0.risk_profile from client c1_0 where c1_0.advisor_id=?
2026-03-06T12:21:04.568+05:30  INFO 15684 --- [client-service] [http-nio-8081-exec-4] c.w.client.controller.ClientController   : API Request: GET /api/clients/1 from Advisor ID: 1
2026-03-06T12:21:04.570+05:30 DEBUG 15684 --- [client-service] [http-nio-8081-exec-4] org.hibernate.SQL                        : select c1_0.client_id,c1_0.address,c1_0.advisor_id,c1_0.created_date,c1_0.date_of_birth,c1_0.email_address,c1_0.employer,c1_0.full_name,c1_0.investment_amount,c1_0.investment_goal,c1_0.investment_horizon,c1_0.kyc_document_ref,c1_0.kyc_status,c1_0.liquidity_needs,c1_0.occupation,c1_0.phone_number,c1_0.risk_profile from client c1_0 where c1_0.client_id=? and c1_0.advisor_id=?
2026-03-06T12:21:06.437+05:30  INFO 15684 --- [client-service] [http-nio-8081-exec-5] c.w.client.controller.ClientController   : API Request: GET /api/clients/1 from Advisor ID: 1
2026-03-06T12:21:06.439+05:30 DEBUG 15684 --- [client-service] [http-nio-8081-exec-5] org.hibernate.SQL                        : select c1_0.client_id,c1_0.address,c1_0.advisor_id,c1_0.created_date,c1_0.date_of_birth,c1_0.email_address,c1_0.employer,c1_0.full_name,c1_0.investment_amount,c1_0.investment_goal,c1_0.investment_horizon,c1_0.kyc_document_ref,c1_0.kyc_status,c1_0.liquidity_needs,c1_0.occupation,c1_0.phone_number,c1_0.risk_profile from client c1_0 where c1_0.client_id=? and c1_0.advisor_id=?
2026-03-06T12:21:40.691+05:30  INFO 15684 --- [client-service] [http-nio-8081-exec-6] c.w.client.controller.ClientController   : API Request: GET /api/clients/1 from Advisor ID: 1
2026-03-06T12:21:40.691+05:30 DEBUG 15684 --- [client-service] [http-nio-8081-exec-6] org.hibernate.SQL                        : select c1_0.client_id,c1_0.address,c1_0.advisor_id,c1_0.created_date,c1_0.date_of_birth,c1_0.email_address,c1_0.employer,c1_0.full_name,c1_0.investment_amount,c1_0.investment_goal,c1_0.investment_horizon,c1_0.kyc_document_ref,c1_0.kyc_status,c1_0.liquidity_needs,c1_0.occupation,c1_0.phone_number,c1_0.risk_profile from client c1_0 where c1_0.client_id=? and c1_0.advisor_id=?
2026-03-06T12:21:59.385+05:30  INFO 15684 --- [client-service] [http-nio-8081-exec-8] c.w.client.controller.ClientController   : API Request: GET /api/clients/1 from Advisor ID: 1
2026-03-06T12:21:59.387+05:30 DEBUG 15684 --- [client-service] [http-nio-8081-exec-8] org.hibernate.SQL                        : select c1_0.client_id,c1_0.address,c1_0.advisor_id,c1_0.created_date,c1_0.date_of_birth,c1_0.email_address,c1_0.employer,c1_0.full_name,c1_0.investment_amount,c1_0.investment_goal,c1_0.investment_horizon,c1_0.kyc_document_ref,c1_0.kyc_status,c1_0.liquidity_needs,c1_0.occupation,c1_0.phone_number,c1_0.risk_profile from client c1_0 where c1_0.client_id=? and c1_0.advisor_id=?
2026-03-06T12:22:09.216+05:30  INFO 15684 --- [client-service] [http-nio-8081-exec-10] c.w.client.controller.ClientController   : API Request: GET /api/clients/1/kyc-document from Advisor ID: 1
2026-03-06T12:22:09.218+05:30 DEBUG 15684 --- [client-service] [http-nio-8081-exec-10] org.hibernate.SQL                        : select c1_0.client_id,c1_0.address,c1_0.advisor_id,c1_0.created_date,c1_0.date_of_birth,c1_0.email_address,c1_0.employer,c1_0.full_name,c1_0.investment_amount,c1_0.investment_goal,c1_0.investment_horizon,c1_0.kyc_document_ref,c1_0.kyc_status,c1_0.liquidity_needs,c1_0.occupation,c1_0.phone_number,c1_0.risk_profile from client c1_0 where c1_0.client_id=? and c1_0.advisor_id=?
2026-03-06T12:22:21.840+05:30  INFO 15684 --- [client-service] [http-nio-8081-exec-2] c.w.client.controller.ClientController   : API Request: GET /api/clients/2 from Advisor ID: 1
2026-03-06T12:22:21.841+05:30 DEBUG 15684 --- [client-service] [http-nio-8081-exec-2] org.hibernate.SQL                        : select c1_0.client_id,c1_0.address,c1_0.advisor_id,c1_0.created_date,c1_0.date_of_birth,c1_0.email_address,c1_0.employer,c1_0.full_name,c1_0.investment_amount,c1_0.investment_goal,c1_0.investment_horizon,c1_0.kyc_document_ref,c1_0.kyc_status,c1_0.liquidity_needs,c1_0.occupation,c1_0.phone_number,c1_0.risk_profile from client c1_0 where c1_0.client_id=? and c1_0.advisor_id=?
2026-03-06T12:22:41.454+05:30  INFO 15684 --- [client-service] [http-nio-8081-exec-3] c.w.client.controller.ClientController   : API Request: GET /api/clients/2 from Advisor ID: 1
2026-03-06T12:22:41.458+05:30 DEBUG 15684 --- [client-service] [http-nio-8081-exec-3] org.hibernate.SQL                        : select c1_0.client_id,c1_0.address,c1_0.advisor_id,c1_0.created_date,c1_0.date_of_birth,c1_0.email_address,c1_0.employer,c1_0.full_name,c1_0.investment_amount,c1_0.investment_goal,c1_0.investment_horizon,c1_0.kyc_document_ref,c1_0.kyc_status,c1_0.liquidity_needs,c1_0.occupation,c1_0.phone_number,c1_0.risk_profile from client c1_0 where c1_0.client_id=? and c1_0.advisor_id=?
2026-03-06T12:23:30.642+05:30  INFO 15684 --- [client-service] [http-nio-8081-exec-5] c.w.client.controller.ClientController   : API Request: GET /api/clients/2 from Advisor ID: 1
2026-03-06T12:23:30.644+05:30 DEBUG 15684 --- [client-service] [http-nio-8081-exec-5] org.hibernate.SQL                        : select c1_0.client_id,c1_0.address,c1_0.advisor_id,c1_0.created_date,c1_0.date_of_birth,c1_0.email_address,c1_0.employer,c1_0.full_name,c1_0.investment_amount,c1_0.investment_goal,c1_0.investment_horizon,c1_0.kyc_document_ref,c1_0.kyc_status,c1_0.liquidity_needs,c1_0.occupation,c1_0.phone_number,c1_0.risk_profile from client c1_0 where c1_0.client_id=? and c1_0.advisor_id=?
2026-03-06T12:23:40.236+05:30  INFO 15684 --- [client-service] [http-nio-8081-exec-6] c.w.client.controller.ClientController   : API Request: GET /api/clients/2 from Advisor ID: 1
2026-03-06T12:23:40.240+05:30 DEBUG 15684 --- [client-service] [http-nio-8081-exec-6] org.hibernate.SQL                        : select c1_0.client_id,c1_0.address,c1_0.advisor_id,c1_0.created_date,c1_0.date_of_birth,c1_0.email_address,c1_0.employer,c1_0.full_name,c1_0.investment_amount,c1_0.investment_goal,c1_0.investment_horizon,c1_0.kyc_document_ref,c1_0.kyc_status,c1_0.liquidity_needs,c1_0.occupation,c1_0.phone_number,c1_0.risk_profile from client c1_0 where c1_0.client_id=? and c1_0.advisor_id=?
2026-03-06T12:24:11.957+05:30  INFO 15684 --- [client-service] [http-nio-8081-exec-8] c.w.client.controller.ClientController   : API Request: GET /api/clients/2 from Advisor ID: 1
2026-03-06T12:24:11.959+05:30 DEBUG 15684 --- [client-service] [http-nio-8081-exec-8] org.hibernate.SQL                        : select c1_0.client_id,c1_0.address,c1_0.advisor_id,c1_0.created_date,c1_0.date_of_birth,c1_0.email_address,c1_0.employer,c1_0.full_name,c1_0.investment_amount,c1_0.investment_goal,c1_0.investment_horizon,c1_0.kyc_document_ref,c1_0.kyc_status,c1_0.liquidity_needs,c1_0.occupation,c1_0.phone_number,c1_0.risk_profile from client c1_0 where c1_0.client_id=? and c1_0.advisor_id=?
2026-03-06T12:25:51.386+05:30  INFO 15684 --- [client-service] [http-nio-8081-exec-10] c.w.client.controller.ClientController   : API Request: GET /api/clients/2 from Advisor ID: 1
2026-03-06T12:25:51.388+05:30 DEBUG 15684 --- [client-service] [http-nio-8081-exec-10] org.hibernate.SQL                        : select c1_0.client_id,c1_0.address,c1_0.advisor_id,c1_0.created_date,c1_0.date_of_birth,c1_0.email_address,c1_0.employer,c1_0.full_name,c1_0.investment_amount,c1_0.investment_goal,c1_0.investment_horizon,c1_0.kyc_document_ref,c1_0.kyc_status,c1_0.liquidity_needs,c1_0.occupation,c1_0.phone_number,c1_0.risk_profile from client c1_0 where c1_0.client_id=? and c1_0.advisor_id=?
2026-03-06T12:25:57.765+05:30  INFO 15684 --- [client-service] [http-nio-8081-exec-2] c.w.client.controller.ClientController   : API Request: GET /api/clients/2 from Advisor ID: 1
2026-03-06T12:25:57.767+05:30 DEBUG 15684 --- [client-service] [http-nio-8081-exec-2] org.hibernate.SQL                        : select c1_0.client_id,c1_0.address,c1_0.advisor_id,c1_0.created_date,c1_0.date_of_birth,c1_0.email_address,c1_0.employer,c1_0.full_name,c1_0.investment_amount,c1_0.investment_goal,c1_0.investment_horizon,c1_0.kyc_document_ref,c1_0.kyc_status,c1_0.liquidity_needs,c1_0.occupation,c1_0.phone_number,c1_0.risk_profile from client c1_0 where c1_0.client_id=? and c1_0.advisor_id=?
2026-03-06T12:26:00.518+05:30  INFO 15684 --- [client-service] [http-nio-8081-exec-3] c.w.client.controller.ClientController   : API Request: GET /api/clients/2 from Advisor ID: 1
2026-03-06T12:26:00.520+05:30 DEBUG 15684 --- [client-service] [http-nio-8081-exec-3] org.hibernate.SQL                        : select c1_0.client_id,c1_0.address,c1_0.advisor_id,c1_0.created_date,c1_0.date_of_birth,c1_0.email_address,c1_0.employer,c1_0.full_name,c1_0.investment_amount,c1_0.investment_goal,c1_0.investment_horizon,c1_0.kyc_document_ref,c1_0.kyc_status,c1_0.liquidity_needs,c1_0.occupation,c1_0.phone_number,c1_0.risk_profile from client c1_0 where c1_0.client_id=? and c1_0.advisor_id=?
2026-03-06T12:26:02.986+05:30  INFO 15684 --- [client-service] [AsyncResolver-bootstrap-executor-%d] c.n.d.s.r.aws.ConfigClusterResolver      : Resolving eureka endpoints via configuration
2026-03-06T12:26:05.117+05:30  INFO 15684 --- [client-service] [http-nio-8081-exec-1] c.w.client.controller.ClientController   : API Request: GET /api/clients/2 from Advisor ID: 1
2026-03-06T12:26:05.120+05:30 DEBUG 15684 --- [client-service] [http-nio-8081-exec-1] org.hibernate.SQL                        : select c1_0.client_id,c1_0.address,c1_0.advisor_id,c1_0.created_date,c1_0.date_of_birth,c1_0.email_address,c1_0.employer,c1_0.full_name,c1_0.investment_amount,c1_0.investment_goal,c1_0.investment_horizon,c1_0.kyc_document_ref,c1_0.kyc_status,c1_0.liquidity_needs,c1_0.occupation,c1_0.phone_number,c1_0.risk_profile from client c1_0 where c1_0.client_id=? and c1_0.advisor_id=?
2026-03-06T12:26:34.124+05:30  INFO 15684 --- [client-service] [http-nio-8081-exec-4] c.w.client.controller.ClientController   : API Request: GET /api/clients/5 from Advisor ID: 1
2026-03-06T12:26:34.127+05:30 DEBUG 15684 --- [client-service] [http-nio-8081-exec-4] org.hibernate.SQL                        : select c1_0.client_id,c1_0.address,c1_0.advisor_id,c1_0.created_date,c1_0.date_of_birth,c1_0.email_address,c1_0.employer,c1_0.full_name,c1_0.investment_amount,c1_0.investment_goal,c1_0.investment_horizon,c1_0.kyc_document_ref,c1_0.kyc_status,c1_0.liquidity_needs,c1_0.occupation,c1_0.phone_number,c1_0.risk_profile from client c1_0 where c1_0.client_id=? and c1_0.advisor_id=?
2026-03-06T12:26:34.202+05:30  INFO 15684 --- [client-service] [http-nio-8081-exec-5] c.w.client.controller.ClientController   : API Request: GET /api/clients/5 from Advisor ID: 1
2026-03-06T12:26:34.205+05:30 DEBUG 15684 --- [client-service] [http-nio-8081-exec-5] org.hibernate.SQL                        : select c1_0.client_id,c1_0.address,c1_0.advisor_id,c1_0.created_date,c1_0.date_of_birth,c1_0.email_address,c1_0.employer,c1_0.full_name,c1_0.investment_amount,c1_0.investment_goal,c1_0.investment_horizon,c1_0.kyc_document_ref,c1_0.kyc_status,c1_0.liquidity_needs,c1_0.occupation,c1_0.phone_number,c1_0.risk_profile from client c1_0 where c1_0.client_id=? and c1_0.advisor_id=?
2026-03-06T12:26:34.273+05:30  INFO 15684 --- [client-service] [http-nio-8081-exec-6] c.w.client.controller.ClientController   : API Request: GET /api/clients/5 from Advisor ID: 1
2026-03-06T12:26:34.275+05:30 DEBUG 15684 --- [client-service] [http-nio-8081-exec-6] org.hibernate.SQL                        : select c1_0.client_id,c1_0.address,c1_0.advisor_id,c1_0.created_date,c1_0.date_of_birth,c1_0.email_address,c1_0.employer,c1_0.full_name,c1_0.investment_amount,c1_0.investment_goal,c1_0.investment_horizon,c1_0.kyc_document_ref,c1_0.kyc_status,c1_0.liquidity_needs,c1_0.occupation,c1_0.phone_number,c1_0.risk_profile from client c1_0 where c1_0.client_id=? and c1_0.advisor_id=?
2026-03-06T12:26:34.340+05:30  INFO 15684 --- [client-service] [http-nio-8081-exec-8] c.w.client.controller.ClientController   : API Request: GET /api/clients/5 from Advisor ID: 1
2026-03-06T12:26:34.342+05:30 DEBUG 15684 --- [client-service] [http-nio-8081-exec-8] org.hibernate.SQL                        : select c1_0.client_id,c1_0.address,c1_0.advisor_id,c1_0.created_date,c1_0.date_of_birth,c1_0.email_address,c1_0.employer,c1_0.full_name,c1_0.investment_amount,c1_0.investment_goal,c1_0.investment_horizon,c1_0.kyc_document_ref,c1_0.kyc_status,c1_0.liquidity_needs,c1_0.occupation,c1_0.phone_number,c1_0.risk_profile from client c1_0 where c1_0.client_id=? and c1_0.advisor_id=?
2026-03-06T12:26:34.406+05:30  INFO 15684 --- [client-service] [http-nio-8081-exec-9] c.w.client.controller.ClientController   : API Request: GET /api/clients/5 from Advisor ID: 1
2026-03-06T12:26:34.407+05:30 DEBUG 15684 --- [client-service] [http-nio-8081-exec-9] org.hibernate.SQL                        : select c1_0.client_id,c1_0.address,c1_0.advisor_id,c1_0.created_date,c1_0.date_of_birth,c1_0.email_address,c1_0.employer,c1_0.full_name,c1_0.investment_amount,c1_0.investment_goal,c1_0.investment_horizon,c1_0.kyc_document_ref,c1_0.kyc_status,c1_0.liquidity_needs,c1_0.occupation,c1_0.phone_number,c1_0.risk_profile from client c1_0 where c1_0.client_id=? and c1_0.advisor_id=?
2026-03-06T12:26:34.479+05:30  INFO 15684 --- [client-service] [http-nio-8081-exec-7] c.w.client.controller.ClientController   : API Request: GET /api/clients/5 from Advisor ID: 1
2026-03-06T12:26:34.482+05:30 DEBUG 15684 --- [client-service] [http-nio-8081-exec-7] org.hibernate.SQL                        : select c1_0.client_id,c1_0.address,c1_0.advisor_id,c1_0.created_date,c1_0.date_of_birth,c1_0.email_address,c1_0.employer,c1_0.full_name,c1_0.investment_amount,c1_0.investment_goal,c1_0.investment_horizon,c1_0.kyc_document_ref,c1_0.kyc_status,c1_0.liquidity_needs,c1_0.occupation,c1_0.phone_number,c1_0.risk_profile from client c1_0 where c1_0.client_id=? and c1_0.advisor_id=?
2026-03-06T12:31:02.991+05:30  INFO 15684 --- [client-service] [AsyncResolver-bootstrap-executor-%d] c.n.d.s.r.aws.ConfigClusterResolver      : Resolving eureka endpoints via configuration
2026-03-06T12:31:16.046+05:30  INFO 15684 --- [client-service] [http-nio-8081-exec-2] c.w.client.controller.ClientController   : API Request: GET /api/clients/5 from Advisor ID: 1
2026-03-06T12:31:16.050+05:30 DEBUG 15684 --- [client-service] [http-nio-8081-exec-2] org.hibernate.SQL                        : select c1_0.client_id,c1_0.address,c1_0.advisor_id,c1_0.created_date,c1_0.date_of_birth,c1_0.email_address,c1_0.employer,c1_0.full_name,c1_0.investment_amount,c1_0.investment_goal,c1_0.investment_horizon,c1_0.kyc_document_ref,c1_0.kyc_status,c1_0.liquidity_needs,c1_0.occupation,c1_0.phone_number,c1_0.risk_profile from client c1_0 where c1_0.client_id=? and c1_0.advisor_id=?
2026-03-06T12:31:27.083+05:30  INFO 15684 --- [client-service] [http-nio-8081-exec-3] c.w.client.controller.ClientController   : API Request: GET /api/clients/1 from Advisor ID: 1
2026-03-06T12:31:27.086+05:30 DEBUG 15684 --- [client-service] [http-nio-8081-exec-3] org.hibernate.SQL                        : select c1_0.client_id,c1_0.address,c1_0.advisor_id,c1_0.created_date,c1_0.date_of_birth,c1_0.email_address,c1_0.employer,c1_0.full_name,c1_0.investment_amount,c1_0.investment_goal,c1_0.investment_horizon,c1_0.kyc_document_ref,c1_0.kyc_status,c1_0.liquidity_needs,c1_0.occupation,c1_0.phone_number,c1_0.risk_profile from client c1_0 where c1_0.client_id=? and c1_0.advisor_id=?
2026-03-06T12:31:27.201+05:30  INFO 15684 --- [client-service] [http-nio-8081-exec-1] c.w.client.controller.ClientController   : API Request: GET /api/clients/1 from Advisor ID: 1
2026-03-06T12:31:27.201+05:30 DEBUG 15684 --- [client-service] [http-nio-8081-exec-1] org.hibernate.SQL                        : select c1_0.client_id,c1_0.address,c1_0.advisor_id,c1_0.created_date,c1_0.date_of_birth,c1_0.email_address,c1_0.employer,c1_0.full_name,c1_0.investment_amount,c1_0.investment_goal,c1_0.investment_horizon,c1_0.kyc_document_ref,c1_0.kyc_status,c1_0.liquidity_needs,c1_0.occupation,c1_0.phone_number,c1_0.risk_profile from client c1_0 where c1_0.client_id=? and c1_0.advisor_id=?
2026-03-06T12:31:27.278+05:30  INFO 15684 --- [client-service] [http-nio-8081-exec-4] c.w.client.controller.ClientController   : API Request: GET /api/clients/1 from Advisor ID: 1
2026-03-06T12:31:27.280+05:30 DEBUG 15684 --- [client-service] [http-nio-8081-exec-4] org.hibernate.SQL                        : select c1_0.client_id,c1_0.address,c1_0.advisor_id,c1_0.created_date,c1_0.date_of_birth,c1_0.email_address,c1_0.employer,c1_0.full_name,c1_0.investment_amount,c1_0.investment_goal,c1_0.investment_horizon,c1_0.kyc_document_ref,c1_0.kyc_status,c1_0.liquidity_needs,c1_0.occupation,c1_0.phone_number,c1_0.risk_profile from client c1_0 where c1_0.client_id=? and c1_0.advisor_id=?
2026-03-06T12:31:27.385+05:30  INFO 15684 --- [client-service] [http-nio-8081-exec-5] c.w.client.controller.ClientController   : API Request: GET /api/clients/1 from Advisor ID: 1
2026-03-06T12:31:27.385+05:30 DEBUG 15684 --- [client-service] [http-nio-8081-exec-5] org.hibernate.SQL                        : select c1_0.client_id,c1_0.address,c1_0.advisor_id,c1_0.created_date,c1_0.date_of_birth,c1_0.email_address,c1_0.employer,c1_0.full_name,c1_0.investment_amount,c1_0.investment_goal,c1_0.investment_horizon,c1_0.kyc_document_ref,c1_0.kyc_status,c1_0.liquidity_needs,c1_0.occupation,c1_0.phone_number,c1_0.risk_profile from client c1_0 where c1_0.client_id=? and c1_0.advisor_id=?
2026-03-06T12:31:27.469+05:30  INFO 15684 --- [client-service] [http-nio-8081-exec-6] c.w.client.controller.ClientController   : API Request: GET /api/clients/1 from Advisor ID: 1
2026-03-06T12:31:27.469+05:30 DEBUG 15684 --- [client-service] [http-nio-8081-exec-6] org.hibernate.SQL                        : select c1_0.client_id,c1_0.address,c1_0.advisor_id,c1_0.created_date,c1_0.date_of_birth,c1_0.email_address,c1_0.employer,c1_0.full_name,c1_0.investment_amount,c1_0.investment_goal,c1_0.investment_horizon,c1_0.kyc_document_ref,c1_0.kyc_status,c1_0.liquidity_needs,c1_0.occupation,c1_0.phone_number,c1_0.risk_profile from client c1_0 where c1_0.client_id=? and c1_0.advisor_id=?
2026-03-06T12:31:27.542+05:30  INFO 15684 --- [client-service] [http-nio-8081-exec-8] c.w.client.controller.ClientController   : API Request: GET /api/clients/1 from Advisor ID: 1
2026-03-06T12:31:27.545+05:30 DEBUG 15684 --- [client-service] [http-nio-8081-exec-8] org.hibernate.SQL                        : select c1_0.client_id,c1_0.address,c1_0.advisor_id,c1_0.created_date,c1_0.date_of_birth,c1_0.email_address,c1_0.employer,c1_0.full_name,c1_0.investment_amount,c1_0.investment_goal,c1_0.investment_horizon,c1_0.kyc_document_ref,c1_0.kyc_status,c1_0.liquidity_needs,c1_0.occupation,c1_0.phone_number,c1_0.risk_profile from client c1_0 where c1_0.client_id=? and c1_0.advisor_id=?
2026-03-06T12:31:27.654+05:30  INFO 15684 --- [client-service] [http-nio-8081-exec-9] c.w.client.controller.ClientController   : API Request: GET /api/clients/1 from Advisor ID: 1
2026-03-06T12:31:27.658+05:30 DEBUG 15684 --- [client-service] [http-nio-8081-exec-9] org.hibernate.SQL                        : select c1_0.client_id,c1_0.address,c1_0.advisor_id,c1_0.created_date,c1_0.date_of_birth,c1_0.email_address,c1_0.employer,c1_0.full_name,c1_0.investment_amount,c1_0.investment_goal,c1_0.investment_horizon,c1_0.kyc_document_ref,c1_0.kyc_status,c1_0.liquidity_needs,c1_0.occupation,c1_0.phone_number,c1_0.risk_profile from client c1_0 where c1_0.client_id=? and c1_0.advisor_id=?
2026-03-06T12:36:03.009+05:30  INFO 15684 --- [client-service] [AsyncResolver-bootstrap-executor-%d] c.n.d.s.r.aws.ConfigClusterResolver      : Resolving eureka endpoints via configuration
2026-03-06T12:37:59.056+05:30  INFO 15684 --- [client-service] [http-nio-8081-exec-10] c.w.client.controller.ClientController   : API Request: GET /api/clients/1 from Advisor ID: 1
2026-03-06T12:37:59.060+05:30 DEBUG 15684 --- [client-service] [http-nio-8081-exec-10] org.hibernate.SQL                        : select c1_0.client_id,c1_0.address,c1_0.advisor_id,c1_0.created_date,c1_0.date_of_birth,c1_0.email_address,c1_0.employer,c1_0.full_name,c1_0.investment_amount,c1_0.investment_goal,c1_0.investment_horizon,c1_0.kyc_document_ref,c1_0.kyc_status,c1_0.liquidity_needs,c1_0.occupation,c1_0.phone_number,c1_0.risk_profile from client c1_0 where c1_0.client_id=? and c1_0.advisor_id=?
2026-03-06T12:37:59.156+05:30  INFO 15684 --- [client-service] [http-nio-8081-exec-2] c.w.client.controller.ClientController   : API Request: GET /api/clients/1 from Advisor ID: 1
2026-03-06T12:37:59.156+05:30 DEBUG 15684 --- [client-service] [http-nio-8081-exec-2] org.hibernate.SQL                        : select c1_0.client_id,c1_0.address,c1_0.advisor_id,c1_0.created_date,c1_0.date_of_birth,c1_0.email_address,c1_0.employer,c1_0.full_name,c1_0.investment_amount,c1_0.investment_goal,c1_0.investment_horizon,c1_0.kyc_document_ref,c1_0.kyc_status,c1_0.liquidity_needs,c1_0.occupation,c1_0.phone_number,c1_0.risk_profile from client c1_0 where c1_0.client_id=? and c1_0.advisor_id=?
2026-03-06T12:37:59.237+05:30  INFO 15684 --- [client-service] [http-nio-8081-exec-3] c.w.client.controller.ClientController   : API Request: GET /api/clients/1 from Advisor ID: 1
2026-03-06T12:37:59.240+05:30 DEBUG 15684 --- [client-service] [http-nio-8081-exec-3] org.hibernate.SQL                        : select c1_0.client_id,c1_0.address,c1_0.advisor_id,c1_0.created_date,c1_0.date_of_birth,c1_0.email_address,c1_0.employer,c1_0.full_name,c1_0.investment_amount,c1_0.investment_goal,c1_0.investment_horizon,c1_0.kyc_document_ref,c1_0.kyc_status,c1_0.liquidity_needs,c1_0.occupation,c1_0.phone_number,c1_0.risk_profile from client c1_0 where c1_0.client_id=? and c1_0.advisor_id=?
2026-03-06T12:37:59.325+05:30  INFO 15684 --- [client-service] [http-nio-8081-exec-1] c.w.client.controller.ClientController   : API Request: GET /api/clients/1 from Advisor ID: 1
2026-03-06T12:37:59.325+05:30 DEBUG 15684 --- [client-service] [http-nio-8081-exec-1] org.hibernate.SQL                        : select c1_0.client_id,c1_0.address,c1_0.advisor_id,c1_0.created_date,c1_0.date_of_birth,c1_0.email_address,c1_0.employer,c1_0.full_name,c1_0.investment_amount,c1_0.investment_goal,c1_0.investment_horizon,c1_0.kyc_document_ref,c1_0.kyc_status,c1_0.liquidity_needs,c1_0.occupation,c1_0.phone_number,c1_0.risk_profile from client c1_0 where c1_0.client_id=? and c1_0.advisor_id=?
2026-03-06T12:37:59.427+05:30  INFO 15684 --- [client-service] [http-nio-8081-exec-4] c.w.client.controller.ClientController   : API Request: GET /api/clients/1 from Advisor ID: 1
2026-03-06T12:37:59.429+05:30 DEBUG 15684 --- [client-service] [http-nio-8081-exec-4] org.hibernate.SQL                        : select c1_0.client_id,c1_0.address,c1_0.advisor_id,c1_0.created_date,c1_0.date_of_birth,c1_0.email_address,c1_0.employer,c1_0.full_name,c1_0.investment_amount,c1_0.investment_goal,c1_0.investment_horizon,c1_0.kyc_document_ref,c1_0.kyc_status,c1_0.liquidity_needs,c1_0.occupation,c1_0.phone_number,c1_0.risk_profile from client c1_0 where c1_0.client_id=? and c1_0.advisor_id=?
2026-03-06T12:37:59.512+05:30  INFO 15684 --- [client-service] [http-nio-8081-exec-5] c.w.client.controller.ClientController   : API Request: GET /api/clients/1 from Advisor ID: 1
2026-03-06T12:37:59.512+05:30 DEBUG 15684 --- [client-service] [http-nio-8081-exec-5] org.hibernate.SQL                        : select c1_0.client_id,c1_0.address,c1_0.advisor_id,c1_0.created_date,c1_0.date_of_birth,c1_0.email_address,c1_0.employer,c1_0.full_name,c1_0.investment_amount,c1_0.investment_goal,c1_0.investment_horizon,c1_0.kyc_document_ref,c1_0.kyc_status,c1_0.liquidity_needs,c1_0.occupation,c1_0.phone_number,c1_0.risk_profile from client c1_0 where c1_0.client_id=? and c1_0.advisor_id=?
2026-03-06T12:37:59.639+05:30  INFO 15684 --- [client-service] [http-nio-8081-exec-6] c.w.client.controller.ClientController   : API Request: GET /api/clients/1 from Advisor ID: 1
2026-03-06T12:37:59.639+05:30 DEBUG 15684 --- [client-service] [http-nio-8081-exec-6] org.hibernate.SQL                        : select c1_0.client_id,c1_0.address,c1_0.advisor_id,c1_0.created_date,c1_0.date_of_birth,c1_0.email_address,c1_0.employer,c1_0.full_name,c1_0.investment_amount,c1_0.investment_goal,c1_0.investment_horizon,c1_0.kyc_document_ref,c1_0.kyc_status,c1_0.liquidity_needs,c1_0.occupation,c1_0.phone_number,c1_0.risk_profile from client c1_0 where c1_0.client_id=? and c1_0.advisor_id=?
2026-03-06T12:38:27.637+05:30  INFO 15684 --- [client-service] [http-nio-8081-exec-8] c.w.client.controller.ClientController   : API Request: GET /api/clients/1 from Advisor ID: 1
2026-03-06T12:38:27.640+05:30 DEBUG 15684 --- [client-service] [http-nio-8081-exec-8] org.hibernate.SQL                        : select c1_0.client_id,c1_0.address,c1_0.advisor_id,c1_0.created_date,c1_0.date_of_birth,c1_0.email_address,c1_0.employer,c1_0.full_name,c1_0.investment_amount,c1_0.investment_goal,c1_0.investment_horizon,c1_0.kyc_document_ref,c1_0.kyc_status,c1_0.liquidity_needs,c1_0.occupation,c1_0.phone_number,c1_0.risk_profile from client c1_0 where c1_0.client_id=? and c1_0.advisor_id=?
2026-03-06T12:38:27.741+05:30  INFO 15684 --- [client-service] [http-nio-8081-exec-9] c.w.client.controller.ClientController   : API Request: GET /api/clients/1 from Advisor ID: 1
2026-03-06T12:38:27.743+05:30 DEBUG 15684 --- [client-service] [http-nio-8081-exec-9] org.hibernate.SQL                        : select c1_0.client_id,c1_0.address,c1_0.advisor_id,c1_0.created_date,c1_0.date_of_birth,c1_0.email_address,c1_0.employer,c1_0.full_name,c1_0.investment_amount,c1_0.investment_goal,c1_0.investment_horizon,c1_0.kyc_document_ref,c1_0.kyc_status,c1_0.liquidity_needs,c1_0.occupation,c1_0.phone_number,c1_0.risk_profile from client c1_0 where c1_0.client_id=? and c1_0.advisor_id=?
2026-03-06T12:38:27.824+05:30  INFO 15684 --- [client-service] [http-nio-8081-exec-7] c.w.client.controller.ClientController   : API Request: GET /api/clients/1 from Advisor ID: 1
2026-03-06T12:38:27.824+05:30 DEBUG 15684 --- [client-service] [http-nio-8081-exec-7] org.hibernate.SQL                        : select c1_0.client_id,c1_0.address,c1_0.advisor_id,c1_0.created_date,c1_0.date_of_birth,c1_0.email_address,c1_0.employer,c1_0.full_name,c1_0.investment_amount,c1_0.investment_goal,c1_0.investment_horizon,c1_0.kyc_document_ref,c1_0.kyc_status,c1_0.liquidity_needs,c1_0.occupation,c1_0.phone_number,c1_0.risk_profile from client c1_0 where c1_0.client_id=? and c1_0.advisor_id=?
2026-03-06T12:38:27.909+05:30  INFO 15684 --- [client-service] [http-nio-8081-exec-10] c.w.client.controller.ClientController   : API Request: GET /api/clients/1 from Advisor ID: 1
2026-03-06T12:38:27.912+05:30 DEBUG 15684 --- [client-service] [http-nio-8081-exec-10] org.hibernate.SQL                        : select c1_0.client_id,c1_0.address,c1_0.advisor_id,c1_0.created_date,c1_0.date_of_birth,c1_0.email_address,c1_0.employer,c1_0.full_name,c1_0.investment_amount,c1_0.investment_goal,c1_0.investment_horizon,c1_0.kyc_document_ref,c1_0.kyc_status,c1_0.liquidity_needs,c1_0.occupation,c1_0.phone_number,c1_0.risk_profile from client c1_0 where c1_0.client_id=? and c1_0.advisor_id=?
2026-03-06T12:38:28.000+05:30  INFO 15684 --- [client-service] [http-nio-8081-exec-2] c.w.client.controller.ClientController   : API Request: GET /api/clients/1 from Advisor ID: 1
2026-03-06T12:38:28.000+05:30 DEBUG 15684 --- [client-service] [http-nio-8081-exec-2] org.hibernate.SQL                        : select c1_0.client_id,c1_0.address,c1_0.advisor_id,c1_0.created_date,c1_0.date_of_birth,c1_0.email_address,c1_0.employer,c1_0.full_name,c1_0.investment_amount,c1_0.investment_goal,c1_0.investment_horizon,c1_0.kyc_document_ref,c1_0.kyc_status,c1_0.liquidity_needs,c1_0.occupation,c1_0.phone_number,c1_0.risk_profile from client c1_0 where c1_0.client_id=? and c1_0.advisor_id=?
2026-03-06T12:38:28.075+05:30  INFO 15684 --- [client-service] [http-nio-8081-exec-3] c.w.client.controller.ClientController   : API Request: GET /api/clients/1 from Advisor ID: 1
2026-03-06T12:38:28.079+05:30 DEBUG 15684 --- [client-service] [http-nio-8081-exec-3] org.hibernate.SQL                        : select c1_0.client_id,c1_0.address,c1_0.advisor_id,c1_0.created_date,c1_0.date_of_birth,c1_0.email_address,c1_0.employer,c1_0.full_name,c1_0.investment_amount,c1_0.investment_goal,c1_0.investment_horizon,c1_0.kyc_document_ref,c1_0.kyc_status,c1_0.liquidity_needs,c1_0.occupation,c1_0.phone_number,c1_0.risk_profile from client c1_0 where c1_0.client_id=? and c1_0.advisor_id=?
2026-03-06T12:38:28.156+05:30  INFO 15684 --- [client-service] [http-nio-8081-exec-1] c.w.client.controller.ClientController   : API Request: GET /api/clients/1 from Advisor ID: 1
2026-03-06T12:38:28.158+05:30 DEBUG 15684 --- [client-service] [http-nio-8081-exec-1] org.hibernate.SQL                        : select c1_0.client_id,c1_0.address,c1_0.advisor_id,c1_0.created_date,c1_0.date_of_birth,c1_0.email_address,c1_0.employer,c1_0.full_name,c1_0.investment_amount,c1_0.investment_goal,c1_0.investment_horizon,c1_0.kyc_document_ref,c1_0.kyc_status,c1_0.liquidity_needs,c1_0.occupation,c1_0.phone_number,c1_0.risk_profile from client c1_0 where c1_0.client_id=? and c1_0.advisor_id=?
2026-03-06T12:38:35.063+05:30  INFO 15684 --- [client-service] [http-nio-8081-exec-4] c.w.client.controller.ClientController   : API Request: GET /api/clients/2 from Advisor ID: 1
2026-03-06T12:38:35.064+05:30 DEBUG 15684 --- [client-service] [http-nio-8081-exec-4] org.hibernate.SQL                        : select c1_0.client_id,c1_0.address,c1_0.advisor_id,c1_0.created_date,c1_0.date_of_birth,c1_0.email_address,c1_0.employer,c1_0.full_name,c1_0.investment_amount,c1_0.investment_goal,c1_0.investment_horizon,c1_0.kyc_document_ref,c1_0.kyc_status,c1_0.liquidity_needs,c1_0.occupation,c1_0.phone_number,c1_0.risk_profile from client c1_0 where c1_0.client_id=? and c1_0.advisor_id=?
2026-03-06T12:38:35.148+05:30  INFO 15684 --- [client-service] [http-nio-8081-exec-5] c.w.client.controller.ClientController   : API Request: GET /api/clients/2 from Advisor ID: 1
2026-03-06T12:38:35.150+05:30 DEBUG 15684 --- [client-service] [http-nio-8081-exec-5] org.hibernate.SQL                        : select c1_0.client_id,c1_0.address,c1_0.advisor_id,c1_0.created_date,c1_0.date_of_birth,c1_0.email_address,c1_0.employer,c1_0.full_name,c1_0.investment_amount,c1_0.investment_goal,c1_0.investment_horizon,c1_0.kyc_document_ref,c1_0.kyc_status,c1_0.liquidity_needs,c1_0.occupation,c1_0.phone_number,c1_0.risk_profile from client c1_0 where c1_0.client_id=? and c1_0.advisor_id=?
2026-03-06T12:38:35.223+05:30  INFO 15684 --- [client-service] [http-nio-8081-exec-6] c.w.client.controller.ClientController   : API Request: GET /api/clients/2 from Advisor ID: 1
2026-03-06T12:38:35.224+05:30 DEBUG 15684 --- [client-service] [http-nio-8081-exec-6] org.hibernate.SQL                        : select c1_0.client_id,c1_0.address,c1_0.advisor_id,c1_0.created_date,c1_0.date_of_birth,c1_0.email_address,c1_0.employer,c1_0.full_name,c1_0.investment_amount,c1_0.investment_goal,c1_0.investment_horizon,c1_0.kyc_document_ref,c1_0.kyc_status,c1_0.liquidity_needs,c1_0.occupation,c1_0.phone_number,c1_0.risk_profile from client c1_0 where c1_0.client_id=? and c1_0.advisor_id=?
2026-03-06T12:38:35.296+05:30  INFO 15684 --- [client-service] [http-nio-8081-exec-8] c.w.client.controller.ClientController   : API Request: GET /api/clients/2 from Advisor ID: 1
2026-03-06T12:38:35.298+05:30 DEBUG 15684 --- [client-service] [http-nio-8081-exec-8] org.hibernate.SQL                        : select c1_0.client_id,c1_0.address,c1_0.advisor_id,c1_0.created_date,c1_0.date_of_birth,c1_0.email_address,c1_0.employer,c1_0.full_name,c1_0.investment_amount,c1_0.investment_goal,c1_0.investment_horizon,c1_0.kyc_document_ref,c1_0.kyc_status,c1_0.liquidity_needs,c1_0.occupation,c1_0.phone_number,c1_0.risk_profile from client c1_0 where c1_0.client_id=? and c1_0.advisor_id=?
2026-03-06T12:38:35.365+05:30  INFO 15684 --- [client-service] [http-nio-8081-exec-9] c.w.client.controller.ClientController   : API Request: GET /api/clients/2 from Advisor ID: 1
2026-03-06T12:38:35.367+05:30 DEBUG 15684 --- [client-service] [http-nio-8081-exec-9] org.hibernate.SQL                        : select c1_0.client_id,c1_0.address,c1_0.advisor_id,c1_0.created_date,c1_0.date_of_birth,c1_0.email_address,c1_0.employer,c1_0.full_name,c1_0.investment_amount,c1_0.investment_goal,c1_0.investment_horizon,c1_0.kyc_document_ref,c1_0.kyc_status,c1_0.liquidity_needs,c1_0.occupation,c1_0.phone_number,c1_0.risk_profile from client c1_0 where c1_0.client_id=? and c1_0.advisor_id=?
2026-03-06T12:38:35.433+05:30  INFO 15684 --- [client-service] [http-nio-8081-exec-7] c.w.client.controller.ClientController   : API Request: GET /api/clients/2 from Advisor ID: 1
2026-03-06T12:38:35.434+05:30 DEBUG 15684 --- [client-service] [http-nio-8081-exec-7] org.hibernate.SQL                        : select c1_0.client_id,c1_0.address,c1_0.advisor_id,c1_0.created_date,c1_0.date_of_birth,c1_0.email_address,c1_0.employer,c1_0.full_name,c1_0.investment_amount,c1_0.investment_goal,c1_0.investment_horizon,c1_0.kyc_document_ref,c1_0.kyc_status,c1_0.liquidity_needs,c1_0.occupation,c1_0.phone_number,c1_0.risk_profile from client c1_0 where c1_0.client_id=? and c1_0.advisor_id=?
2026-03-06T12:38:35.504+05:30  INFO 15684 --- [client-service] [http-nio-8081-exec-10] c.w.client.controller.ClientController   : API Request: GET /api/clients/2 from Advisor ID: 1
2026-03-06T12:38:35.504+05:30 DEBUG 15684 --- [client-service] [http-nio-8081-exec-10] org.hibernate.SQL                        : select c1_0.client_id,c1_0.address,c1_0.advisor_id,c1_0.created_date,c1_0.date_of_birth,c1_0.email_address,c1_0.employer,c1_0.full_name,c1_0.investment_amount,c1_0.investment_goal,c1_0.investment_horizon,c1_0.kyc_document_ref,c1_0.kyc_status,c1_0.liquidity_needs,c1_0.occupation,c1_0.phone_number,c1_0.risk_profile from client c1_0 where c1_0.client_id=? and c1_0.advisor_id=?
2026-03-06T12:41:03.015+05:30  INFO 15684 --- [client-service] [AsyncResolver-bootstrap-executor-%d] c.n.d.s.r.aws.ConfigClusterResolver      : Resolving eureka endpoints via configuration
2026-03-06T12:44:31.743+05:30  INFO 15684 --- [client-service] [http-nio-8081-exec-3] c.w.client.controller.ClientController   : API Request: GET /api/clients/2 from Advisor ID: 1
2026-03-06T12:44:31.747+05:30 DEBUG 15684 --- [client-service] [http-nio-8081-exec-3] org.hibernate.SQL                        : select c1_0.client_id,c1_0.address,c1_0.advisor_id,c1_0.created_date,c1_0.date_of_birth,c1_0.email_address,c1_0.employer,c1_0.full_name,c1_0.investment_amount,c1_0.investment_goal,c1_0.investment_horizon,c1_0.kyc_document_ref,c1_0.kyc_status,c1_0.liquidity_needs,c1_0.occupation,c1_0.phone_number,c1_0.risk_profile from client c1_0 where c1_0.client_id=? and c1_0.advisor_id=?
2026-03-06T12:44:31.829+05:30  INFO 15684 --- [client-service] [http-nio-8081-exec-1] c.w.client.controller.ClientController   : API Request: GET /api/clients/2 from Advisor ID: 1
2026-03-06T12:44:31.829+05:30 DEBUG 15684 --- [client-service] [http-nio-8081-exec-1] org.hibernate.SQL                        : select c1_0.client_id,c1_0.address,c1_0.advisor_id,c1_0.created_date,c1_0.date_of_birth,c1_0.email_address,c1_0.employer,c1_0.full_name,c1_0.investment_amount,c1_0.investment_goal,c1_0.investment_horizon,c1_0.kyc_document_ref,c1_0.kyc_status,c1_0.liquidity_needs,c1_0.occupation,c1_0.phone_number,c1_0.risk_profile from client c1_0 where c1_0.client_id=? and c1_0.advisor_id=?
2026-03-06T12:44:31.889+05:30  INFO 15684 --- [client-service] [http-nio-8081-exec-4] c.w.client.controller.ClientController   : API Request: GET /api/clients/2 from Advisor ID: 1
2026-03-06T12:44:31.894+05:30 DEBUG 15684 --- [client-service] [http-nio-8081-exec-4] org.hibernate.SQL                        : select c1_0.client_id,c1_0.address,c1_0.advisor_id,c1_0.created_date,c1_0.date_of_birth,c1_0.email_address,c1_0.employer,c1_0.full_name,c1_0.investment_amount,c1_0.investment_goal,c1_0.investment_horizon,c1_0.kyc_document_ref,c1_0.kyc_status,c1_0.liquidity_needs,c1_0.occupation,c1_0.phone_number,c1_0.risk_profile from client c1_0 where c1_0.client_id=? and c1_0.advisor_id=?
2026-03-06T12:44:31.954+05:30  INFO 15684 --- [client-service] [http-nio-8081-exec-5] c.w.client.controller.ClientController   : API Request: GET /api/clients/2 from Advisor ID: 1
2026-03-06T12:44:31.956+05:30 DEBUG 15684 --- [client-service] [http-nio-8081-exec-5] org.hibernate.SQL                        : select c1_0.client_id,c1_0.address,c1_0.advisor_id,c1_0.created_date,c1_0.date_of_birth,c1_0.email_address,c1_0.employer,c1_0.full_name,c1_0.investment_amount,c1_0.investment_goal,c1_0.investment_horizon,c1_0.kyc_document_ref,c1_0.kyc_status,c1_0.liquidity_needs,c1_0.occupation,c1_0.phone_number,c1_0.risk_profile from client c1_0 where c1_0.client_id=? and c1_0.advisor_id=?
2026-03-06T12:44:32.017+05:30  INFO 15684 --- [client-service] [http-nio-8081-exec-6] c.w.client.controller.ClientController   : API Request: GET /api/clients/2 from Advisor ID: 1
2026-03-06T12:44:32.017+05:30 DEBUG 15684 --- [client-service] [http-nio-8081-exec-6] org.hibernate.SQL                        : select c1_0.client_id,c1_0.address,c1_0.advisor_id,c1_0.created_date,c1_0.date_of_birth,c1_0.email_address,c1_0.employer,c1_0.full_name,c1_0.investment_amount,c1_0.investment_goal,c1_0.investment_horizon,c1_0.kyc_document_ref,c1_0.kyc_status,c1_0.liquidity_needs,c1_0.occupation,c1_0.phone_number,c1_0.risk_profile from client c1_0 where c1_0.client_id=? and c1_0.advisor_id=?
2026-03-06T12:44:32.086+05:30  INFO 15684 --- [client-service] [http-nio-8081-exec-8] c.w.client.controller.ClientController   : API Request: GET /api/clients/2 from Advisor ID: 1
2026-03-06T12:44:32.086+05:30 DEBUG 15684 --- [client-service] [http-nio-8081-exec-8] org.hibernate.SQL                        : select c1_0.client_id,c1_0.address,c1_0.advisor_id,c1_0.created_date,c1_0.date_of_birth,c1_0.email_address,c1_0.employer,c1_0.full_name,c1_0.investment_amount,c1_0.investment_goal,c1_0.investment_horizon,c1_0.kyc_document_ref,c1_0.kyc_status,c1_0.liquidity_needs,c1_0.occupation,c1_0.phone_number,c1_0.risk_profile from client c1_0 where c1_0.client_id=? and c1_0.advisor_id=?
2026-03-06T12:44:32.134+05:30  INFO 15684 --- [client-service] [http-nio-8081-exec-9] c.w.client.controller.ClientController   : API Request: GET /api/clients/2 from Advisor ID: 1
2026-03-06T12:44:32.134+05:30 DEBUG 15684 --- [client-service] [http-nio-8081-exec-9] org.hibernate.SQL                        : select c1_0.client_id,c1_0.address,c1_0.advisor_id,c1_0.created_date,c1_0.date_of_birth,c1_0.email_address,c1_0.employer,c1_0.full_name,c1_0.investment_amount,c1_0.investment_goal,c1_0.investment_horizon,c1_0.kyc_document_ref,c1_0.kyc_status,c1_0.liquidity_needs,c1_0.occupation,c1_0.phone_number,c1_0.risk_profile from client c1_0 where c1_0.client_id=? and c1_0.advisor_id=?
2026-03-06T12:44:52.666+05:30  INFO 15684 --- [client-service] [http-nio-8081-exec-7] c.w.client.controller.ClientController   : API Request: GET /api/clients/7 from Advisor ID: 1
2026-03-06T12:44:52.668+05:30 DEBUG 15684 --- [client-service] [http-nio-8081-exec-7] org.hibernate.SQL                        : select c1_0.client_id,c1_0.address,c1_0.advisor_id,c1_0.created_date,c1_0.date_of_birth,c1_0.email_address,c1_0.employer,c1_0.full_name,c1_0.investment_amount,c1_0.investment_goal,c1_0.investment_horizon,c1_0.kyc_document_ref,c1_0.kyc_status,c1_0.liquidity_needs,c1_0.occupation,c1_0.phone_number,c1_0.risk_profile from client c1_0 where c1_0.client_id=? and c1_0.advisor_id=?
2026-03-06T12:44:52.743+05:30  INFO 15684 --- [client-service] [http-nio-8081-exec-10] c.w.client.controller.ClientController   : API Request: GET /api/clients/7 from Advisor ID: 1
2026-03-06T12:44:52.743+05:30 DEBUG 15684 --- [client-service] [http-nio-8081-exec-10] org.hibernate.SQL                        : select c1_0.client_id,c1_0.address,c1_0.advisor_id,c1_0.created_date,c1_0.date_of_birth,c1_0.email_address,c1_0.employer,c1_0.full_name,c1_0.investment_amount,c1_0.investment_goal,c1_0.investment_horizon,c1_0.kyc_document_ref,c1_0.kyc_status,c1_0.liquidity_needs,c1_0.occupation,c1_0.phone_number,c1_0.risk_profile from client c1_0 where c1_0.client_id=? and c1_0.advisor_id=?
2026-03-06T12:44:52.797+05:30  INFO 15684 --- [client-service] [http-nio-8081-exec-2] c.w.client.controller.ClientController   : API Request: GET /api/clients/7 from Advisor ID: 1
2026-03-06T12:44:52.802+05:30 DEBUG 15684 --- [client-service] [http-nio-8081-exec-2] org.hibernate.SQL                        : select c1_0.client_id,c1_0.address,c1_0.advisor_id,c1_0.created_date,c1_0.date_of_birth,c1_0.email_address,c1_0.employer,c1_0.full_name,c1_0.investment_amount,c1_0.investment_goal,c1_0.investment_horizon,c1_0.kyc_document_ref,c1_0.kyc_status,c1_0.liquidity_needs,c1_0.occupation,c1_0.phone_number,c1_0.risk_profile from client c1_0 where c1_0.client_id=? and c1_0.advisor_id=?
2026-03-06T12:44:52.847+05:30  INFO 15684 --- [client-service] [http-nio-8081-exec-3] c.w.client.controller.ClientController   : API Request: GET /api/clients/7 from Advisor ID: 1
2026-03-06T12:44:52.849+05:30 DEBUG 15684 --- [client-service] [http-nio-8081-exec-3] org.hibernate.SQL                        : select c1_0.client_id,c1_0.address,c1_0.advisor_id,c1_0.created_date,c1_0.date_of_birth,c1_0.email_address,c1_0.employer,c1_0.full_name,c1_0.investment_amount,c1_0.investment_goal,c1_0.investment_horizon,c1_0.kyc_document_ref,c1_0.kyc_status,c1_0.liquidity_needs,c1_0.occupation,c1_0.phone_number,c1_0.risk_profile from client c1_0 where c1_0.client_id=? and c1_0.advisor_id=?
2026-03-06T12:44:52.905+05:30  INFO 15684 --- [client-service] [http-nio-8081-exec-1] c.w.client.controller.ClientController   : API Request: GET /api/clients/7 from Advisor ID: 1
2026-03-06T12:44:52.905+05:30 DEBUG 15684 --- [client-service] [http-nio-8081-exec-1] org.hibernate.SQL                        : select c1_0.client_id,c1_0.address,c1_0.advisor_id,c1_0.created_date,c1_0.date_of_birth,c1_0.email_address,c1_0.employer,c1_0.full_name,c1_0.investment_amount,c1_0.investment_goal,c1_0.investment_horizon,c1_0.kyc_document_ref,c1_0.kyc_status,c1_0.liquidity_needs,c1_0.occupation,c1_0.phone_number,c1_0.risk_profile from client c1_0 where c1_0.client_id=? and c1_0.advisor_id=?
2026-03-06T12:44:52.964+05:30  INFO 15684 --- [client-service] [http-nio-8081-exec-4] c.w.client.controller.ClientController   : API Request: GET /api/clients/7 from Advisor ID: 1
2026-03-06T12:44:52.965+05:30 DEBUG 15684 --- [client-service] [http-nio-8081-exec-4] org.hibernate.SQL                        : select c1_0.client_id,c1_0.address,c1_0.advisor_id,c1_0.created_date,c1_0.date_of_birth,c1_0.email_address,c1_0.employer,c1_0.full_name,c1_0.investment_amount,c1_0.investment_goal,c1_0.investment_horizon,c1_0.kyc_document_ref,c1_0.kyc_status,c1_0.liquidity_needs,c1_0.occupation,c1_0.phone_number,c1_0.risk_profile from client c1_0 where c1_0.client_id=? and c1_0.advisor_id=?
2026-03-06T12:44:53.016+05:30  INFO 15684 --- [client-service] [http-nio-8081-exec-5] c.w.client.controller.ClientController   : API Request: GET /api/clients/7 from Advisor ID: 1
2026-03-06T12:44:53.020+05:30 DEBUG 15684 --- [client-service] [http-nio-8081-exec-5] org.hibernate.SQL                        : select c1_0.client_id,c1_0.address,c1_0.advisor_id,c1_0.created_date,c1_0.date_of_birth,c1_0.email_address,c1_0.employer,c1_0.full_name,c1_0.investment_amount,c1_0.investment_goal,c1_0.investment_horizon,c1_0.kyc_document_ref,c1_0.kyc_status,c1_0.liquidity_needs,c1_0.occupation,c1_0.phone_number,c1_0.risk_profile from client c1_0 where c1_0.client_id=? and c1_0.advisor_id=?
2026-03-06T12:46:03.025+05:30  INFO 15684 --- [client-service] [AsyncResolver-bootstrap-executor-%d] c.n.d.s.r.aws.ConfigClusterResolver      : Resolving eureka endpoints via configuration
2026-03-06T12:51:03.041+05:30  INFO 15684 --- [client-service] [AsyncResolver-bootstrap-executor-%d] c.n.d.s.r.aws.ConfigClusterResolver      : Resolving eureka endpoints via configuration
2026-03-06T12:56:03.046+05:30  INFO 15684 --- [client-service] [AsyncResolver-bootstrap-executor-%d] c.n.d.s.r.aws.ConfigClusterResolver      : Resolving eureka endpoints via configuration
2026-03-06T13:01:03.053+05:30  INFO 15684 --- [client-service] [AsyncResolver-bootstrap-executor-%d] c.n.d.s.r.aws.ConfigClusterResolver      : Resolving eureka endpoints via configuration
2026-03-06T13:06:03.092+05:30  INFO 15684 --- [client-service] [AsyncResolver-bootstrap-executor-%d] c.n.d.s.r.aws.ConfigClusterResolver      : Resolving eureka endpoints via configuration
2026-03-06T13:06:52.058+05:30  INFO 15684 --- [client-service] [http-nio-8081-exec-8] c.w.client.controller.ClientController   : API Request: GET /api/clients/7 from Advisor ID: 1
2026-03-06T13:06:52.075+05:30 DEBUG 15684 --- [client-service] [http-nio-8081-exec-8] org.hibernate.SQL                        : select c1_0.client_id,c1_0.address,c1_0.advisor_id,c1_0.created_date,c1_0.date_of_birth,c1_0.email_address,c1_0.employer,c1_0.full_name,c1_0.investment_amount,c1_0.investment_goal,c1_0.investment_horizon,c1_0.kyc_document_ref,c1_0.kyc_status,c1_0.liquidity_needs,c1_0.occupation,c1_0.phone_number,c1_0.risk_profile from client c1_0 where c1_0.client_id=? and c1_0.advisor_id=?
2026-03-06T13:11:03.129+05:30  INFO 15684 --- [client-service] [AsyncResolver-bootstrap-executor-%d] c.n.d.s.r.aws.ConfigClusterResolver      : Resolving eureka endpoints via configuration
2026-03-06T13:16:03.138+05:30  INFO 15684 --- [client-service] [AsyncResolver-bootstrap-executor-%d] c.n.d.s.r.aws.ConfigClusterResolver      : Resolving eureka endpoints via configuration
2026-03-06T13:21:03.145+05:30  INFO 15684 --- [client-service] [AsyncResolver-bootstrap-executor-%d] c.n.d.s.r.aws.ConfigClusterResolver      : Resolving eureka endpoints via configuration
2026-03-06T13:26:03.148+05:30  INFO 15684 --- [client-service] [AsyncResolver-bootstrap-executor-%d] c.n.d.s.r.aws.ConfigClusterResolver      : Resolving eureka endpoints via configuration
2026-03-06T13:31:03.156+05:30  INFO 15684 --- [client-service] [AsyncResolver-bootstrap-executor-%d] c.n.d.s.r.aws.ConfigClusterResolver      : Resolving eureka endpoints via configuration
2026-03-06T13:36:03.159+05:30  INFO 15684 --- [client-service] [AsyncResolver-bootstrap-executor-%d] c.n.d.s.r.aws.ConfigClusterResolver      : Resolving eureka endpoints via configuration
2026-03-06T13:41:03.166+05:30  INFO 15684 --- [client-service] [AsyncResolver-bootstrap-executor-%d] c.n.d.s.r.aws.ConfigClusterResolver      : Resolving eureka endpoints via configuration
2026-03-06T13:46:03.178+05:30  INFO 15684 --- [client-service] [AsyncResolver-bootstrap-executor-%d] c.n.d.s.r.aws.ConfigClusterResolver      : Resolving eureka endpoints via configuration
2026-03-06T13:51:03.191+05:30  INFO 15684 --- [client-service] [AsyncResolver-bootstrap-executor-%d] c.n.d.s.r.aws.ConfigClusterResolver      : Resolving eureka endpoints via configuration
2026-03-06T13:56:03.192+05:30  INFO 15684 --- [client-service] [AsyncResolver-bootstrap-executor-%d] c.n.d.s.r.aws.ConfigClusterResolver      : Resolving eureka endpoints via configuration
2026-03-06T14:01:03.196+05:30  INFO 15684 --- [client-service] [AsyncResolver-bootstrap-executor-%d] c.n.d.s.r.aws.ConfigClusterResolver      : Resolving eureka endpoints via configuration
2026-03-06T14:06:03.213+05:30  INFO 15684 --- [client-service] [AsyncResolver-bootstrap-executor-%d] c.n.d.s.r.aws.ConfigClusterResolver      : Resolving eureka endpoints via configuration
2026-03-06T14:11:03.228+05:30  INFO 15684 --- [client-service] [AsyncResolver-bootstrap-executor-%d] c.n.d.s.r.aws.ConfigClusterResolver      : Resolving eureka endpoints via configuration
2026-03-06T14:16:03.236+05:30  INFO 15684 --- [client-service] [AsyncResolver-bootstrap-executor-%d] c.n.d.s.r.aws.ConfigClusterResolver      : Resolving eureka endpoints via configuration
2026-03-06T14:21:03.252+05:30  INFO 15684 --- [client-service] [AsyncResolver-bootstrap-executor-%d] c.n.d.s.r.aws.ConfigClusterResolver      : Resolving eureka endpoints via configuration
2026-03-06T14:26:03.260+05:30  INFO 15684 --- [client-service] [AsyncResolver-bootstrap-executor-%d] c.n.d.s.r.aws.ConfigClusterResolver      : Resolving eureka endpoints via configuration
2026-03-06T14:31:03.264+05:30  INFO 15684 --- [client-service] [AsyncResolver-bootstrap-executor-%d] c.n.d.s.r.aws.ConfigClusterResolver      : Resolving eureka endpoints via configuration
2026-03-06T14:36:03.268+05:30  INFO 15684 --- [client-service] [AsyncResolver-bootstrap-executor-%d] c.n.d.s.r.aws.ConfigClusterResolver      : Resolving eureka endpoints via configuration
2026-03-06T14:41:03.283+05:30  INFO 15684 --- [client-service] [AsyncResolver-bootstrap-executor-%d] c.n.d.s.r.aws.ConfigClusterResolver      : Resolving eureka endpoints via configuration
2026-03-06T14:46:03.286+05:30  INFO 15684 --- [client-service] [AsyncResolver-bootstrap-executor-%d] c.n.d.s.r.aws.ConfigClusterResolver      : Resolving eureka endpoints via configuration
2026-03-06T14:46:25.664+05:30  INFO 15684 --- [client-service] [http-nio-8081-exec-9] c.w.client.controller.ClientController   : API Request: GET /api/clients from Advisor ID: 1
2026-03-06T14:46:25.725+05:30 DEBUG 15684 --- [client-service] [http-nio-8081-exec-9] org.hibernate.SQL                        : select c1_0.client_id,c1_0.address,c1_0.advisor_id,c1_0.created_date,c1_0.date_of_birth,c1_0.email_address,c1_0.employer,c1_0.full_name,c1_0.investment_amount,c1_0.investment_goal,c1_0.investment_horizon,c1_0.kyc_document_ref,c1_0.kyc_status,c1_0.liquidity_needs,c1_0.occupation,c1_0.phone_number,c1_0.risk_profile from client c1_0 where c1_0.advisor_id=?
2026-03-06T14:46:26.275+05:30  INFO 15684 --- [client-service] [http-nio-8081-exec-7] c.w.client.controller.ClientController   : API Request: GET /api/clients/1 from Advisor ID: 1
2026-03-06T14:46:26.275+05:30 DEBUG 15684 --- [client-service] [http-nio-8081-exec-7] org.hibernate.SQL                        : select c1_0.client_id,c1_0.address,c1_0.advisor_id,c1_0.created_date,c1_0.date_of_birth,c1_0.email_address,c1_0.employer,c1_0.full_name,c1_0.investment_amount,c1_0.investment_goal,c1_0.investment_horizon,c1_0.kyc_document_ref,c1_0.kyc_status,c1_0.liquidity_needs,c1_0.occupation,c1_0.phone_number,c1_0.risk_profile from client c1_0 where c1_0.client_id=? and c1_0.advisor_id=?
2026-03-06T14:46:31.540+05:30  INFO 15684 --- [client-service] [http-nio-8081-exec-10] c.w.client.controller.ClientController   : API Request: GET /api/clients from Advisor ID: 1
2026-03-06T14:46:31.542+05:30 DEBUG 15684 --- [client-service] [http-nio-8081-exec-10] org.hibernate.SQL                        : select c1_0.client_id,c1_0.address,c1_0.advisor_id,c1_0.created_date,c1_0.date_of_birth,c1_0.email_address,c1_0.employer,c1_0.full_name,c1_0.investment_amount,c1_0.investment_goal,c1_0.investment_horizon,c1_0.kyc_document_ref,c1_0.kyc_status,c1_0.liquidity_needs,c1_0.occupation,c1_0.phone_number,c1_0.risk_profile from client c1_0 where c1_0.advisor_id=?
2026-03-06T14:46:31.867+05:30  INFO 15684 --- [client-service] [http-nio-8081-exec-2] c.w.client.controller.ClientController   : API Request: GET /api/clients/1 from Advisor ID: 1
2026-03-06T14:46:31.872+05:30 DEBUG 15684 --- [client-service] [http-nio-8081-exec-2] org.hibernate.SQL                        : select c1_0.client_id,c1_0.address,c1_0.advisor_id,c1_0.created_date,c1_0.date_of_birth,c1_0.email_address,c1_0.employer,c1_0.full_name,c1_0.investment_amount,c1_0.investment_goal,c1_0.investment_horizon,c1_0.kyc_document_ref,c1_0.kyc_status,c1_0.liquidity_needs,c1_0.occupation,c1_0.phone_number,c1_0.risk_profile from client c1_0 where c1_0.client_id=? and c1_0.advisor_id=?
2026-03-06T14:46:36.927+05:30  INFO 15684 --- [client-service] [http-nio-8081-exec-3] c.w.client.controller.ClientController   : API Request: GET /api/clients/2 from Advisor ID: 1
2026-03-06T14:46:36.929+05:30 DEBUG 15684 --- [client-service] [http-nio-8081-exec-3] org.hibernate.SQL                        : select c1_0.client_id,c1_0.address,c1_0.advisor_id,c1_0.created_date,c1_0.date_of_birth,c1_0.email_address,c1_0.employer,c1_0.full_name,c1_0.investment_amount,c1_0.investment_goal,c1_0.investment_horizon,c1_0.kyc_document_ref,c1_0.kyc_status,c1_0.liquidity_needs,c1_0.occupation,c1_0.phone_number,c1_0.risk_profile from client c1_0 where c1_0.client_id=? and c1_0.advisor_id=?
2026-03-06T14:47:17.996+05:30  INFO 15684 --- [client-service] [http-nio-8081-exec-1] c.w.client.controller.ClientController   : API Request: GET /api/clients/2 from Advisor ID: 1
2026-03-06T14:47:17.999+05:30 DEBUG 15684 --- [client-service] [http-nio-8081-exec-1] org.hibernate.SQL                        : select c1_0.client_id,c1_0.address,c1_0.advisor_id,c1_0.created_date,c1_0.date_of_birth,c1_0.email_address,c1_0.employer,c1_0.full_name,c1_0.investment_amount,c1_0.investment_goal,c1_0.investment_horizon,c1_0.kyc_document_ref,c1_0.kyc_status,c1_0.liquidity_needs,c1_0.occupation,c1_0.phone_number,c1_0.risk_profile from client c1_0 where c1_0.client_id=? and c1_0.advisor_id=?
2026-03-06T14:47:34.249+05:30  INFO 15684 --- [client-service] [http-nio-8081-exec-5] c.w.client.controller.ClientController   : API Request: GET /api/clients/5 from Advisor ID: 1
2026-03-06T14:47:34.251+05:30 DEBUG 15684 --- [client-service] [http-nio-8081-exec-5] org.hibernate.SQL                        : select c1_0.client_id,c1_0.address,c1_0.advisor_id,c1_0.created_date,c1_0.date_of_birth,c1_0.email_address,c1_0.employer,c1_0.full_name,c1_0.investment_amount,c1_0.investment_goal,c1_0.investment_horizon,c1_0.kyc_document_ref,c1_0.kyc_status,c1_0.liquidity_needs,c1_0.occupation,c1_0.phone_number,c1_0.risk_profile from client c1_0 where c1_0.client_id=? and c1_0.advisor_id=?
2026-03-06T14:47:34.360+05:30  INFO 15684 --- [client-service] [http-nio-8081-exec-6] c.w.client.controller.ClientController   : API Request: GET /api/clients/5 from Advisor ID: 1
2026-03-06T14:47:34.360+05:30 DEBUG 15684 --- [client-service] [http-nio-8081-exec-6] org.hibernate.SQL                        : select c1_0.client_id,c1_0.address,c1_0.advisor_id,c1_0.created_date,c1_0.date_of_birth,c1_0.email_address,c1_0.employer,c1_0.full_name,c1_0.investment_amount,c1_0.investment_goal,c1_0.investment_horizon,c1_0.kyc_document_ref,c1_0.kyc_status,c1_0.liquidity_needs,c1_0.occupation,c1_0.phone_number,c1_0.risk_profile from client c1_0 where c1_0.client_id=? and c1_0.advisor_id=?
2026-03-06T14:47:44.014+05:30  INFO 15684 --- [client-service] [http-nio-8081-exec-8] c.w.client.controller.ClientController   : API Request: GET /api/clients/7 from Advisor ID: 1
2026-03-06T14:47:44.015+05:30 DEBUG 15684 --- [client-service] [http-nio-8081-exec-8] org.hibernate.SQL                        : select c1_0.client_id,c1_0.address,c1_0.advisor_id,c1_0.created_date,c1_0.date_of_birth,c1_0.email_address,c1_0.employer,c1_0.full_name,c1_0.investment_amount,c1_0.investment_goal,c1_0.investment_horizon,c1_0.kyc_document_ref,c1_0.kyc_status,c1_0.liquidity_needs,c1_0.occupation,c1_0.phone_number,c1_0.risk_profile from client c1_0 where c1_0.client_id=? and c1_0.advisor_id=?
2026-03-06T14:47:44.136+05:30  INFO 15684 --- [client-service] [http-nio-8081-exec-9] c.w.client.controller.ClientController   : API Request: GET /api/clients/7 from Advisor ID: 1
2026-03-06T14:47:44.138+05:30 DEBUG 15684 --- [client-service] [http-nio-8081-exec-9] org.hibernate.SQL                        : select c1_0.client_id,c1_0.address,c1_0.advisor_id,c1_0.created_date,c1_0.date_of_birth,c1_0.email_address,c1_0.employer,c1_0.full_name,c1_0.investment_amount,c1_0.investment_goal,c1_0.investment_horizon,c1_0.kyc_document_ref,c1_0.kyc_status,c1_0.liquidity_needs,c1_0.occupation,c1_0.phone_number,c1_0.risk_profile from client c1_0 where c1_0.client_id=? and c1_0.advisor_id=?
2026-03-06T14:51:03.300+05:30  INFO 15684 --- [client-service] [AsyncResolver-bootstrap-executor-%d] c.n.d.s.r.aws.ConfigClusterResolver      : Resolving eureka endpoints via configuration
2026-03-06T14:56:03.309+05:30  INFO 15684 --- [client-service] [AsyncResolver-bootstrap-executor-%d] c.n.d.s.r.aws.ConfigClusterResolver      : Resolving eureka endpoints via configuration
2026-03-06T15:01:03.318+05:30  INFO 15684 --- [client-service] [AsyncResolver-bootstrap-executor-%d] c.n.d.s.r.aws.ConfigClusterResolver      : Resolving eureka endpoints via configuration
2026-03-06T15:06:03.327+05:30  INFO 15684 --- [client-service] [AsyncResolver-bootstrap-executor-%d] c.n.d.s.r.aws.ConfigClusterResolver      : Resolving eureka endpoints via configuration
2026-03-06T15:11:03.332+05:30  INFO 15684 --- [client-service] [AsyncResolver-bootstrap-executor-%d] c.n.d.s.r.aws.ConfigClusterResolver      : Resolving eureka endpoints via configuration
2026-03-06T15:16:03.342+05:30  INFO 15684 --- [client-service] [AsyncResolver-bootstrap-executor-%d] c.n.d.s.r.aws.ConfigClusterResolver      : Resolving eureka endpoints via configuration
2026-03-06T15:21:03.359+05:30  INFO 15684 --- [client-service] [AsyncResolver-bootstrap-executor-%d] c.n.d.s.r.aws.ConfigClusterResolver      : Resolving eureka endpoints via configuration
2026-03-06T15:26:03.365+05:30  INFO 15684 --- [client-service] [AsyncResolver-bootstrap-executor-%d] c.n.d.s.r.aws.ConfigClusterResolver      : Resolving eureka endpoints via configuration
2026-03-06T15:31:03.376+05:30  INFO 15684 --- [client-service] [AsyncResolver-bootstrap-executor-%d] c.n.d.s.r.aws.ConfigClusterResolver      : Resolving eureka endpoints via configuration
2026-03-06T15:36:03.392+05:30  INFO 15684 --- [client-service] [AsyncResolver-bootstrap-executor-%d] c.n.d.s.r.aws.ConfigClusterResolver      : Resolving eureka endpoints via configuration
2026-03-06T15:41:03.400+05:30  INFO 15684 --- [client-service] [AsyncResolver-bootstrap-executor-%d] c.n.d.s.r.aws.ConfigClusterResolver      : Resolving eureka endpoints via configuration
2026-03-06T15:41:16.347+05:30  INFO 15684 --- [client-service] [http-nio-8081-exec-10] c.w.client.controller.ClientController   : API Request: GET /api/clients from Advisor ID: 1
2026-03-06T15:41:16.458+05:30 DEBUG 15684 --- [client-service] [http-nio-8081-exec-10] org.hibernate.SQL                        : select c1_0.client_id,c1_0.address,c1_0.advisor_id,c1_0.created_date,c1_0.date_of_birth,c1_0.email_address,c1_0.employer,c1_0.full_name,c1_0.investment_amount,c1_0.investment_goal,c1_0.investment_horizon,c1_0.kyc_document_ref,c1_0.kyc_status,c1_0.liquidity_needs,c1_0.occupation,c1_0.phone_number,c1_0.risk_profile from client c1_0 where c1_0.advisor_id=?
2026-03-06T15:41:17.377+05:30  INFO 15684 --- [client-service] [http-nio-8081-exec-2] c.w.client.controller.ClientController   : API Request: GET /api/clients/1 from Advisor ID: 1
2026-03-06T15:41:17.379+05:30 DEBUG 15684 --- [client-service] [http-nio-8081-exec-2] org.hibernate.SQL                        : select c1_0.client_id,c1_0.address,c1_0.advisor_id,c1_0.created_date,c1_0.date_of_birth,c1_0.email_address,c1_0.employer,c1_0.full_name,c1_0.investment_amount,c1_0.investment_goal,c1_0.investment_horizon,c1_0.kyc_document_ref,c1_0.kyc_status,c1_0.liquidity_needs,c1_0.occupation,c1_0.phone_number,c1_0.risk_profile from client c1_0 where c1_0.client_id=? and c1_0.advisor_id=?
2026-03-06T15:41:17.489+05:30  INFO 15684 --- [client-service] [http-nio-8081-exec-3] c.w.client.controller.ClientController   : API Request: GET /api/clients from Advisor ID: 1
2026-03-06T15:41:17.494+05:30 DEBUG 15684 --- [client-service] [http-nio-8081-exec-3] org.hibernate.SQL                        : select c1_0.client_id,c1_0.address,c1_0.advisor_id,c1_0.created_date,c1_0.date_of_birth,c1_0.email_address,c1_0.employer,c1_0.full_name,c1_0.investment_amount,c1_0.investment_goal,c1_0.investment_horizon,c1_0.kyc_document_ref,c1_0.kyc_status,c1_0.liquidity_needs,c1_0.occupation,c1_0.phone_number,c1_0.risk_profile from client c1_0 where c1_0.advisor_id=?
2026-03-06T15:41:17.784+05:30  INFO 15684 --- [client-service] [http-nio-8081-exec-1] c.w.client.controller.ClientController   : API Request: GET /api/clients/1 from Advisor ID: 1
2026-03-06T15:41:17.794+05:30 DEBUG 15684 --- [client-service] [http-nio-8081-exec-1] org.hibernate.SQL                        : select c1_0.client_id,c1_0.address,c1_0.advisor_id,c1_0.created_date,c1_0.date_of_birth,c1_0.email_address,c1_0.employer,c1_0.full_name,c1_0.investment_amount,c1_0.investment_goal,c1_0.investment_horizon,c1_0.kyc_document_ref,c1_0.kyc_status,c1_0.liquidity_needs,c1_0.occupation,c1_0.phone_number,c1_0.risk_profile from client c1_0 where c1_0.client_id=? and c1_0.advisor_id=?
2026-03-06T15:41:21.415+05:30  INFO 15684 --- [client-service] [http-nio-8081-exec-4] c.w.client.controller.ClientController   : API Request: GET /api/clients/1 from Advisor ID: 1
2026-03-06T15:41:21.416+05:30 DEBUG 15684 --- [client-service] [http-nio-8081-exec-4] org.hibernate.SQL                        : select c1_0.client_id,c1_0.address,c1_0.advisor_id,c1_0.created_date,c1_0.date_of_birth,c1_0.email_address,c1_0.employer,c1_0.full_name,c1_0.investment_amount,c1_0.investment_goal,c1_0.investment_horizon,c1_0.kyc_document_ref,c1_0.kyc_status,c1_0.liquidity_needs,c1_0.occupation,c1_0.phone_number,c1_0.risk_profile from client c1_0 where c1_0.client_id=? and c1_0.advisor_id=?
2026-03-06T15:43:54.434+05:30  INFO 15684 --- [client-service] [http-nio-8081-exec-8] c.w.client.controller.ClientController   : API Request: GET /api/clients/1 from Advisor ID: 1
2026-03-06T15:43:54.435+05:30 DEBUG 15684 --- [client-service] [http-nio-8081-exec-8] org.hibernate.SQL                        : select c1_0.client_id,c1_0.address,c1_0.advisor_id,c1_0.created_date,c1_0.date_of_birth,c1_0.email_address,c1_0.employer,c1_0.full_name,c1_0.investment_amount,c1_0.investment_goal,c1_0.investment_horizon,c1_0.kyc_document_ref,c1_0.kyc_status,c1_0.liquidity_needs,c1_0.occupation,c1_0.phone_number,c1_0.risk_profile from client c1_0 where c1_0.client_id=? and c1_0.advisor_id=?
2026-03-06T15:46:03.402+05:30  INFO 15684 --- [client-service] [AsyncResolver-bootstrap-executor-%d] c.n.d.s.r.aws.ConfigClusterResolver      : Resolving eureka endpoints via configuration
2026-03-06T15:51:03.419+05:30  INFO 15684 --- [client-service] [AsyncResolver-bootstrap-executor-%d] c.n.d.s.r.aws.ConfigClusterResolver      : Resolving eureka endpoints via configuration
2026-03-06T15:54:24.633+05:30  INFO 15684 --- [client-service] [http-nio-8081-exec-7] c.w.client.controller.ClientController   : API Request: GET /api/clients from Advisor ID: 1
2026-03-06T15:54:24.633+05:30 DEBUG 15684 --- [client-service] [http-nio-8081-exec-7] org.hibernate.SQL                        : select c1_0.client_id,c1_0.address,c1_0.advisor_id,c1_0.created_date,c1_0.date_of_birth,c1_0.email_address,c1_0.employer,c1_0.full_name,c1_0.investment_amount,c1_0.investment_goal,c1_0.investment_horizon,c1_0.kyc_document_ref,c1_0.kyc_status,c1_0.liquidity_needs,c1_0.occupation,c1_0.phone_number,c1_0.risk_profile from client c1_0 where c1_0.advisor_id=?
2026-03-06T15:54:25.053+05:30  INFO 15684 --- [client-service] [http-nio-8081-exec-10] c.w.client.controller.ClientController   : API Request: GET /api/clients/1 from Advisor ID: 1
2026-03-06T15:54:25.064+05:30 DEBUG 15684 --- [client-service] [http-nio-8081-exec-10] org.hibernate.SQL                        : select c1_0.client_id,c1_0.address,c1_0.advisor_id,c1_0.created_date,c1_0.date_of_birth,c1_0.email_address,c1_0.employer,c1_0.full_name,c1_0.investment_amount,c1_0.investment_goal,c1_0.investment_horizon,c1_0.kyc_document_ref,c1_0.kyc_status,c1_0.liquidity_needs,c1_0.occupation,c1_0.phone_number,c1_0.risk_profile from client c1_0 where c1_0.client_id=? and c1_0.advisor_id=?
2026-03-06T15:54:27.538+05:30  INFO 15684 --- [client-service] [http-nio-8081-exec-2] c.w.client.controller.ClientController   : API Request: GET /api/clients/1 from Advisor ID: 1
2026-03-06T15:54:27.542+05:30 DEBUG 15684 --- [client-service] [http-nio-8081-exec-2] org.hibernate.SQL                        : select c1_0.client_id,c1_0.address,c1_0.advisor_id,c1_0.created_date,c1_0.date_of_birth,c1_0.email_address,c1_0.employer,c1_0.full_name,c1_0.investment_amount,c1_0.investment_goal,c1_0.investment_horizon,c1_0.kyc_document_ref,c1_0.kyc_status,c1_0.liquidity_needs,c1_0.occupation,c1_0.phone_number,c1_0.risk_profile from client c1_0 where c1_0.client_id=? and c1_0.advisor_id=?
2026-03-06T15:54:41.062+05:30  INFO 15684 --- [client-service] [http-nio-8081-exec-3] c.w.client.controller.ClientController   : API Request: GET /api/clients/2 from Advisor ID: 1
2026-03-06T15:54:41.063+05:30 DEBUG 15684 --- [client-service] [http-nio-8081-exec-3] org.hibernate.SQL                        : select c1_0.client_id,c1_0.address,c1_0.advisor_id,c1_0.created_date,c1_0.date_of_birth,c1_0.email_address,c1_0.employer,c1_0.full_name,c1_0.investment_amount,c1_0.investment_goal,c1_0.investment_horizon,c1_0.kyc_document_ref,c1_0.kyc_status,c1_0.liquidity_needs,c1_0.occupation,c1_0.phone_number,c1_0.risk_profile from client c1_0 where c1_0.client_id=? and c1_0.advisor_id=?
2026-03-06T15:56:03.428+05:30  INFO 15684 --- [client-service] [AsyncResolver-bootstrap-executor-%d] c.n.d.s.r.aws.ConfigClusterResolver      : Resolving eureka endpoints via configuration
2026-03-06T16:01:03.453+05:30  INFO 15684 --- [client-service] [AsyncResolver-bootstrap-executor-%d] c.n.d.s.r.aws.ConfigClusterResolver      : Resolving eureka endpoints via configuration
2026-03-06T16:06:03.464+05:30  INFO 15684 --- [client-service] [AsyncResolver-bootstrap-executor-%d] c.n.d.s.r.aws.ConfigClusterResolver      : Resolving eureka endpoints via configuration
2026-03-06T16:11:03.467+05:30  INFO 15684 --- [client-service] [AsyncResolver-bootstrap-executor-%d] c.n.d.s.r.aws.ConfigClusterResolver      : Resolving eureka endpoints via configuration
2026-03-06T16:16:03.468+05:30  INFO 15684 --- [client-service] [AsyncResolver-bootstrap-executor-%d] c.n.d.s.r.aws.ConfigClusterResolver      : Resolving eureka endpoints via configuration
2026-03-06T16:21:03.480+05:30  INFO 15684 --- [client-service] [AsyncResolver-bootstrap-executor-%d] c.n.d.s.r.aws.ConfigClusterResolver      : Resolving eureka endpoints via configuration
2026-03-06T16:26:03.488+05:30  INFO 15684 --- [client-service] [AsyncResolver-bootstrap-executor-%d] c.n.d.s.r.aws.ConfigClusterResolver      : Resolving eureka endpoints via configuration
2026-03-06T16:31:03.516+05:30  INFO 15684 --- [client-service] [AsyncResolver-bootstrap-executor-%d] c.n.d.s.r.aws.ConfigClusterResolver      : Resolving eureka endpoints via configuration
2026-03-06T16:33:07.197+05:30  INFO 15684 --- [client-service] [http-nio-8081-exec-5] c.w.client.controller.ClientController   : API Request: GET /api/clients from Advisor ID: 1
2026-03-06T16:33:07.223+05:30 DEBUG 15684 --- [client-service] [http-nio-8081-exec-5] org.hibernate.SQL                        : select c1_0.client_id,c1_0.address,c1_0.advisor_id,c1_0.created_date,c1_0.date_of_birth,c1_0.email_address,c1_0.employer,c1_0.full_name,c1_0.investment_amount,c1_0.investment_goal,c1_0.investment_horizon,c1_0.kyc_document_ref,c1_0.kyc_status,c1_0.liquidity_needs,c1_0.occupation,c1_0.phone_number,c1_0.risk_profile from client c1_0 where c1_0.advisor_id=?
2026-03-06T16:33:07.759+05:30  INFO 15684 --- [client-service] [http-nio-8081-exec-6] c.w.client.controller.ClientController   : API Request: GET /api/clients/1 from Advisor ID: 1
2026-03-06T16:33:07.761+05:30 DEBUG 15684 --- [client-service] [http-nio-8081-exec-6] org.hibernate.SQL                        : select c1_0.client_id,c1_0.address,c1_0.advisor_id,c1_0.created_date,c1_0.date_of_birth,c1_0.email_address,c1_0.employer,c1_0.full_name,c1_0.investment_amount,c1_0.investment_goal,c1_0.investment_horizon,c1_0.kyc_document_ref,c1_0.kyc_status,c1_0.liquidity_needs,c1_0.occupation,c1_0.phone_number,c1_0.risk_profile from client c1_0 where c1_0.client_id=? and c1_0.advisor_id=?
2026-03-06T16:33:12.674+05:30  INFO 15684 --- [client-service] [http-nio-8081-exec-8] c.w.client.controller.ClientController   : API Request: GET /api/clients/1 from Advisor ID: 1
2026-03-06T16:33:12.676+05:30 DEBUG 15684 --- [client-service] [http-nio-8081-exec-8] org.hibernate.SQL                        : select c1_0.client_id,c1_0.address,c1_0.advisor_id,c1_0.created_date,c1_0.date_of_birth,c1_0.email_address,c1_0.employer,c1_0.full_name,c1_0.investment_amount,c1_0.investment_goal,c1_0.investment_horizon,c1_0.kyc_document_ref,c1_0.kyc_status,c1_0.liquidity_needs,c1_0.occupation,c1_0.phone_number,c1_0.risk_profile from client c1_0 where c1_0.client_id=? and c1_0.advisor_id=?
2026-03-06T16:34:54.760+05:30  INFO 15684 --- [client-service] [http-nio-8081-exec-10] c.w.client.controller.ClientController   : API Request: GET /api/clients from Advisor ID: 1
2026-03-06T16:34:54.762+05:30 DEBUG 15684 --- [client-service] [http-nio-8081-exec-10] org.hibernate.SQL                        : select c1_0.client_id,c1_0.address,c1_0.advisor_id,c1_0.created_date,c1_0.date_of_birth,c1_0.email_address,c1_0.employer,c1_0.full_name,c1_0.investment_amount,c1_0.investment_goal,c1_0.investment_horizon,c1_0.kyc_document_ref,c1_0.kyc_status,c1_0.liquidity_needs,c1_0.occupation,c1_0.phone_number,c1_0.risk_profile from client c1_0 where c1_0.advisor_id=?
2026-03-06T16:35:22.955+05:30  INFO 15684 --- [client-service] [http-nio-8081-exec-2] c.w.client.controller.ClientController   : API Request: GET /api/clients from Advisor ID: 1
2026-03-06T16:35:22.957+05:30 DEBUG 15684 --- [client-service] [http-nio-8081-exec-2] org.hibernate.SQL                        : select c1_0.client_id,c1_0.address,c1_0.advisor_id,c1_0.created_date,c1_0.date_of_birth,c1_0.email_address,c1_0.employer,c1_0.full_name,c1_0.investment_amount,c1_0.investment_goal,c1_0.investment_horizon,c1_0.kyc_document_ref,c1_0.kyc_status,c1_0.liquidity_needs,c1_0.occupation,c1_0.phone_number,c1_0.risk_profile from client c1_0 where c1_0.advisor_id=?
2026-03-06T16:35:35.314+05:30  INFO 15684 --- [client-service] [http-nio-8081-exec-3] c.w.client.controller.ClientController   : API Request: GET /api/clients from Advisor ID: 1
2026-03-06T16:35:35.317+05:30 DEBUG 15684 --- [client-service] [http-nio-8081-exec-3] org.hibernate.SQL                        : select c1_0.client_id,c1_0.address,c1_0.advisor_id,c1_0.created_date,c1_0.date_of_birth,c1_0.email_address,c1_0.employer,c1_0.full_name,c1_0.investment_amount,c1_0.investment_goal,c1_0.investment_horizon,c1_0.kyc_document_ref,c1_0.kyc_status,c1_0.liquidity_needs,c1_0.occupation,c1_0.phone_number,c1_0.risk_profile from client c1_0 where c1_0.advisor_id=?
2026-03-06T16:35:35.899+05:30  INFO 15684 --- [client-service] [http-nio-8081-exec-1] c.w.client.controller.ClientController   : API Request: GET /api/clients/1 from Advisor ID: 1
2026-03-06T16:35:35.900+05:30 DEBUG 15684 --- [client-service] [http-nio-8081-exec-1] org.hibernate.SQL                        : select c1_0.client_id,c1_0.address,c1_0.advisor_id,c1_0.created_date,c1_0.date_of_birth,c1_0.email_address,c1_0.employer,c1_0.full_name,c1_0.investment_amount,c1_0.investment_goal,c1_0.investment_horizon,c1_0.kyc_document_ref,c1_0.kyc_status,c1_0.liquidity_needs,c1_0.occupation,c1_0.phone_number,c1_0.risk_profile from client c1_0 where c1_0.client_id=? and c1_0.advisor_id=?
2026-03-06T16:35:36.859+05:30  INFO 15684 --- [client-service] [http-nio-8081-exec-4] c.w.client.controller.ClientController   : API Request: GET /api/clients/1 from Advisor ID: 1
2026-03-06T16:35:36.861+05:30 DEBUG 15684 --- [client-service] [http-nio-8081-exec-4] org.hibernate.SQL                        : select c1_0.client_id,c1_0.address,c1_0.advisor_id,c1_0.created_date,c1_0.date_of_birth,c1_0.email_address,c1_0.employer,c1_0.full_name,c1_0.investment_amount,c1_0.investment_goal,c1_0.investment_horizon,c1_0.kyc_document_ref,c1_0.kyc_status,c1_0.liquidity_needs,c1_0.occupation,c1_0.phone_number,c1_0.risk_profile from client c1_0 where c1_0.client_id=? and c1_0.advisor_id=?
2026-03-06T16:35:56.539+05:30  INFO 15684 --- [client-service] [http-nio-8081-exec-5] c.w.client.controller.ClientController   : API Request: GET /api/clients/7 from Advisor ID: 1
2026-03-06T16:35:56.541+05:30 DEBUG 15684 --- [client-service] [http-nio-8081-exec-5] org.hibernate.SQL                        : select c1_0.client_id,c1_0.address,c1_0.advisor_id,c1_0.created_date,c1_0.date_of_birth,c1_0.email_address,c1_0.employer,c1_0.full_name,c1_0.investment_amount,c1_0.investment_goal,c1_0.investment_horizon,c1_0.kyc_document_ref,c1_0.kyc_status,c1_0.liquidity_needs,c1_0.occupation,c1_0.phone_number,c1_0.risk_profile from client c1_0 where c1_0.client_id=? and c1_0.advisor_id=?
2026-03-06T16:36:03.531+05:30  INFO 15684 --- [client-service] [AsyncResolver-bootstrap-executor-%d] c.n.d.s.r.aws.ConfigClusterResolver      : Resolving eureka endpoints via configuration
2026-03-06T16:36:04.624+05:30  INFO 15684 --- [client-service] [http-nio-8081-exec-6] c.w.client.controller.ClientController   : API Request: GET /api/clients/7 from Advisor ID: 1
2026-03-06T16:36:04.625+05:30 DEBUG 15684 --- [client-service] [http-nio-8081-exec-6] org.hibernate.SQL                        : select c1_0.client_id,c1_0.address,c1_0.advisor_id,c1_0.created_date,c1_0.date_of_birth,c1_0.email_address,c1_0.employer,c1_0.full_name,c1_0.investment_amount,c1_0.investment_goal,c1_0.investment_horizon,c1_0.kyc_document_ref,c1_0.kyc_status,c1_0.liquidity_needs,c1_0.occupation,c1_0.phone_number,c1_0.risk_profile from client c1_0 where c1_0.client_id=? and c1_0.advisor_id=?
2026-03-06T16:36:12.214+05:30  INFO 15684 --- [client-service] [http-nio-8081-exec-8] c.w.client.controller.ClientController   : API Request: GET /api/clients/7 from Advisor ID: 1
2026-03-06T16:36:12.215+05:30 DEBUG 15684 --- [client-service] [http-nio-8081-exec-8] org.hibernate.SQL                        : select c1_0.client_id,c1_0.address,c1_0.advisor_id,c1_0.created_date,c1_0.date_of_birth,c1_0.email_address,c1_0.employer,c1_0.full_name,c1_0.investment_amount,c1_0.investment_goal,c1_0.investment_horizon,c1_0.kyc_document_ref,c1_0.kyc_status,c1_0.liquidity_needs,c1_0.occupation,c1_0.phone_number,c1_0.risk_profile from client c1_0 where c1_0.client_id=? and c1_0.advisor_id=?
2026-03-06T16:36:19.304+05:30  INFO 15684 --- [client-service] [http-nio-8081-exec-9] c.w.client.controller.ClientController   : API Request: GET /api/clients/2 from Advisor ID: 1
2026-03-06T16:36:19.305+05:30 DEBUG 15684 --- [client-service] [http-nio-8081-exec-9] org.hibernate.SQL                        : select c1_0.client_id,c1_0.address,c1_0.advisor_id,c1_0.created_date,c1_0.date_of_birth,c1_0.email_address,c1_0.employer,c1_0.full_name,c1_0.investment_amount,c1_0.investment_goal,c1_0.investment_horizon,c1_0.kyc_document_ref,c1_0.kyc_status,c1_0.liquidity_needs,c1_0.occupation,c1_0.phone_number,c1_0.risk_profile from client c1_0 where c1_0.client_id=? and c1_0.advisor_id=?
2026-03-06T16:36:19.422+05:30  INFO 15684 --- [client-service] [http-nio-8081-exec-7] c.w.client.controller.ClientController   : API Request: GET /api/clients/2 from Advisor ID: 1
2026-03-06T16:36:19.423+05:30 DEBUG 15684 --- [client-service] [http-nio-8081-exec-7] org.hibernate.SQL                        : select c1_0.client_id,c1_0.address,c1_0.advisor_id,c1_0.created_date,c1_0.date_of_birth,c1_0.email_address,c1_0.employer,c1_0.full_name,c1_0.investment_amount,c1_0.investment_goal,c1_0.investment_horizon,c1_0.kyc_document_ref,c1_0.kyc_status,c1_0.liquidity_needs,c1_0.occupation,c1_0.phone_number,c1_0.risk_profile from client c1_0 where c1_0.client_id=? and c1_0.advisor_id=?
2026-03-06T16:36:26.389+05:30  INFO 15684 --- [client-service] [http-nio-8081-exec-10] c.w.client.controller.ClientController   : API Request: GET /api/clients/1 from Advisor ID: 1
2026-03-06T16:36:26.390+05:30 DEBUG 15684 --- [client-service] [http-nio-8081-exec-10] org.hibernate.SQL                        : select c1_0.client_id,c1_0.address,c1_0.advisor_id,c1_0.created_date,c1_0.date_of_birth,c1_0.email_address,c1_0.employer,c1_0.full_name,c1_0.investment_amount,c1_0.investment_goal,c1_0.investment_horizon,c1_0.kyc_document_ref,c1_0.kyc_status,c1_0.liquidity_needs,c1_0.occupation,c1_0.phone_number,c1_0.risk_profile from client c1_0 where c1_0.client_id=? and c1_0.advisor_id=?
2026-03-06T16:36:26.505+05:30  INFO 15684 --- [client-service] [http-nio-8081-exec-2] c.w.client.controller.ClientController   : API Request: GET /api/clients/1 from Advisor ID: 1
2026-03-06T16:36:26.506+05:30 DEBUG 15684 --- [client-service] [http-nio-8081-exec-2] org.hibernate.SQL                        : select c1_0.client_id,c1_0.address,c1_0.advisor_id,c1_0.created_date,c1_0.date_of_birth,c1_0.email_address,c1_0.employer,c1_0.full_name,c1_0.investment_amount,c1_0.investment_goal,c1_0.investment_horizon,c1_0.kyc_document_ref,c1_0.kyc_status,c1_0.liquidity_needs,c1_0.occupation,c1_0.phone_number,c1_0.risk_profile from client c1_0 where c1_0.client_id=? and c1_0.advisor_id=?
2026-03-06T16:36:31.425+05:30  INFO 15684 --- [client-service] [http-nio-8081-exec-3] c.w.client.controller.ClientController   : API Request: GET /api/clients/1 from Advisor ID: 1
2026-03-06T16:36:31.427+05:30 DEBUG 15684 --- [client-service] [http-nio-8081-exec-3] org.hibernate.SQL                        : select c1_0.client_id,c1_0.address,c1_0.advisor_id,c1_0.created_date,c1_0.date_of_birth,c1_0.email_address,c1_0.employer,c1_0.full_name,c1_0.investment_amount,c1_0.investment_goal,c1_0.investment_horizon,c1_0.kyc_document_ref,c1_0.kyc_status,c1_0.liquidity_needs,c1_0.occupation,c1_0.phone_number,c1_0.risk_profile from client c1_0 where c1_0.client_id=? and c1_0.advisor_id=?
2026-03-06T16:37:21.226+05:30  INFO 15684 --- [client-service] [http-nio-8081-exec-4] c.w.client.controller.ClientController   : API Request: GET /api/clients/1 from Advisor ID: 1
2026-03-06T16:37:21.227+05:30 DEBUG 15684 --- [client-service] [http-nio-8081-exec-4] org.hibernate.SQL                        : select c1_0.client_id,c1_0.address,c1_0.advisor_id,c1_0.created_date,c1_0.date_of_birth,c1_0.email_address,c1_0.employer,c1_0.full_name,c1_0.investment_amount,c1_0.investment_goal,c1_0.investment_horizon,c1_0.kyc_document_ref,c1_0.kyc_status,c1_0.liquidity_needs,c1_0.occupation,c1_0.phone_number,c1_0.risk_profile from client c1_0 where c1_0.client_id=? and c1_0.advisor_id=?
2026-03-06T16:38:54.544+05:30  INFO 15684 --- [client-service] [http-nio-8081-exec-8] c.w.client.controller.ClientController   : API Request: GET /api/clients from Advisor ID: 1
2026-03-06T16:38:54.546+05:30 DEBUG 15684 --- [client-service] [http-nio-8081-exec-8] org.hibernate.SQL                        : select c1_0.client_id,c1_0.address,c1_0.advisor_id,c1_0.created_date,c1_0.date_of_birth,c1_0.email_address,c1_0.employer,c1_0.full_name,c1_0.investment_amount,c1_0.investment_goal,c1_0.investment_horizon,c1_0.kyc_document_ref,c1_0.kyc_status,c1_0.liquidity_needs,c1_0.occupation,c1_0.phone_number,c1_0.risk_profile from client c1_0 where c1_0.advisor_id=?
2026-03-06T16:38:55.196+05:30  INFO 15684 --- [client-service] [http-nio-8081-exec-9] c.w.client.controller.ClientController   : API Request: GET /api/clients/1 from Advisor ID: 1
2026-03-06T16:38:55.197+05:30 DEBUG 15684 --- [client-service] [http-nio-8081-exec-9] org.hibernate.SQL                        : select c1_0.client_id,c1_0.address,c1_0.advisor_id,c1_0.created_date,c1_0.date_of_birth,c1_0.email_address,c1_0.employer,c1_0.full_name,c1_0.investment_amount,c1_0.investment_goal,c1_0.investment_horizon,c1_0.kyc_document_ref,c1_0.kyc_status,c1_0.liquidity_needs,c1_0.occupation,c1_0.phone_number,c1_0.risk_profile from client c1_0 where c1_0.client_id=? and c1_0.advisor_id=?
2026-03-06T16:38:56.445+05:30  INFO 15684 --- [client-service] [http-nio-8081-exec-7] c.w.client.controller.ClientController   : API Request: GET /api/clients/1 from Advisor ID: 1
2026-03-06T16:38:56.447+05:30 DEBUG 15684 --- [client-service] [http-nio-8081-exec-7] org.hibernate.SQL                        : select c1_0.client_id,c1_0.address,c1_0.advisor_id,c1_0.created_date,c1_0.date_of_birth,c1_0.email_address,c1_0.employer,c1_0.full_name,c1_0.investment_amount,c1_0.investment_goal,c1_0.investment_horizon,c1_0.kyc_document_ref,c1_0.kyc_status,c1_0.liquidity_needs,c1_0.occupation,c1_0.phone_number,c1_0.risk_profile from client c1_0 where c1_0.client_id=? and c1_0.advisor_id=?
2026-03-06T16:39:05.049+05:30  INFO 15684 --- [client-service] [http-nio-8081-exec-10] c.w.client.controller.ClientController   : API Request: GET /api/clients/2 from Advisor ID: 1
2026-03-06T16:39:05.050+05:30 DEBUG 15684 --- [client-service] [http-nio-8081-exec-10] org.hibernate.SQL                        : select c1_0.client_id,c1_0.address,c1_0.advisor_id,c1_0.created_date,c1_0.date_of_birth,c1_0.email_address,c1_0.employer,c1_0.full_name,c1_0.investment_amount,c1_0.investment_goal,c1_0.investment_horizon,c1_0.kyc_document_ref,c1_0.kyc_status,c1_0.liquidity_needs,c1_0.occupation,c1_0.phone_number,c1_0.risk_profile from client c1_0 where c1_0.client_id=? and c1_0.advisor_id=?
2026-03-06T16:39:18.994+05:30  INFO 15684 --- [client-service] [http-nio-8081-exec-2] c.w.client.controller.ClientController   : API Request: GET /api/clients/2 from Advisor ID: 1
2026-03-06T16:39:18.996+05:30 DEBUG 15684 --- [client-service] [http-nio-8081-exec-2] org.hibernate.SQL                        : select c1_0.client_id,c1_0.address,c1_0.advisor_id,c1_0.created_date,c1_0.date_of_birth,c1_0.email_address,c1_0.employer,c1_0.full_name,c1_0.investment_amount,c1_0.investment_goal,c1_0.investment_horizon,c1_0.kyc_document_ref,c1_0.kyc_status,c1_0.liquidity_needs,c1_0.occupation,c1_0.phone_number,c1_0.risk_profile from client c1_0 where c1_0.client_id=? and c1_0.advisor_id=?
2026-03-06T16:39:32.622+05:30  INFO 15684 --- [client-service] [http-nio-8081-exec-3] c.w.client.controller.ClientController   : API Request: GET /api/clients/2 from Advisor ID: 1
2026-03-06T16:39:32.630+05:30 DEBUG 15684 --- [client-service] [http-nio-8081-exec-3] org.hibernate.SQL                        : select c1_0.client_id,c1_0.address,c1_0.advisor_id,c1_0.created_date,c1_0.date_of_birth,c1_0.email_address,c1_0.employer,c1_0.full_name,c1_0.investment_amount,c1_0.investment_goal,c1_0.investment_horizon,c1_0.kyc_document_ref,c1_0.kyc_status,c1_0.liquidity_needs,c1_0.occupation,c1_0.phone_number,c1_0.risk_profile from client c1_0 where c1_0.client_id=? and c1_0.advisor_id=?
2026-03-06T16:39:37.062+05:30  INFO 15684 --- [client-service] [http-nio-8081-exec-1] c.w.client.controller.ClientController   : API Request: GET /api/clients from Advisor ID: 1
2026-03-06T16:39:37.065+05:30 DEBUG 15684 --- [client-service] [http-nio-8081-exec-1] org.hibernate.SQL                        : select c1_0.client_id,c1_0.address,c1_0.advisor_id,c1_0.created_date,c1_0.date_of_birth,c1_0.email_address,c1_0.employer,c1_0.full_name,c1_0.investment_amount,c1_0.investment_goal,c1_0.investment_horizon,c1_0.kyc_document_ref,c1_0.kyc_status,c1_0.liquidity_needs,c1_0.occupation,c1_0.phone_number,c1_0.risk_profile from client c1_0 where c1_0.advisor_id=?
2026-03-06T16:39:37.285+05:30  INFO 15684 --- [client-service] [http-nio-8081-exec-4] c.w.client.controller.ClientController   : API Request: GET /api/clients/1 from Advisor ID: 1
2026-03-06T16:39:37.290+05:30 DEBUG 15684 --- [client-service] [http-nio-8081-exec-4] org.hibernate.SQL                        : select c1_0.client_id,c1_0.address,c1_0.advisor_id,c1_0.created_date,c1_0.date_of_birth,c1_0.email_address,c1_0.employer,c1_0.full_name,c1_0.investment_amount,c1_0.investment_goal,c1_0.investment_horizon,c1_0.kyc_document_ref,c1_0.kyc_status,c1_0.liquidity_needs,c1_0.occupation,c1_0.phone_number,c1_0.risk_profile from client c1_0 where c1_0.client_id=? and c1_0.advisor_id=?
2026-03-06T16:39:47.224+05:30  INFO 15684 --- [client-service] [http-nio-8081-exec-5] c.w.client.controller.ClientController   : API Request: GET /api/clients/2 from Advisor ID: 1
2026-03-06T16:39:47.227+05:30 DEBUG 15684 --- [client-service] [http-nio-8081-exec-5] org.hibernate.SQL                        : select c1_0.client_id,c1_0.address,c1_0.advisor_id,c1_0.created_date,c1_0.date_of_birth,c1_0.email_address,c1_0.employer,c1_0.full_name,c1_0.investment_amount,c1_0.investment_goal,c1_0.investment_horizon,c1_0.kyc_document_ref,c1_0.kyc_status,c1_0.liquidity_needs,c1_0.occupation,c1_0.phone_number,c1_0.risk_profile from client c1_0 where c1_0.client_id=? and c1_0.advisor_id=?
2026-03-06T16:40:11.086+05:30  INFO 15684 --- [client-service] [http-nio-8081-exec-6] c.w.client.controller.ClientController   : API Request: GET /api/clients/5 from Advisor ID: 1
2026-03-06T16:40:11.092+05:30 DEBUG 15684 --- [client-service] [http-nio-8081-exec-6] org.hibernate.SQL                        : select c1_0.client_id,c1_0.address,c1_0.advisor_id,c1_0.created_date,c1_0.date_of_birth,c1_0.email_address,c1_0.employer,c1_0.full_name,c1_0.investment_amount,c1_0.investment_goal,c1_0.investment_horizon,c1_0.kyc_document_ref,c1_0.kyc_status,c1_0.liquidity_needs,c1_0.occupation,c1_0.phone_number,c1_0.risk_profile from client c1_0 where c1_0.client_id=? and c1_0.advisor_id=?
2026-03-06T16:40:27.570+05:30  INFO 15684 --- [client-service] [http-nio-8081-exec-8] c.w.client.controller.ClientController   : API Request: GET /api/clients/5 from Advisor ID: 1
2026-03-06T16:40:27.572+05:30 DEBUG 15684 --- [client-service] [http-nio-8081-exec-8] org.hibernate.SQL                        : select c1_0.client_id,c1_0.address,c1_0.advisor_id,c1_0.created_date,c1_0.date_of_birth,c1_0.email_address,c1_0.employer,c1_0.full_name,c1_0.investment_amount,c1_0.investment_goal,c1_0.investment_horizon,c1_0.kyc_document_ref,c1_0.kyc_status,c1_0.liquidity_needs,c1_0.occupation,c1_0.phone_number,c1_0.risk_profile from client c1_0 where c1_0.client_id=? and c1_0.advisor_id=?
2026-03-06T16:40:34.489+05:30  INFO 15684 --- [client-service] [http-nio-8081-exec-9] c.w.client.controller.ClientController   : API Request: GET /api/clients/5 from Advisor ID: 1
2026-03-06T16:40:34.492+05:30 DEBUG 15684 --- [client-service] [http-nio-8081-exec-9] org.hibernate.SQL                        : select c1_0.client_id,c1_0.address,c1_0.advisor_id,c1_0.created_date,c1_0.date_of_birth,c1_0.email_address,c1_0.employer,c1_0.full_name,c1_0.investment_amount,c1_0.investment_goal,c1_0.investment_horizon,c1_0.kyc_document_ref,c1_0.kyc_status,c1_0.liquidity_needs,c1_0.occupation,c1_0.phone_number,c1_0.risk_profile from client c1_0 where c1_0.client_id=? and c1_0.advisor_id=?
2026-03-06T16:40:40.134+05:30  INFO 15684 --- [client-service] [http-nio-8081-exec-10] c.w.client.controller.ClientController   : API Request: GET /api/clients/5 from Advisor ID: 1
2026-03-06T16:40:40.135+05:30 DEBUG 15684 --- [client-service] [http-nio-8081-exec-10] org.hibernate.SQL                        : select c1_0.client_id,c1_0.address,c1_0.advisor_id,c1_0.created_date,c1_0.date_of_birth,c1_0.email_address,c1_0.employer,c1_0.full_name,c1_0.investment_amount,c1_0.investment_goal,c1_0.investment_horizon,c1_0.kyc_document_ref,c1_0.kyc_status,c1_0.liquidity_needs,c1_0.occupation,c1_0.phone_number,c1_0.risk_profile from client c1_0 where c1_0.client_id=? and c1_0.advisor_id=?
2026-03-06T16:41:03.537+05:30  INFO 15684 --- [client-service] [AsyncResolver-bootstrap-executor-%d] c.n.d.s.r.aws.ConfigClusterResolver      : Resolving eureka endpoints via configuration
2026-03-06T16:41:11.153+05:30  INFO 15684 --- [client-service] [http-nio-8081-exec-2] c.w.client.controller.ClientController   : API Request: GET /api/clients/5 from Advisor ID: 1
2026-03-06T16:41:11.171+05:30 DEBUG 15684 --- [client-service] [http-nio-8081-exec-2] org.hibernate.SQL                        : select c1_0.client_id,c1_0.address,c1_0.advisor_id,c1_0.created_date,c1_0.date_of_birth,c1_0.email_address,c1_0.employer,c1_0.full_name,c1_0.investment_amount,c1_0.investment_goal,c1_0.investment_horizon,c1_0.kyc_document_ref,c1_0.kyc_status,c1_0.liquidity_needs,c1_0.occupation,c1_0.phone_number,c1_0.risk_profile from client c1_0 where c1_0.client_id=? and c1_0.advisor_id=?
2026-03-06T16:46:03.543+05:30  INFO 15684 --- [client-service] [AsyncResolver-bootstrap-executor-%d] c.n.d.s.r.aws.ConfigClusterResolver      : Resolving eureka endpoints via configuration
2026-03-06T16:51:03.556+05:30  INFO 15684 --- [client-service] [AsyncResolver-bootstrap-executor-%d] c.n.d.s.r.aws.ConfigClusterResolver      : Resolving eureka endpoints via configuration
2026-03-06T16:52:51.720+05:30  INFO 15684 --- [client-service] [http-nio-8081-exec-4] c.w.client.controller.ClientController   : API Request: GET /api/clients from Advisor ID: 1
2026-03-06T16:52:51.735+05:30 DEBUG 15684 --- [client-service] [http-nio-8081-exec-4] org.hibernate.SQL                        : select c1_0.client_id,c1_0.address,c1_0.advisor_id,c1_0.created_date,c1_0.date_of_birth,c1_0.email_address,c1_0.employer,c1_0.full_name,c1_0.investment_amount,c1_0.investment_goal,c1_0.investment_horizon,c1_0.kyc_document_ref,c1_0.kyc_status,c1_0.liquidity_needs,c1_0.occupation,c1_0.phone_number,c1_0.risk_profile from client c1_0 where c1_0.advisor_id=?
2026-03-06T16:52:52.372+05:30  INFO 15684 --- [client-service] [http-nio-8081-exec-5] c.w.client.controller.ClientController   : API Request: GET /api/clients/1 from Advisor ID: 1
2026-03-06T16:52:52.374+05:30 DEBUG 15684 --- [client-service] [http-nio-8081-exec-5] org.hibernate.SQL                        : select c1_0.client_id,c1_0.address,c1_0.advisor_id,c1_0.created_date,c1_0.date_of_birth,c1_0.email_address,c1_0.employer,c1_0.full_name,c1_0.investment_amount,c1_0.investment_goal,c1_0.investment_horizon,c1_0.kyc_document_ref,c1_0.kyc_status,c1_0.liquidity_needs,c1_0.occupation,c1_0.phone_number,c1_0.risk_profile from client c1_0 where c1_0.client_id=? and c1_0.advisor_id=?
2026-03-06T16:52:54.588+05:30  INFO 15684 --- [client-service] [http-nio-8081-exec-6] c.w.client.controller.ClientController   : API Request: GET /api/clients/1 from Advisor ID: 1
2026-03-06T16:52:54.589+05:30 DEBUG 15684 --- [client-service] [http-nio-8081-exec-6] org.hibernate.SQL                        : select c1_0.client_id,c1_0.address,c1_0.advisor_id,c1_0.created_date,c1_0.date_of_birth,c1_0.email_address,c1_0.employer,c1_0.full_name,c1_0.investment_amount,c1_0.investment_goal,c1_0.investment_horizon,c1_0.kyc_document_ref,c1_0.kyc_status,c1_0.liquidity_needs,c1_0.occupation,c1_0.phone_number,c1_0.risk_profile from client c1_0 where c1_0.client_id=? and c1_0.advisor_id=?
2026-03-06T16:53:02.508+05:30  INFO 15684 --- [client-service] [http-nio-8081-exec-8] c.w.client.controller.ClientController   : API Request: GET /api/clients/1 from Advisor ID: 1
2026-03-06T16:53:02.510+05:30 DEBUG 15684 --- [client-service] [http-nio-8081-exec-8] org.hibernate.SQL                        : select c1_0.client_id,c1_0.address,c1_0.advisor_id,c1_0.created_date,c1_0.date_of_birth,c1_0.email_address,c1_0.employer,c1_0.full_name,c1_0.investment_amount,c1_0.investment_goal,c1_0.investment_horizon,c1_0.kyc_document_ref,c1_0.kyc_status,c1_0.liquidity_needs,c1_0.occupation,c1_0.phone_number,c1_0.risk_profile from client c1_0 where c1_0.client_id=? and c1_0.advisor_id=?
2026-03-06T16:53:12.096+05:30  INFO 15684 --- [client-service] [http-nio-8081-exec-9] c.w.client.controller.ClientController   : API Request: GET /api/clients/5 from Advisor ID: 1
2026-03-06T16:53:12.098+05:30 DEBUG 15684 --- [client-service] [http-nio-8081-exec-9] org.hibernate.SQL                        : select c1_0.client_id,c1_0.address,c1_0.advisor_id,c1_0.created_date,c1_0.date_of_birth,c1_0.email_address,c1_0.employer,c1_0.full_name,c1_0.investment_amount,c1_0.investment_goal,c1_0.investment_horizon,c1_0.kyc_document_ref,c1_0.kyc_status,c1_0.liquidity_needs,c1_0.occupation,c1_0.phone_number,c1_0.risk_profile from client c1_0 where c1_0.client_id=? and c1_0.advisor_id=?
2026-03-06T16:53:12.209+05:30  INFO 15684 --- [client-service] [http-nio-8081-exec-7] c.w.client.controller.ClientController   : API Request: GET /api/clients/5 from Advisor ID: 1
2026-03-06T16:53:12.232+05:30 DEBUG 15684 --- [client-service] [http-nio-8081-exec-7] org.hibernate.SQL                        : select c1_0.client_id,c1_0.address,c1_0.advisor_id,c1_0.created_date,c1_0.date_of_birth,c1_0.email_address,c1_0.employer,c1_0.full_name,c1_0.investment_amount,c1_0.investment_goal,c1_0.investment_horizon,c1_0.kyc_document_ref,c1_0.kyc_status,c1_0.liquidity_needs,c1_0.occupation,c1_0.phone_number,c1_0.risk_profile from client c1_0 where c1_0.client_id=? and c1_0.advisor_id=?
2026-03-06T16:53:28.087+05:30  INFO 15684 --- [client-service] [http-nio-8081-exec-10] c.w.client.controller.ClientController   : API Request: GET /api/clients from Advisor ID: 2
2026-03-06T16:53:28.090+05:30 DEBUG 15684 --- [client-service] [http-nio-8081-exec-10] org.hibernate.SQL                        : select c1_0.client_id,c1_0.address,c1_0.advisor_id,c1_0.created_date,c1_0.date_of_birth,c1_0.email_address,c1_0.employer,c1_0.full_name,c1_0.investment_amount,c1_0.investment_goal,c1_0.investment_horizon,c1_0.kyc_document_ref,c1_0.kyc_status,c1_0.liquidity_needs,c1_0.occupation,c1_0.phone_number,c1_0.risk_profile from client c1_0 where c1_0.advisor_id=?
2026-03-06T16:53:28.206+05:30  INFO 15684 --- [client-service] [http-nio-8081-exec-2] c.w.client.controller.ClientController   : API Request: GET /api/clients/3 from Advisor ID: 2
2026-03-06T16:53:28.211+05:30 DEBUG 15684 --- [client-service] [http-nio-8081-exec-2] org.hibernate.SQL                        : select c1_0.client_id,c1_0.address,c1_0.advisor_id,c1_0.created_date,c1_0.date_of_birth,c1_0.email_address,c1_0.employer,c1_0.full_name,c1_0.investment_amount,c1_0.investment_goal,c1_0.investment_horizon,c1_0.kyc_document_ref,c1_0.kyc_status,c1_0.liquidity_needs,c1_0.occupation,c1_0.phone_number,c1_0.risk_profile from client c1_0 where c1_0.client_id=? and c1_0.advisor_id=?
2026-03-06T16:53:38.142+05:30  INFO 15684 --- [client-service] [http-nio-8081-exec-3] c.w.client.controller.ClientController   : API Request: GET /api/clients/3 from Advisor ID: 2
2026-03-06T16:53:38.144+05:30 DEBUG 15684 --- [client-service] [http-nio-8081-exec-3] org.hibernate.SQL                        : select c1_0.client_id,c1_0.address,c1_0.advisor_id,c1_0.created_date,c1_0.date_of_birth,c1_0.email_address,c1_0.employer,c1_0.full_name,c1_0.investment_amount,c1_0.investment_goal,c1_0.investment_horizon,c1_0.kyc_document_ref,c1_0.kyc_status,c1_0.liquidity_needs,c1_0.occupation,c1_0.phone_number,c1_0.risk_profile from client c1_0 where c1_0.client_id=? and c1_0.advisor_id=?
2026-03-06T16:55:12.536+05:30  INFO 15684 --- [client-service] [http-nio-8081-exec-5] c.w.client.controller.ClientController   : API Request: GET /api/clients/3 from Advisor ID: 2
2026-03-06T16:55:12.538+05:30 DEBUG 15684 --- [client-service] [http-nio-8081-exec-5] org.hibernate.SQL                        : select c1_0.client_id,c1_0.address,c1_0.advisor_id,c1_0.created_date,c1_0.date_of_birth,c1_0.email_address,c1_0.employer,c1_0.full_name,c1_0.investment_amount,c1_0.investment_goal,c1_0.investment_horizon,c1_0.kyc_document_ref,c1_0.kyc_status,c1_0.liquidity_needs,c1_0.occupation,c1_0.phone_number,c1_0.risk_profile from client c1_0 where c1_0.client_id=? and c1_0.advisor_id=?
2026-03-06T16:56:03.558+05:30  INFO 15684 --- [client-service] [AsyncResolver-bootstrap-executor-%d] c.n.d.s.r.aws.ConfigClusterResolver      : Resolving eureka endpoints via configuration
2026-03-06T16:57:14.430+05:30  INFO 15684 --- [client-service] [http-nio-8081-exec-8] c.w.client.controller.ClientController   : API Request: GET /api/clients/3 from Advisor ID: 2
2026-03-06T16:57:14.434+05:30 DEBUG 15684 --- [client-service] [http-nio-8081-exec-8] org.hibernate.SQL                        : select c1_0.client_id,c1_0.address,c1_0.advisor_id,c1_0.created_date,c1_0.date_of_birth,c1_0.email_address,c1_0.employer,c1_0.full_name,c1_0.investment_amount,c1_0.investment_goal,c1_0.investment_horizon,c1_0.kyc_document_ref,c1_0.kyc_status,c1_0.liquidity_needs,c1_0.occupation,c1_0.phone_number,c1_0.risk_profile from client c1_0 where c1_0.client_id=? and c1_0.advisor_id=?
2026-03-06T16:57:37.268+05:30  INFO 15684 --- [client-service] [http-nio-8081-exec-9] c.w.client.controller.ClientController   : API Request: GET /api/clients/3 from Advisor ID: 2
2026-03-06T16:57:37.268+05:30 DEBUG 15684 --- [client-service] [http-nio-8081-exec-9] org.hibernate.SQL                        : select c1_0.client_id,c1_0.address,c1_0.advisor_id,c1_0.created_date,c1_0.date_of_birth,c1_0.email_address,c1_0.employer,c1_0.full_name,c1_0.investment_amount,c1_0.investment_goal,c1_0.investment_horizon,c1_0.kyc_document_ref,c1_0.kyc_status,c1_0.liquidity_needs,c1_0.occupation,c1_0.phone_number,c1_0.risk_profile from client c1_0 where c1_0.client_id=? and c1_0.advisor_id=?
2026-03-06T16:57:58.932+05:30  INFO 15684 --- [client-service] [http-nio-8081-exec-7] c.w.client.controller.ClientController   : API Request: GET /api/clients/4 from Advisor ID: 2
2026-03-06T16:57:58.934+05:30 DEBUG 15684 --- [client-service] [http-nio-8081-exec-7] org.hibernate.SQL                        : select c1_0.client_id,c1_0.address,c1_0.advisor_id,c1_0.created_date,c1_0.date_of_birth,c1_0.email_address,c1_0.employer,c1_0.full_name,c1_0.investment_amount,c1_0.investment_goal,c1_0.investment_horizon,c1_0.kyc_document_ref,c1_0.kyc_status,c1_0.liquidity_needs,c1_0.occupation,c1_0.phone_number,c1_0.risk_profile from client c1_0 where c1_0.client_id=? and c1_0.advisor_id=?
2026-03-06T16:57:59.046+05:30  INFO 15684 --- [client-service] [http-nio-8081-exec-10] c.w.client.controller.ClientController   : API Request: GET /api/clients/4 from Advisor ID: 2
2026-03-06T16:57:59.046+05:30 DEBUG 15684 --- [client-service] [http-nio-8081-exec-10] org.hibernate.SQL                        : select c1_0.client_id,c1_0.address,c1_0.advisor_id,c1_0.created_date,c1_0.date_of_birth,c1_0.email_address,c1_0.employer,c1_0.full_name,c1_0.investment_amount,c1_0.investment_goal,c1_0.investment_horizon,c1_0.kyc_document_ref,c1_0.kyc_status,c1_0.liquidity_needs,c1_0.occupation,c1_0.phone_number,c1_0.risk_profile from client c1_0 where c1_0.client_id=? and c1_0.advisor_id=?
2026-03-06T16:57:59.153+05:30  INFO 15684 --- [client-service] [http-nio-8081-exec-2] c.w.client.controller.ClientController   : API Request: GET /api/clients/4 from Advisor ID: 2
2026-03-06T16:57:59.153+05:30 DEBUG 15684 --- [client-service] [http-nio-8081-exec-2] org.hibernate.SQL                        : select c1_0.client_id,c1_0.address,c1_0.advisor_id,c1_0.created_date,c1_0.date_of_birth,c1_0.email_address,c1_0.employer,c1_0.full_name,c1_0.investment_amount,c1_0.investment_goal,c1_0.investment_horizon,c1_0.kyc_document_ref,c1_0.kyc_status,c1_0.liquidity_needs,c1_0.occupation,c1_0.phone_number,c1_0.risk_profile from client c1_0 where c1_0.client_id=? and c1_0.advisor_id=?
2026-03-06T16:57:59.248+05:30  INFO 15684 --- [client-service] [http-nio-8081-exec-3] c.w.client.controller.ClientController   : API Request: GET /api/clients/4 from Advisor ID: 2
2026-03-06T16:57:59.250+05:30 DEBUG 15684 --- [client-service] [http-nio-8081-exec-3] org.hibernate.SQL                        : select c1_0.client_id,c1_0.address,c1_0.advisor_id,c1_0.created_date,c1_0.date_of_birth,c1_0.email_address,c1_0.employer,c1_0.full_name,c1_0.investment_amount,c1_0.investment_goal,c1_0.investment_horizon,c1_0.kyc_document_ref,c1_0.kyc_status,c1_0.liquidity_needs,c1_0.occupation,c1_0.phone_number,c1_0.risk_profile from client c1_0 where c1_0.client_id=? and c1_0.advisor_id=?
2026-03-06T16:58:19.720+05:30  INFO 15684 --- [client-service] [http-nio-8081-exec-4] c.w.client.controller.ClientController   : API Request: GET /api/clients/4 from Advisor ID: 2
2026-03-06T16:58:19.731+05:30 DEBUG 15684 --- [client-service] [http-nio-8081-exec-4] org.hibernate.SQL                        : select c1_0.client_id,c1_0.address,c1_0.advisor_id,c1_0.created_date,c1_0.date_of_birth,c1_0.email_address,c1_0.employer,c1_0.full_name,c1_0.investment_amount,c1_0.investment_goal,c1_0.investment_horizon,c1_0.kyc_document_ref,c1_0.kyc_status,c1_0.liquidity_needs,c1_0.occupation,c1_0.phone_number,c1_0.risk_profile from client c1_0 where c1_0.client_id=? and c1_0.advisor_id=?
2026-03-06T16:58:55.023+05:30  INFO 15684 --- [client-service] [http-nio-8081-exec-1] c.w.client.controller.ClientController   : API Request: GET /api/clients/4 from Advisor ID: 2
2026-03-06T16:58:55.023+05:30 DEBUG 15684 --- [client-service] [http-nio-8081-exec-1] org.hibernate.SQL                        : select c1_0.client_id,c1_0.address,c1_0.advisor_id,c1_0.created_date,c1_0.date_of_birth,c1_0.email_address,c1_0.employer,c1_0.full_name,c1_0.investment_amount,c1_0.investment_goal,c1_0.investment_horizon,c1_0.kyc_document_ref,c1_0.kyc_status,c1_0.liquidity_needs,c1_0.occupation,c1_0.phone_number,c1_0.risk_profile from client c1_0 where c1_0.client_id=? and c1_0.advisor_id=?
2026-03-06T16:59:11.673+05:30  INFO 15684 --- [client-service] [http-nio-8081-exec-5] c.w.client.controller.ClientController   : API Request: GET /api/clients/4 from Advisor ID: 2
2026-03-06T16:59:11.682+05:30 DEBUG 15684 --- [client-service] [http-nio-8081-exec-5] org.hibernate.SQL                        : select c1_0.client_id,c1_0.address,c1_0.advisor_id,c1_0.created_date,c1_0.date_of_birth,c1_0.email_address,c1_0.employer,c1_0.full_name,c1_0.investment_amount,c1_0.investment_goal,c1_0.investment_horizon,c1_0.kyc_document_ref,c1_0.kyc_status,c1_0.liquidity_needs,c1_0.occupation,c1_0.phone_number,c1_0.risk_profile from client c1_0 where c1_0.client_id=? and c1_0.advisor_id=?
2026-03-06T16:59:18.530+05:30  INFO 15684 --- [client-service] [http-nio-8081-exec-6] c.w.client.controller.ClientController   : API Request: GET /api/clients/4 from Advisor ID: 2
2026-03-06T16:59:18.533+05:30 DEBUG 15684 --- [client-service] [http-nio-8081-exec-6] org.hibernate.SQL                        : select c1_0.client_id,c1_0.address,c1_0.advisor_id,c1_0.created_date,c1_0.date_of_birth,c1_0.email_address,c1_0.employer,c1_0.full_name,c1_0.investment_amount,c1_0.investment_goal,c1_0.investment_horizon,c1_0.kyc_document_ref,c1_0.kyc_status,c1_0.liquidity_needs,c1_0.occupation,c1_0.phone_number,c1_0.risk_profile from client c1_0 where c1_0.client_id=? and c1_0.advisor_id=?
2026-03-06T16:59:24.403+05:30  INFO 15684 --- [client-service] [http-nio-8081-exec-8] c.w.client.controller.ClientController   : API Request: GET /api/clients/4 from Advisor ID: 2
2026-03-06T16:59:24.406+05:30 DEBUG 15684 --- [client-service] [http-nio-8081-exec-8] org.hibernate.SQL                        : select c1_0.client_id,c1_0.address,c1_0.advisor_id,c1_0.created_date,c1_0.date_of_birth,c1_0.email_address,c1_0.employer,c1_0.full_name,c1_0.investment_amount,c1_0.investment_goal,c1_0.investment_horizon,c1_0.kyc_document_ref,c1_0.kyc_status,c1_0.liquidity_needs,c1_0.occupation,c1_0.phone_number,c1_0.risk_profile from client c1_0 where c1_0.client_id=? and c1_0.advisor_id=?
2026-03-06T17:01:03.571+05:30  INFO 15684 --- [client-service] [AsyncResolver-bootstrap-executor-%d] c.n.d.s.r.aws.ConfigClusterResolver      : Resolving eureka endpoints via configuration
2026-03-06T17:02:09.298+05:30  INFO 15684 --- [client-service] [http-nio-8081-exec-10] c.w.client.controller.ClientController   : API Request: GET /api/clients/4 from Advisor ID: 2
2026-03-06T17:02:09.298+05:30 DEBUG 15684 --- [client-service] [http-nio-8081-exec-10] org.hibernate.SQL                        : select c1_0.client_id,c1_0.address,c1_0.advisor_id,c1_0.created_date,c1_0.date_of_birth,c1_0.email_address,c1_0.employer,c1_0.full_name,c1_0.investment_amount,c1_0.investment_goal,c1_0.investment_horizon,c1_0.kyc_document_ref,c1_0.kyc_status,c1_0.liquidity_needs,c1_0.occupation,c1_0.phone_number,c1_0.risk_profile from client c1_0 where c1_0.client_id=? and c1_0.advisor_id=?
2026-03-06T17:02:51.110+05:30  INFO 15684 --- [client-service] [http-nio-8081-exec-2] c.w.client.controller.ClientController   : API Request: POST /api/clients from Advisor ID: 2
2026-03-06T17:02:51.110+05:30  INFO 15684 --- [client-service] [http-nio-8081-exec-2] c.wealth.client.service.ClientService    : Attempting to onboard client: jack for Advisor ID: 2
2026-03-06T17:02:51.392+05:30 DEBUG 15684 --- [client-service] [http-nio-8081-exec-2] org.hibernate.SQL                        : select c1_0.client_id from client c1_0 where c1_0.email_address=? limit ?
2026-03-06T17:02:51.724+05:30 DEBUG 15684 --- [client-service] [http-nio-8081-exec-2] org.hibernate.SQL                        : insert into client (address,advisor_id,created_date,date_of_birth,email_address,employer,full_name,investment_amount,investment_goal,investment_horizon,kyc_document_ref,kyc_status,liquidity_needs,occupation,phone_number,risk_profile) values (?,?,?,?,?,?,?,?,?,?,?,?,?,?,?,?)
2026-03-06T17:02:51.850+05:30  INFO 15684 --- [client-service] [http-nio-8081-exec-2] c.wealth.client.service.ClientService    : Client onboarded successfully. New Client ID: 9
2026-03-06T17:02:51.904+05:30  INFO 15684 --- [client-service] [http-nio-8081-exec-3] c.w.client.controller.ClientController   : API Request: GET /api/clients/9 from Advisor ID: 2
2026-03-06T17:02:51.904+05:30 DEBUG 15684 --- [client-service] [http-nio-8081-exec-3] org.hibernate.SQL                        : select c1_0.client_id,c1_0.address,c1_0.advisor_id,c1_0.created_date,c1_0.date_of_birth,c1_0.email_address,c1_0.employer,c1_0.full_name,c1_0.investment_amount,c1_0.investment_goal,c1_0.investment_horizon,c1_0.kyc_document_ref,c1_0.kyc_status,c1_0.liquidity_needs,c1_0.occupation,c1_0.phone_number,c1_0.risk_profile from client c1_0 where c1_0.client_id=? and c1_0.advisor_id=?
2026-03-06T17:02:52.214+05:30  INFO 15684 --- [client-service] [http-nio-8081-exec-4] c.w.client.controller.ClientController   : API Request: GET /api/clients/9 from Advisor ID: 2
2026-03-06T17:02:52.214+05:30 DEBUG 15684 --- [client-service] [http-nio-8081-exec-4] org.hibernate.SQL                        : select c1_0.client_id,c1_0.address,c1_0.advisor_id,c1_0.created_date,c1_0.date_of_birth,c1_0.email_address,c1_0.employer,c1_0.full_name,c1_0.investment_amount,c1_0.investment_goal,c1_0.investment_horizon,c1_0.kyc_document_ref,c1_0.kyc_status,c1_0.liquidity_needs,c1_0.occupation,c1_0.phone_number,c1_0.risk_profile from client c1_0 where c1_0.client_id=? and c1_0.advisor_id=?
2026-03-06T17:02:52.258+05:30  INFO 15684 --- [client-service] [http-nio-8081-exec-1] c.w.client.controller.ClientController   : API Request: GET /api/clients/9 from Advisor ID: 2
2026-03-06T17:02:52.258+05:30 DEBUG 15684 --- [client-service] [http-nio-8081-exec-1] org.hibernate.SQL                        : select c1_0.client_id,c1_0.address,c1_0.advisor_id,c1_0.created_date,c1_0.date_of_birth,c1_0.email_address,c1_0.employer,c1_0.full_name,c1_0.investment_amount,c1_0.investment_goal,c1_0.investment_horizon,c1_0.kyc_document_ref,c1_0.kyc_status,c1_0.liquidity_needs,c1_0.occupation,c1_0.phone_number,c1_0.risk_profile from client c1_0 where c1_0.client_id=? and c1_0.advisor_id=?
2026-03-06T17:02:52.298+05:30  INFO 15684 --- [client-service] [http-nio-8081-exec-5] c.w.client.controller.ClientController   : API Request: GET /api/clients/9 from Advisor ID: 2
2026-03-06T17:02:52.311+05:30 DEBUG 15684 --- [client-service] [http-nio-8081-exec-5] org.hibernate.SQL                        : select c1_0.client_id,c1_0.address,c1_0.advisor_id,c1_0.created_date,c1_0.date_of_birth,c1_0.email_address,c1_0.employer,c1_0.full_name,c1_0.investment_amount,c1_0.investment_goal,c1_0.investment_horizon,c1_0.kyc_document_ref,c1_0.kyc_status,c1_0.liquidity_needs,c1_0.occupation,c1_0.phone_number,c1_0.risk_profile from client c1_0 where c1_0.client_id=? and c1_0.advisor_id=?
2026-03-06T17:02:52.351+05:30  INFO 15684 --- [client-service] [http-nio-8081-exec-6] c.w.client.controller.ClientController   : API Request: GET /api/clients/9 from Advisor ID: 2
2026-03-06T17:02:52.353+05:30 DEBUG 15684 --- [client-service] [http-nio-8081-exec-6] org.hibernate.SQL                        : select c1_0.client_id,c1_0.address,c1_0.advisor_id,c1_0.created_date,c1_0.date_of_birth,c1_0.email_address,c1_0.employer,c1_0.full_name,c1_0.investment_amount,c1_0.investment_goal,c1_0.investment_horizon,c1_0.kyc_document_ref,c1_0.kyc_status,c1_0.liquidity_needs,c1_0.occupation,c1_0.phone_number,c1_0.risk_profile from client c1_0 where c1_0.client_id=? and c1_0.advisor_id=?
2026-03-06T17:02:52.395+05:30  INFO 15684 --- [client-service] [http-nio-8081-exec-8] c.w.client.controller.ClientController   : API Request: GET /api/clients/9 from Advisor ID: 2
2026-03-06T17:02:52.395+05:30 DEBUG 15684 --- [client-service] [http-nio-8081-exec-8] org.hibernate.SQL                        : select c1_0.client_id,c1_0.address,c1_0.advisor_id,c1_0.created_date,c1_0.date_of_birth,c1_0.email_address,c1_0.employer,c1_0.full_name,c1_0.investment_amount,c1_0.investment_goal,c1_0.investment_horizon,c1_0.kyc_document_ref,c1_0.kyc_status,c1_0.liquidity_needs,c1_0.occupation,c1_0.phone_number,c1_0.risk_profile from client c1_0 where c1_0.client_id=? and c1_0.advisor_id=?
2026-03-06T17:02:52.440+05:30  INFO 15684 --- [client-service] [http-nio-8081-exec-9] c.w.client.controller.ClientController   : API Request: GET /api/clients/9 from Advisor ID: 2
2026-03-06T17:02:52.440+05:30 DEBUG 15684 --- [client-service] [http-nio-8081-exec-9] org.hibernate.SQL                        : select c1_0.client_id,c1_0.address,c1_0.advisor_id,c1_0.created_date,c1_0.date_of_birth,c1_0.email_address,c1_0.employer,c1_0.full_name,c1_0.investment_amount,c1_0.investment_goal,c1_0.investment_horizon,c1_0.kyc_document_ref,c1_0.kyc_status,c1_0.liquidity_needs,c1_0.occupation,c1_0.phone_number,c1_0.risk_profile from client c1_0 where c1_0.client_id=? and c1_0.advisor_id=?
2026-03-06T17:02:53.719+05:30  INFO 15684 --- [client-service] [http-nio-8081-exec-7] c.w.client.controller.ClientController   : API Request: GET /api/clients/9 from Advisor ID: 2
2026-03-06T17:02:53.719+05:30 DEBUG 15684 --- [client-service] [http-nio-8081-exec-7] org.hibernate.SQL                        : select c1_0.client_id,c1_0.address,c1_0.advisor_id,c1_0.created_date,c1_0.date_of_birth,c1_0.email_address,c1_0.employer,c1_0.full_name,c1_0.investment_amount,c1_0.investment_goal,c1_0.investment_horizon,c1_0.kyc_document_ref,c1_0.kyc_status,c1_0.liquidity_needs,c1_0.occupation,c1_0.phone_number,c1_0.risk_profile from client c1_0 where c1_0.client_id=? and c1_0.advisor_id=?
2026-03-06T17:02:57.305+05:30  INFO 15684 --- [client-service] [http-nio-8081-exec-10] c.w.client.controller.ClientController   : API Request: GET /api/clients/9 from Advisor ID: 2
2026-03-06T17:02:57.308+05:30 DEBUG 15684 --- [client-service] [http-nio-8081-exec-10] org.hibernate.SQL                        : select c1_0.client_id,c1_0.address,c1_0.advisor_id,c1_0.created_date,c1_0.date_of_birth,c1_0.email_address,c1_0.employer,c1_0.full_name,c1_0.investment_amount,c1_0.investment_goal,c1_0.investment_horizon,c1_0.kyc_document_ref,c1_0.kyc_status,c1_0.liquidity_needs,c1_0.occupation,c1_0.phone_number,c1_0.risk_profile from client c1_0 where c1_0.client_id=? and c1_0.advisor_id=?
2026-03-06T17:02:59.015+05:30  INFO 15684 --- [client-service] [http-nio-8081-exec-2] c.w.client.controller.ClientController   : API Request: GET /api/clients/9 from Advisor ID: 2
2026-03-06T17:02:59.016+05:30 DEBUG 15684 --- [client-service] [http-nio-8081-exec-2] org.hibernate.SQL                        : select c1_0.client_id,c1_0.address,c1_0.advisor_id,c1_0.created_date,c1_0.date_of_birth,c1_0.email_address,c1_0.employer,c1_0.full_name,c1_0.investment_amount,c1_0.investment_goal,c1_0.investment_horizon,c1_0.kyc_document_ref,c1_0.kyc_status,c1_0.liquidity_needs,c1_0.occupation,c1_0.phone_number,c1_0.risk_profile from client c1_0 where c1_0.client_id=? and c1_0.advisor_id=?
2026-03-06T17:03:00.097+05:30  INFO 15684 --- [client-service] [http-nio-8081-exec-3] c.w.client.controller.ClientController   : API Request: GET /api/clients/9 from Advisor ID: 2
2026-03-06T17:03:00.098+05:30 DEBUG 15684 --- [client-service] [http-nio-8081-exec-3] org.hibernate.SQL                        : select c1_0.client_id,c1_0.address,c1_0.advisor_id,c1_0.created_date,c1_0.date_of_birth,c1_0.email_address,c1_0.employer,c1_0.full_name,c1_0.investment_amount,c1_0.investment_goal,c1_0.investment_horizon,c1_0.kyc_document_ref,c1_0.kyc_status,c1_0.liquidity_needs,c1_0.occupation,c1_0.phone_number,c1_0.risk_profile from client c1_0 where c1_0.client_id=? and c1_0.advisor_id=?
2026-03-06T17:03:57.221+05:30  INFO 15684 --- [client-service] [http-nio-8081-exec-6] c.w.client.controller.ClientController   : API Request: GET /api/clients/9 from Advisor ID: 2
2026-03-06T17:03:57.222+05:30 DEBUG 15684 --- [client-service] [http-nio-8081-exec-6] org.hibernate.SQL                        : select c1_0.client_id,c1_0.address,c1_0.advisor_id,c1_0.created_date,c1_0.date_of_birth,c1_0.email_address,c1_0.employer,c1_0.full_name,c1_0.investment_amount,c1_0.investment_goal,c1_0.investment_horizon,c1_0.kyc_document_ref,c1_0.kyc_status,c1_0.liquidity_needs,c1_0.occupation,c1_0.phone_number,c1_0.risk_profile from client c1_0 where c1_0.client_id=? and c1_0.advisor_id=?
2026-03-06T17:04:04.274+05:30  INFO 15684 --- [client-service] [http-nio-8081-exec-8] c.w.client.controller.ClientController   : API Request: GET /api/clients/9 from Advisor ID: 2
2026-03-06T17:04:04.276+05:30 DEBUG 15684 --- [client-service] [http-nio-8081-exec-8] org.hibernate.SQL                        : select c1_0.client_id,c1_0.address,c1_0.advisor_id,c1_0.created_date,c1_0.date_of_birth,c1_0.email_address,c1_0.employer,c1_0.full_name,c1_0.investment_amount,c1_0.investment_goal,c1_0.investment_horizon,c1_0.kyc_document_ref,c1_0.kyc_status,c1_0.liquidity_needs,c1_0.occupation,c1_0.phone_number,c1_0.risk_profile from client c1_0 where c1_0.client_id=? and c1_0.advisor_id=?
2026-03-06T17:06:02.301+05:30  INFO 15684 --- [client-service] [http-nio-8081-exec-10] c.w.client.controller.ClientController   : API Request: GET /api/clients/9 from Advisor ID: 2
2026-03-06T17:06:02.302+05:30 DEBUG 15684 --- [client-service] [http-nio-8081-exec-10] org.hibernate.SQL                        : select c1_0.client_id,c1_0.address,c1_0.advisor_id,c1_0.created_date,c1_0.date_of_birth,c1_0.email_address,c1_0.employer,c1_0.full_name,c1_0.investment_amount,c1_0.investment_goal,c1_0.investment_horizon,c1_0.kyc_document_ref,c1_0.kyc_status,c1_0.liquidity_needs,c1_0.occupation,c1_0.phone_number,c1_0.risk_profile from client c1_0 where c1_0.client_id=? and c1_0.advisor_id=?
2026-03-06T17:06:03.578+05:30  INFO 15684 --- [client-service] [AsyncResolver-bootstrap-executor-%d] c.n.d.s.r.aws.ConfigClusterResolver      : Resolving eureka endpoints via configuration
2026-03-06T17:06:32.105+05:30  INFO 15684 --- [client-service] [SpringApplicationShutdownHook] o.s.c.n.e.s.EurekaServiceRegistry        : Unregistering application CLIENT-SERVICE with eureka with status DOWN
2026-03-06T17:06:32.107+05:30  INFO 15684 --- [client-service] [SpringApplicationShutdownHook] com.netflix.discovery.DiscoveryClient    : Saw local status change event StatusChangeEvent [timestamp=1772796992107, current=DOWN, previous=UP]
2026-03-06T17:06:32.108+05:30  INFO 15684 --- [client-service] [DiscoveryClient-InstanceInfoReplicator-%d] com.netflix.discovery.DiscoveryClient    : DiscoveryClient_CLIENT-SERVICE/LTIN656932.cts.com:client-service:8081: registering service...
2026-03-06T17:06:32.128+05:30  INFO 15684 --- [client-service] [SpringApplicationShutdownHook] o.s.boot.tomcat.GracefulShutdown         : Commencing graceful shutdown. Waiting for active requests to complete
2026-03-06T17:06:32.147+05:30  INFO 15684 --- [client-service] [tomcat-shutdown] o.s.boot.tomcat.GracefulShutdown         : Graceful shutdown complete
2026-03-06T17:06:32.148+05:30  INFO 15684 --- [client-service] [DiscoveryClient-InstanceInfoReplicator-%d] com.netflix.discovery.DiscoveryClient    : DiscoveryClient_CLIENT-SERVICE/LTIN656932.cts.com:client-service:8081 - registration status: 204
2026-03-06T17:06:32.169+05:30  INFO 15684 --- [client-service] [SpringApplicationShutdownHook] j.LocalContainerEntityManagerFactoryBean : Closing JPA EntityManagerFactory for persistence unit 'default'
2026-03-06T17:06:32.190+05:30  INFO 15684 --- [client-service] [SpringApplicationShutdownHook] com.zaxxer.hikari.HikariDataSource       : HikariPool-1 - Shutdown initiated...
2026-03-06T17:06:32.199+05:30  INFO 15684 --- [client-service] [SpringApplicationShutdownHook] com.zaxxer.hikari.HikariDataSource       : HikariPool-1 - Shutdown completed.
2026-03-06T17:06:32.202+05:30  INFO 15684 --- [client-service] [SpringApplicationShutdownHook] com.netflix.discovery.DiscoveryClient    : Shutting down DiscoveryClient ...
2026-03-06T17:06:35.205+05:30  INFO 15684 --- [client-service] [SpringApplicationShutdownHook] com.netflix.discovery.DiscoveryClient    : Unregistering ...
2026-03-06T17:06:35.237+05:30  INFO 15684 --- [client-service] [SpringApplicationShutdownHook] com.netflix.discovery.DiscoveryClient    : DiscoveryClient_CLIENT-SERVICE/LTIN656932.cts.com:client-service:8081 - deregister  status: 200
2026-03-06T17:06:35.237+05:30  INFO 15684 --- [client-service] [SpringApplicationShutdownHook] com.netflix.discovery.DiscoveryClient    : Completed shut down of DiscoveryClient
2026-03-06T17:06:53.036+05:30  INFO 8156 --- [client-service] [main] c.w.client.ClientServiceApplication      : Starting ClientServiceApplication using Java 25 with PID 8156 (C:\Users\2463660\OneDrive - Cognizant\Desktop\Wealth-Wise-Management-Portfoilio-Advisory-System\Backend\client-service\client-service\target\classes started by 2463660 in C:\Users\2463660\OneDrive - Cognizant\Desktop\Wealth-Wise-Management-Portfoilio-Advisory-System\Backend\client-service\client-service)
2026-03-06T17:06:53.043+05:30  INFO 8156 --- [client-service] [main] c.w.client.ClientServiceApplication      : No active profile set, falling back to 1 default profile: "default"
2026-03-06T17:06:55.704+05:30  INFO 8156 --- [client-service] [main] .s.d.r.c.RepositoryConfigurationDelegate : Bootstrapping Spring Data JPA repositories in DEFAULT mode.
2026-03-06T17:06:56.201+05:30  INFO 8156 --- [client-service] [main] .s.d.r.c.RepositoryConfigurationDelegate : Finished Spring Data repository scanning in 456 ms. Found 1 JPA repository interface.
2026-03-06T17:06:56.816+05:30  INFO 8156 --- [client-service] [main] o.s.cloud.context.scope.GenericScope     : BeanFactory id=ec5c0d43-0339-3e3a-a9ea-0dfc89d70fb0
2026-03-06T17:06:58.123+05:30  INFO 8156 --- [client-service] [main] o.s.boot.tomcat.TomcatWebServer          : Tomcat initialized with port 8081 (http)
2026-03-06T17:06:58.165+05:30  INFO 8156 --- [client-service] [main] o.apache.catalina.core.StandardService   : Starting service [Tomcat]
2026-03-06T17:06:58.166+05:30  INFO 8156 --- [client-service] [main] o.apache.catalina.core.StandardEngine    : Starting Servlet engine: [Apache Tomcat/11.0.15]
2026-03-06T17:06:58.452+05:30  INFO 8156 --- [client-service] [main] b.w.c.s.WebApplicationContextInitializer : Root WebApplicationContext: initialization completed in 5279 ms
2026-03-06T17:06:59.013+05:30  INFO 8156 --- [client-service] [main] org.hibernate.orm.jpa                    : HHH008540: Processing PersistenceUnitInfo [name: default]
2026-03-06T17:06:59.186+05:30  INFO 8156 --- [client-service] [main] org.hibernate.orm.core                   : HHH000001: Hibernate ORM core version 7.2.1.Final
2026-03-06T17:07:00.772+05:30  INFO 8156 --- [client-service] [main] o.s.o.j.p.SpringPersistenceUnitInfo      : No LoadTimeWeaver setup: ignoring JPA class transformer
2026-03-06T17:07:00.877+05:30  INFO 8156 --- [client-service] [main] com.zaxxer.hikari.HikariDataSource       : HikariPool-1 - Starting...
2026-03-06T17:07:01.925+05:30  INFO 8156 --- [client-service] [main] com.zaxxer.hikari.pool.HikariPool        : HikariPool-1 - Added connection com.mysql.cj.jdbc.ConnectionImpl@7fc56d61
2026-03-06T17:07:01.931+05:30  INFO 8156 --- [client-service] [main] com.zaxxer.hikari.HikariDataSource       : HikariPool-1 - Start completed.
2026-03-06T17:07:02.225+05:30  INFO 8156 --- [client-service] [main] org.hibernate.orm.connections.pooling    : HHH10001005: Database info:
	Database JDBC URL [jdbc:mysql://localhost:3306/finance_db]
	Database driver: MySQL Connector/J
	Database dialect: MySQLDialect
	Database version: 8.0.44
	Default catalog/schema: finance_db/undefined
	Autocommit mode: undefined/unknown
	Isolation level: REPEATABLE_READ [default REPEATABLE_READ]
	JDBC fetch size: none
	Pool: DataSourceConnectionProvider
	Minimum pool size: undefined/unknown
	Maximum pool size: undefined/unknown
2026-03-06T17:07:05.551+05:30  INFO 8156 --- [client-service] [main] org.hibernate.orm.core                   : HHH000489: No JTA platform available (set 'hibernate.transaction.jta.platform' to enable JTA platform integration)
2026-03-06T17:07:05.747+05:30  INFO 8156 --- [client-service] [main] j.LocalContainerEntityManagerFactoryBean : Initialized JPA EntityManagerFactory for persistence unit 'default'
2026-03-06T17:07:05.984+05:30  INFO 8156 --- [client-service] [main] o.s.d.j.r.query.QueryEnhancerFactories   : Hibernate is in classpath; If applicable, HQL parser will be used.
2026-03-06T17:07:06.727+05:30  WARN 8156 --- [client-service] [main] JpaBaseConfiguration$JpaWebConfiguration : spring.jpa.open-in-view is enabled by default. Therefore, database queries may be performed during view rendering. Explicitly configure spring.jpa.open-in-view to disable this warning
2026-03-06T17:07:08.192+05:30  INFO 8156 --- [client-service] [main] DiscoveryClientOptionalArgsConfiguration : Eureka HTTP Client uses RestClient.
2026-03-06T17:07:08.284+05:30  WARN 8156 --- [client-service] [main] iguration$LoadBalancerCaffeineWarnLogger : Spring Cloud LoadBalancer is currently working with the default cache. While this cache implementation is useful for development and tests, it's recommended to use Caffeine cache in production.You can switch to using Caffeine cache, by adding it and org.springframework.cache.caffeine.CaffeineCacheManager to the classpath.
2026-03-06T17:07:08.334+05:30  INFO 8156 --- [client-service] [main] o.s.c.n.eureka.InstanceInfoFactory       : Setting initial instance status as: STARTING
2026-03-06T17:07:08.393+05:30  INFO 8156 --- [client-service] [main] com.netflix.discovery.DiscoveryClient    : Initializing Eureka in region us-east-1
2026-03-06T17:07:08.401+05:30  INFO 8156 --- [client-service] [main] c.n.d.s.r.aws.ConfigClusterResolver      : Resolving eureka endpoints via configuration
2026-03-06T17:07:08.423+05:30  INFO 8156 --- [client-service] [main] com.netflix.discovery.DiscoveryClient    : Disable delta property : false
2026-03-06T17:07:08.423+05:30  INFO 8156 --- [client-service] [main] com.netflix.discovery.DiscoveryClient    : Single vip registry refresh property : null
2026-03-06T17:07:08.424+05:30  INFO 8156 --- [client-service] [main] com.netflix.discovery.DiscoveryClient    : Force full registry fetch : false
2026-03-06T17:07:08.424+05:30  INFO 8156 --- [client-service] [main] com.netflix.discovery.DiscoveryClient    : Application is null : false
2026-03-06T17:07:08.424+05:30  INFO 8156 --- [client-service] [main] com.netflix.discovery.DiscoveryClient    : Registered Applications size is zero : true
2026-03-06T17:07:08.425+05:30  INFO 8156 --- [client-service] [main] com.netflix.discovery.DiscoveryClient    : Application version is -1: true
2026-03-06T17:07:08.426+05:30  INFO 8156 --- [client-service] [main] com.netflix.discovery.DiscoveryClient    : Getting all instance registry info from the eureka server
2026-03-06T17:07:09.430+05:30  INFO 8156 --- [client-service] [main] com.netflix.discovery.DiscoveryClient    : The response status is 200
2026-03-06T17:07:09.436+05:30  INFO 8156 --- [client-service] [main] com.netflix.discovery.DiscoveryClient    : Starting heartbeat executor: renew interval is: 30
2026-03-06T17:07:09.440+05:30  INFO 8156 --- [client-service] [main] c.n.discovery.InstanceInfoReplicator     : InstanceInfoReplicator onDemand update allowed rate per min is 4
2026-03-06T17:07:09.448+05:30  INFO 8156 --- [client-service] [main] com.netflix.discovery.DiscoveryClient    : Discovery Client initialized at timestamp 1772797029442 with initial instances count: 5
2026-03-06T17:07:09.457+05:30  INFO 8156 --- [client-service] [main] o.s.c.n.e.s.EurekaServiceRegistry        : Registering application CLIENT-SERVICE with eureka with status UP
2026-03-06T17:07:09.459+05:30  INFO 8156 --- [client-service] [main] com.netflix.discovery.DiscoveryClient    : Saw local status change event StatusChangeEvent [timestamp=1772797029459, current=UP, previous=STARTING]
2026-03-06T17:07:09.503+05:30  INFO 8156 --- [client-service] [DiscoveryClient-InstanceInfoReplicator-%d] com.netflix.discovery.DiscoveryClient    : DiscoveryClient_CLIENT-SERVICE/LTIN656932.cts.com:client-service:8081: registering service...
2026-03-06T17:07:09.916+05:30  INFO 8156 --- [client-service] [DiscoveryClient-InstanceInfoReplicator-%d] com.netflix.discovery.DiscoveryClient    : DiscoveryClient_CLIENT-SERVICE/LTIN656932.cts.com:client-service:8081 - registration status: 204
2026-03-06T17:07:09.946+05:30  INFO 8156 --- [client-service] [main] o.s.boot.tomcat.TomcatWebServer          : Tomcat started on port 8081 (http) with context path '/'
2026-03-06T17:07:09.950+05:30  INFO 8156 --- [client-service] [main] .s.c.n.e.s.EurekaAutoServiceRegistration : Updating port to 8081
2026-03-06T17:07:10.413+05:30  INFO 8156 --- [client-service] [main] c.w.client.ClientServiceApplication      : Started ClientServiceApplication in 18.749 seconds (process running for 20.445)
2026-03-06T17:12:01.579+05:30  INFO 8156 --- [client-service] [http-nio-8081-exec-2] o.a.c.c.C.[Tomcat].[localhost].[/]       : Initializing Spring DispatcherServlet 'dispatcherServlet'
2026-03-06T17:12:01.587+05:30  INFO 8156 --- [client-service] [http-nio-8081-exec-2] o.s.web.servlet.DispatcherServlet        : Initializing Servlet 'dispatcherServlet'
2026-03-06T17:12:01.634+05:30  INFO 8156 --- [client-service] [http-nio-8081-exec-2] o.s.web.servlet.DispatcherServlet        : Completed initialization in 47 ms
2026-03-06T17:12:01.906+05:30  INFO 8156 --- [client-service] [http-nio-8081-exec-2] c.w.client.controller.ClientController   : API Request: GET /api/clients from Advisor ID: 1
2026-03-06T17:12:02.767+05:30 DEBUG 8156 --- [client-service] [http-nio-8081-exec-2] org.hibernate.SQL                        : select c1_0.client_id,c1_0.address,c1_0.advisor_id,c1_0.created_date,c1_0.date_of_birth,c1_0.email_address,c1_0.employer,c1_0.full_name,c1_0.investment_amount,c1_0.investment_goal,c1_0.investment_horizon,c1_0.kyc_document_ref,c1_0.kyc_status,c1_0.liquidity_needs,c1_0.occupation,c1_0.phone_number,c1_0.risk_profile from client c1_0 where c1_0.advisor_id=?
2026-03-06T17:12:03.126+05:30  INFO 8156 --- [client-service] [http-nio-8081-exec-1] c.w.client.controller.ClientController   : API Request: GET /api/clients/1 from Advisor ID: 1
2026-03-06T17:12:03.142+05:30 DEBUG 8156 --- [client-service] [http-nio-8081-exec-1] org.hibernate.SQL                        : select c1_0.client_id,c1_0.address,c1_0.advisor_id,c1_0.created_date,c1_0.date_of_birth,c1_0.email_address,c1_0.employer,c1_0.full_name,c1_0.investment_amount,c1_0.investment_goal,c1_0.investment_horizon,c1_0.kyc_document_ref,c1_0.kyc_status,c1_0.liquidity_needs,c1_0.occupation,c1_0.phone_number,c1_0.risk_profile from client c1_0 where c1_0.client_id=? and c1_0.advisor_id=?
2026-03-06T17:12:08.430+05:30  INFO 8156 --- [client-service] [AsyncResolver-bootstrap-executor-%d] c.n.d.s.r.aws.ConfigClusterResolver      : Resolving eureka endpoints via configuration
2026-03-06T17:12:36.239+05:30  INFO 8156 --- [client-service] [http-nio-8081-exec-5] c.w.client.controller.ClientController   : API Request: GET /api/clients/2 from Advisor ID: 1
2026-03-06T17:12:36.243+05:30 DEBUG 8156 --- [client-service] [http-nio-8081-exec-5] org.hibernate.SQL                        : select c1_0.client_id,c1_0.address,c1_0.advisor_id,c1_0.created_date,c1_0.date_of_birth,c1_0.email_address,c1_0.employer,c1_0.full_name,c1_0.investment_amount,c1_0.investment_goal,c1_0.investment_horizon,c1_0.kyc_document_ref,c1_0.kyc_status,c1_0.liquidity_needs,c1_0.occupation,c1_0.phone_number,c1_0.risk_profile from client c1_0 where c1_0.client_id=? and c1_0.advisor_id=?
2026-03-06T17:12:48.404+05:30  INFO 8156 --- [client-service] [http-nio-8081-exec-6] c.w.client.controller.ClientController   : API Request: GET /api/clients/7 from Advisor ID: 1
2026-03-06T17:12:48.409+05:30 DEBUG 8156 --- [client-service] [http-nio-8081-exec-6] org.hibernate.SQL                        : select c1_0.client_id,c1_0.address,c1_0.advisor_id,c1_0.created_date,c1_0.date_of_birth,c1_0.email_address,c1_0.employer,c1_0.full_name,c1_0.investment_amount,c1_0.investment_goal,c1_0.investment_horizon,c1_0.kyc_document_ref,c1_0.kyc_status,c1_0.liquidity_needs,c1_0.occupation,c1_0.phone_number,c1_0.risk_profile from client c1_0 where c1_0.client_id=? and c1_0.advisor_id=?
2026-03-06T17:13:04.010+05:30  INFO 8156 --- [client-service] [http-nio-8081-exec-8] c.w.client.controller.ClientController   : API Request: GET /api/clients/5 from Advisor ID: 1
2026-03-06T17:13:04.010+05:30 DEBUG 8156 --- [client-service] [http-nio-8081-exec-8] org.hibernate.SQL                        : select c1_0.client_id,c1_0.address,c1_0.advisor_id,c1_0.created_date,c1_0.date_of_birth,c1_0.email_address,c1_0.employer,c1_0.full_name,c1_0.investment_amount,c1_0.investment_goal,c1_0.investment_horizon,c1_0.kyc_document_ref,c1_0.kyc_status,c1_0.liquidity_needs,c1_0.occupation,c1_0.phone_number,c1_0.risk_profile from client c1_0 where c1_0.client_id=? and c1_0.advisor_id=?
2026-03-06T17:13:10.723+05:30  INFO 8156 --- [client-service] [http-nio-8081-exec-3] c.w.client.controller.ClientController   : API Request: GET /api/clients/5 from Advisor ID: 1
2026-03-06T17:13:10.726+05:30 DEBUG 8156 --- [client-service] [http-nio-8081-exec-3] org.hibernate.SQL                        : select c1_0.client_id,c1_0.address,c1_0.advisor_id,c1_0.created_date,c1_0.date_of_birth,c1_0.email_address,c1_0.employer,c1_0.full_name,c1_0.investment_amount,c1_0.investment_goal,c1_0.investment_horizon,c1_0.kyc_document_ref,c1_0.kyc_status,c1_0.liquidity_needs,c1_0.occupation,c1_0.phone_number,c1_0.risk_profile from client c1_0 where c1_0.client_id=? and c1_0.advisor_id=?
2026-03-06T17:13:35.869+05:30  INFO 8156 --- [client-service] [SpringApplicationShutdownHook] o.s.c.n.e.s.EurekaServiceRegistry        : Unregistering application CLIENT-SERVICE with eureka with status DOWN
2026-03-06T17:13:35.870+05:30  INFO 8156 --- [client-service] [SpringApplicationShutdownHook] com.netflix.discovery.DiscoveryClient    : Saw local status change event StatusChangeEvent [timestamp=1772797415870, current=DOWN, previous=UP]
2026-03-06T17:13:35.870+05:30  INFO 8156 --- [client-service] [DiscoveryClient-InstanceInfoReplicator-%d] com.netflix.discovery.DiscoveryClient    : DiscoveryClient_CLIENT-SERVICE/LTIN656932.cts.com:client-service:8081: registering service...
2026-03-06T17:13:35.876+05:30  INFO 8156 --- [client-service] [SpringApplicationShutdownHook] o.s.boot.tomcat.GracefulShutdown         : Commencing graceful shutdown. Waiting for active requests to complete
2026-03-06T17:13:35.878+05:30  INFO 8156 --- [client-service] [DiscoveryClient-InstanceInfoReplicator-%d] com.netflix.discovery.DiscoveryClient    : DiscoveryClient_CLIENT-SERVICE/LTIN656932.cts.com:client-service:8081 - registration status: 204
2026-03-06T17:13:35.889+05:30  INFO 8156 --- [client-service] [tomcat-shutdown] o.s.boot.tomcat.GracefulShutdown         : Graceful shutdown complete
2026-03-06T17:13:35.896+05:30  INFO 8156 --- [client-service] [SpringApplicationShutdownHook] j.LocalContainerEntityManagerFactoryBean : Closing JPA EntityManagerFactory for persistence unit 'default'
2026-03-06T17:13:35.902+05:30  INFO 8156 --- [client-service] [SpringApplicationShutdownHook] com.zaxxer.hikari.HikariDataSource       : HikariPool-1 - Shutdown initiated...
2026-03-06T17:13:35.912+05:30  INFO 8156 --- [client-service] [SpringApplicationShutdownHook] com.zaxxer.hikari.HikariDataSource       : HikariPool-1 - Shutdown completed.
2026-03-06T17:13:35.914+05:30  INFO 8156 --- [client-service] [SpringApplicationShutdownHook] com.netflix.discovery.DiscoveryClient    : Shutting down DiscoveryClient ...
2026-03-06T17:13:38.916+05:30  INFO 8156 --- [client-service] [SpringApplicationShutdownHook] com.netflix.discovery.DiscoveryClient    : Unregistering ...
2026-03-06T17:13:38.922+05:30  INFO 8156 --- [client-service] [SpringApplicationShutdownHook] com.netflix.discovery.DiscoveryClient    : DiscoveryClient_CLIENT-SERVICE/LTIN656932.cts.com:client-service:8081 - deregister  status: 200
2026-03-06T17:13:38.923+05:30  INFO 8156 --- [client-service] [SpringApplicationShutdownHook] com.netflix.discovery.DiscoveryClient    : Completed shut down of DiscoveryClient
